geo,year,groundnuts_shelled_eq_seed_fea
5817,2013,425.0
5204,1961,2.0
5204,1962,2.0
5204,1963,2.0
5204,1964,2.0
5204,1965,2.0
5204,1966,2.0
5204,1967,2.0
5204,1968,2.0
5204,1969,2.0
5204,1970,2.0
5204,1971,2.0
5204,1972,1.0
5204,1973,2.0
5204,1974,2.0
5204,1975,1.0
5204,1976,2.0
5204,1977,2.0
5204,1978,2.0
5204,1979,2.0
5204,1980,3.0
5204,1981,3.0
5203,2013,88.0
5204,1982,3.0
5203,2012,70.0
5203,2010,70.0
5203,1989,66.0
5203,1990,91.0
5203,1991,81.0
5203,1992,75.0
5203,1993,118.0
5203,1994,101.0
5203,1995,77.0
5203,1996,86.0
5203,1997,60.0
5203,1998,61.0
5203,1999,56.0
5203,2000,61.0
5203,2001,54.0
5203,2002,58.0
5203,2003,57.0
5203,2004,65.0
5203,2005,60.0
5203,2006,60.0
5203,2007,60.0
5203,2008,77.0
5203,2009,70.0
5203,2011,102.0
5203,1988,66.0
5204,1983,3.0
5204,1985,3.0
5204,2011,4.0
5204,2012,4.0
5204,2013,4.0
5206,1961,3.0
5206,1962,2.0
5206,1963,2.0
5206,1964,2.0
5206,1965,2.0
5206,1966,2.0
5206,1967,2.0
5206,1968,3.0
5206,1969,3.0
5206,1970,3.0
5206,1971,3.0
5206,1972,3.0
5206,1973,3.0
5206,1974,3.0
5206,1975,3.0
5206,1976,3.0
5206,1977,3.0
5206,1978,3.0
5204,2010,4.0
5204,1984,3.0
5204,2009,3.0
5204,2007,3.0
5204,1986,3.0
5204,1987,3.0
5204,1988,3.0
5204,1989,3.0
5204,1990,3.0
5204,1991,3.0
5204,1992,2.0
5204,1993,3.0
5204,1994,2.0
5204,1995,3.0
5204,1996,3.0
5204,1997,3.0
5204,1998,4.0
5204,1999,4.0
5204,2000,3.0
5204,2001,3.0
5204,2002,3.0
5204,2003,3.0
5204,2004,3.0
5204,2005,3.0
5204,2006,3.0
5204,2008,3.0
5203,1987,64.0
5203,1986,69.0
5203,1985,69.0
5200,1966,87.0
5200,1967,87.0
5200,1968,88.0
5200,1969,90.0
5200,1970,103.0
5200,1971,108.0
5200,1972,104.0
5200,1973,99.0
5200,1974,102.0
5200,1975,100.0
5200,1976,98.0
5200,1977,104.0
5200,1978,102.0
5200,1979,92.0
5200,1980,90.0
5200,1981,79.0
5200,1982,79.0
5200,1983,86.0
5200,1984,89.0
5200,1985,94.0
5200,1986,97.0
5200,1965,88.0
5200,1987,88.0
5200,1964,86.0
5200,1962,72.0
5105,1994,218.0
5105,1995,248.0
5105,1996,229.0
5105,1997,233.0
5105,1998,235.0
5105,1999,247.0
5105,2000,239.0
5105,2001,257.0
5105,2002,268.0
5105,2003,266.0
5105,2004,261.0
5105,2005,248.0
5105,2006,239.0
5105,2007,268.0
5105,2008,282.0
5105,2009,306.0
5105,2010,270.0
5105,2011,271.0
5105,2012,273.0
5105,2013,268.0
5200,1961,73.0
5200,1963,79.0
5200,1988,87.0
5200,1989,88.0
5200,1990,114.0
5203,1964,41.0
5203,1965,43.0
5203,1966,42.0
5203,1967,47.0
5203,1968,49.0
5203,1969,52.0
5203,1970,58.0
5203,1971,62.0
5203,1972,61.0
5203,1973,61.0
5203,1974,63.0
5203,1975,63.0
5203,1976,63.0
5203,1977,62.0
5203,1978,62.0
5203,1979,57.0
5203,1980,61.0
5203,1981,53.0
5203,1982,56.0
5203,1983,63.0
5203,1984,64.0
5203,1963,39.0
5203,1962,38.0
5203,1961,36.0
5200,2013,123.0
5200,1991,101.0
5200,1992,91.0
5200,1993,137.0
5200,1994,121.0
5200,1995,102.0
5200,1996,117.0
5200,1997,96.0
5200,1998,92.0
5200,1999,81.0
5200,2000,88.0
5206,1979,3.0
5200,2001,79.0
5200,2003,79.0
5200,2004,92.0
5200,2005,82.0
5200,2006,84.0
5200,2007,85.0
5200,2008,103.0
5200,2009,94.0
5200,2010,97.0
5200,2011,131.0
5200,2012,106.0
5200,2002,78.0
5206,1980,3.0
5206,1981,3.0
5206,1982,3.0
5300,2003,760.0
5300,2004,763.0
5300,2005,669.0
5300,2006,703.0
5300,2007,716.0
5300,2008,691.0
5300,2009,720.0
5300,2010,698.0
5300,2011,678.0
5300,2012,700.0
5300,2013,700.0
5301,1992,1.0
5301,1993,1.0
5301,1994,1.0
5301,1995,1.0
5301,1996,1.0
5301,1997,1.0
5301,1998,1.0
5301,1999,1.0
5301,2000,1.0
5301,2001,1.0
5300,2002,731.0
5301,2002,1.0
5300,2001,711.0
5300,1999,726.0
5300,1978,564.0
5300,1979,560.0
5300,1980,605.0
5300,1981,596.0
5300,1982,598.0
5300,1983,594.0
5300,1984,651.0
5300,1985,638.0
5300,1986,621.0
5300,1987,698.0
5300,1988,705.0
5300,1989,683.0
5300,1990,700.0
5300,1991,677.0
5300,1992,708.0
5300,1993,713.0
5300,1994,700.0
5300,1995,691.0
5300,1996,670.0
5300,1997,702.0
5300,1998,699.0
5300,2000,724.0
5301,2003,0.0
5301,2004,0.0
5301,2005,0.0
5302,1979,154.0
5302,1980,162.0
5302,1981,158.0
5302,1982,145.0
5302,1983,158.0
5302,1984,215.0
5302,1985,211.0
5302,1986,197.0
5302,1987,195.0
5302,1988,191.0
5302,1989,187.0
5302,1990,185.0
5302,1991,191.0
5302,1992,217.0
5302,1993,242.0
5302,1994,245.0
5302,1995,233.0
5302,1996,239.0
5302,1997,259.0
5302,1998,273.0
5302,1999,310.0
5302,1978,138.0
5302,1977,118.0
5302,1976,113.0
5302,1975,123.0
5301,2006,0.0
5301,2007,0.0
5301,2008,0.0
5301,2009,0.0
5301,2010,1.0
5301,2011,1.0
5301,2012,3.0
5301,2013,5.0
5302,1961,88.0
5302,1962,98.0
5300,1977,560.0
5302,1963,119.0
5302,1965,123.0
5302,1966,133.0
5302,1967,123.0
5302,1968,122.0
5302,1969,123.0
5302,1970,127.0
5302,1971,132.0
5302,1972,120.0
5302,1973,124.0
5302,1974,126.0
5302,1964,123.0
5105,1993,214.0
5300,1976,534.0
5300,1974,556.0
5206,2008,1.0
5206,2009,1.0
5206,2010,1.0
5206,2011,1.0
5206,2012,1.0
5206,2013,1.0
5207,1961,32.0
5207,1962,30.0
5207,1963,36.0
5207,1964,40.0
5207,1965,41.0
5207,1966,41.0
5207,1967,37.0
5207,1968,34.0
5207,1969,33.0
5207,1970,41.0
5207,1971,42.0
5207,1972,39.0
5207,1973,33.0
5207,1974,34.0
5207,1975,32.0
5206,2007,1.0
5207,1976,31.0
5206,2006,2.0
5206,2004,2.0
5206,1983,3.0
5206,1984,3.0
5206,1985,3.0
5206,1986,3.0
5206,1987,3.0
5206,1988,3.0
5206,1989,3.0
5206,1990,2.0
5206,1991,2.0
5206,1992,2.0
5206,1993,2.0
5206,1994,2.0
5206,1995,2.0
5206,1996,2.0
5206,1997,2.0
5206,1998,1.0
5206,1999,2.0
5206,2000,1.0
5206,2001,2.0
5206,2002,2.0
5206,2003,2.0
5206,2005,2.0
5207,1977,36.0
5207,1978,34.0
5207,1979,29.0
5207,2006,20.0
5207,2007,20.0
5207,2008,22.0
5207,2009,19.0
5207,2010,22.0
5207,2011,25.0
5207,2012,31.0
5207,2013,30.0
5300,1961,513.0
5300,1962,506.0
5300,1963,551.0
5300,1964,570.0
5300,1965,555.0
5300,1966,576.0
5300,1967,542.0
5300,1968,551.0
5300,1969,559.0
5300,1970,579.0
5300,1971,557.0
5300,1972,543.0
5300,1973,555.0
5207,2005,18.0
5207,2004,20.0
5207,2003,17.0
5207,2002,15.0
5207,1980,23.0
5207,1981,21.0
5207,1982,17.0
5207,1983,17.0
5207,1984,18.0
5207,1985,19.0
5207,1986,22.0
5207,1987,19.0
5207,1988,16.0
5207,1989,17.0
5300,1975,550.0
5207,1990,18.0
5207,1992,13.0
5207,1993,15.0
5207,1994,16.0
5207,1995,20.0
5207,1996,25.0
5207,1997,30.0
5207,1998,26.0
5207,1999,20.0
5207,2000,22.0
5207,2001,20.0
5207,1991,16.0
5105,1992,168.0
5105,1991,180.0
5105,1990,171.0
5100,1981,294.0
5100,1982,286.0
5100,1983,283.0
5100,1984,279.0
5100,1985,265.0
5100,1986,257.0
5100,1987,277.0
5100,1988,262.0
5100,1989,243.0
5100,1990,268.0
5100,1991,282.0
5100,1992,265.0
5100,1993,316.0
5100,1994,322.0
5100,1995,352.0
5100,1996,347.0
5100,1997,352.0
5100,1998,350.0
5100,1999,363.0
5100,2000,365.0
5100,2001,396.0
5100,1980,328.0
5100,2002,405.0
5100,1979,320.0
5100,1977,325.0
5000,2009,1295.0
5000,2010,1255.0
5000,2011,1275.0
5000,2012,1276.0
5000,2013,1298.0
5100,1961,268.0
5100,1962,294.0
5100,1963,297.0
5100,1964,315.0
5100,1965,317.0
5100,1966,323.0
5100,1967,318.0
5100,1968,310.0
5100,1969,320.0
5100,1970,347.0
5100,1971,362.0
5100,1972,364.0
5100,1973,363.0
5100,1974,353.0
5100,1975,323.0
5100,1976,321.0
5100,1978,315.0
5100,2003,402.0
5100,2004,402.0
5100,2005,372.0
5101,1979,54.0
5101,1980,58.0
5101,1981,54.0
5101,1982,46.0
5101,1983,48.0
5101,1984,46.0
5101,1985,51.0
5101,1986,61.0
5101,1987,57.0
5101,1988,53.0
5101,1989,50.0
5101,1990,53.0
5101,1991,48.0
5101,1992,43.0
5101,1993,47.0
5101,1994,48.0
5101,1995,47.0
5101,1996,53.0
5101,1997,57.0
5101,1998,58.0
5101,1999,57.0
5101,1978,59.0
5101,1977,68.0
5101,1976,69.0
5101,1975,76.0
5100,2006,375.0
5100,2007,424.0
5100,2008,446.0
5100,2009,480.0
5100,2010,459.0
5100,2011,464.0
5100,2012,469.0
5100,2013,473.0
5101,1961,58.0
5101,1962,59.0
5000,2008,1241.0
5101,1963,61.0
5101,1965,64.0
5101,1966,66.0
5101,1967,65.0
5101,1968,66.0
5101,1969,66.0
5101,1970,68.0
5101,1971,68.0
5101,1972,65.0
5101,1973,69.0
5101,1974,69.0
5101,1964,62.0
5101,2000,60.0
5000,2007,1226.0
5000,2005,1125.0
351,1986,196.0
351,1987,193.0
351,1988,190.0
351,1989,186.0
351,1990,184.0
351,1991,190.0
351,1992,216.0
351,1993,241.0
351,1994,244.0
351,1995,232.0
351,1996,239.0
351,1997,258.0
351,1998,272.0
351,1999,309.0
351,2000,318.0
351,2001,313.0
351,2002,322.0
351,2003,302.0
351,2004,297.0
351,2005,252.0
351,2006,252.0
351,1985,210.0
351,2007,270.0
351,1984,214.0
351,1982,143.0
351,1961,85.0
351,1962,95.0
351,1963,117.0
351,1964,120.0
351,1965,121.0
351,1966,131.0
351,1967,120.0
351,1968,120.0
351,1969,120.0
351,1970,125.0
351,1971,130.0
351,1972,118.0
351,1973,122.0
351,1974,124.0
351,1975,122.0
351,1976,112.0
351,1977,116.0
351,1978,136.0
351,1979,152.0
351,1980,160.0
351,1981,157.0
351,1983,157.0
351,2008,279.0
351,2009,288.0
351,2010,292.0
5000,1984,1021.0
5000,1985,999.0
5000,1986,978.0
5000,1987,1065.0
5000,1988,1056.0
5000,1989,1017.0
5000,1990,1084.0
5000,1991,1063.0
5000,1992,1066.0
5000,1993,1168.0
5000,1994,1144.0
5000,1995,1147.0
5000,1996,1136.0
5000,1997,1152.0
5000,1998,1143.0
5000,1999,1171.0
5000,2000,1179.0
5000,2001,1188.0
5000,2002,1215.0
5000,2003,1243.0
5000,2004,1258.0
5000,1983,964.0
5000,1982,965.0
5000,1981,971.0
5000,1980,1025.0
351,2011,299.0
351,2012,295.0
351,2013,295.0
5000,1961,856.0
5000,1962,873.0
5000,1963,929.0
5000,1964,972.0
5000,1965,962.0
5000,1966,988.0
5000,1967,949.0
5000,2006,1164.0
5000,1968,951.0
5000,1970,1031.0
5000,1971,1029.0
5000,1972,1013.0
5000,1973,1018.0
5000,1974,1012.0
5000,1975,975.0
5000,1976,955.0
5000,1977,990.0
5000,1978,982.0
5000,1979,973.0
5000,1969,971.0
5302,2000,318.0
5101,2001,71.0
5101,2003,68.0
5104,1971,16.0
5104,1972,11.0
5104,1973,17.0
5104,1974,11.0
5104,1975,9.0
5104,1976,9.0
5104,1977,11.0
5104,1978,14.0
5104,1979,16.0
5104,1980,14.0
5104,1981,11.0
5104,1982,11.0
5104,1983,11.0
5104,1984,11.0
5104,1985,11.0
5104,1986,9.0
5104,1987,11.0
5104,1988,8.0
5104,1989,5.0
5104,1990,5.0
5104,1991,11.0
5104,1970,17.0
5104,1992,9.0
5104,1969,18.0
5104,1967,15.0
5103,1999,14.0
5103,2000,14.0
5103,2001,14.0
5103,2002,12.0
5103,2003,12.0
5103,2004,11.0
5103,2005,8.0
5103,2006,8.0
5103,2007,11.0
5103,2008,11.0
5103,2009,12.0
5103,2010,16.0
5103,2011,15.0
5103,2012,18.0
5103,2013,20.0
5104,1961,12.0
5104,1962,15.0
5104,1963,16.0
5104,1964,12.0
5104,1965,12.0
5104,1966,13.0
5104,1968,16.0
5104,1993,6.0
5104,1994,5.0
5104,1995,6.0
5105,1969,206.0
5105,1970,228.0
5105,1971,241.0
5105,1972,250.0
5105,1973,238.0
5105,1974,228.0
5105,1975,198.0
5105,1976,200.0
5105,1977,201.0
5105,1978,199.0
5105,1979,205.0
5105,1980,213.0
5105,1981,191.0
5105,1982,193.0
5105,1983,185.0
5105,1984,186.0
5105,1985,165.0
5105,1986,150.0
5105,1987,171.0
5105,1988,163.0
5105,1989,151.0
5105,1968,199.0
5105,1967,209.0
5105,1966,217.0
5105,1965,215.0
5104,1996,5.0
5104,1997,3.0
5104,1998,5.0
5104,1999,4.0
5104,2000,8.0
5104,2001,5.0
5104,2002,3.0
5104,2003,4.0
5104,2004,2.0
5104,2005,2.0
5103,1998,15.0
5104,2006,2.0
5104,2008,3.0
5104,2009,2.0
5104,2010,2.0
5104,2011,2.0
5104,2012,3.0
5104,2013,3.0
5105,1961,173.0
5105,1962,194.0
5105,1963,195.0
5105,1964,213.0
5104,2007,3.0
5101,2002,71.0
5103,1997,14.0
5103,1995,10.0
5102,1976,33.0
5102,1977,35.0
5102,1978,34.0
5102,1979,36.0
5102,1980,34.0
5102,1981,30.0
5102,1982,29.0
5102,1983,31.0
5102,1984,30.0
5102,1985,32.0
5102,1986,31.0
5102,1987,31.0
5102,1988,31.0
5102,1989,33.0
5102,1990,35.0
5102,1991,37.0
5102,1992,37.0
5102,1993,38.0
5102,1994,40.0
5102,1995,40.0
5102,1996,44.0
5102,1975,34.0
5102,1997,45.0
5102,1974,36.0
5102,1972,31.0
5101,2004,80.0
5101,2005,65.0
5101,2006,73.0
5101,2007,81.0
5101,2008,91.0
5101,2009,102.0
5101,2010,106.0
5101,2011,121.0
5101,2012,112.0
5101,2013,111.0
5102,1961,21.0
5102,1962,22.0
5102,1963,22.0
5102,1964,24.0
5102,1965,22.0
5102,1966,24.0
5102,1967,26.0
5102,1968,26.0
5102,1969,27.0
5102,1970,28.0
5102,1971,30.0
5102,1973,32.0
5102,1998,37.0
5102,1999,40.0
5102,2000,44.0
5103,1974,9.0
5103,1975,7.0
5103,1976,10.0
5103,1977,10.0
5103,1978,10.0
5103,1979,9.0
5103,1980,10.0
5103,1981,8.0
5103,1982,8.0
5103,1983,8.0
5103,1984,5.0
5103,1985,6.0
5103,1986,7.0
5103,1987,8.0
5103,1988,6.0
5103,1989,4.0
5103,1990,4.0
5103,1991,6.0
5103,1992,8.0
5103,1993,11.0
5103,1994,11.0
5103,1973,7.0
5103,1972,7.0
5103,1971,6.0
5103,1970,6.0
5102,2001,49.0
5102,2002,51.0
5102,2003,53.0
5102,2004,48.0
5102,2005,49.0
5102,2006,53.0
5102,2007,61.0
5102,2008,60.0
5102,2009,57.0
5102,2010,66.0
5103,1996,16.0
5102,2011,56.0
5102,2013,72.0
5103,1961,4.0
5103,1962,4.0
5103,1963,4.0
5103,1964,4.0
5103,1965,4.0
5103,1966,3.0
5103,1967,3.0
5103,1968,4.0
5103,1969,4.0
5102,2012,64.0
5302,2001,314.0
5817,2012,417.0
5302,2003,302.0
5706,2004,1.0
5706,2005,1.0
5706,2006,1.0
5706,2007,1.0
5706,2008,1.0
5706,2009,1.0
5706,2010,1.0
5706,2011,1.0
5706,2012,1.0
5706,2013,1.0
5801,1961,187.0
5801,1962,186.0
5801,1963,188.0
5801,1964,196.0
5801,1965,197.0
5801,1966,198.0
5801,1967,207.0
5801,1968,208.0
5801,1969,210.0
5801,1970,246.0
5801,1971,248.0
5706,2003,1.0
5801,1972,251.0
5706,2002,1.0
5706,2000,1.0
5706,1979,1.0
5706,1980,1.0
5706,1981,1.0
5706,1982,1.0
5706,1983,1.0
5706,1984,1.0
5706,1985,1.0
5706,1986,1.0
5706,1987,1.0
5706,1988,1.0
5706,1989,2.0
5706,1990,2.0
5706,1991,2.0
5706,1992,1.0
5706,1993,1.0
5706,1994,2.0
5706,1995,1.0
5706,1996,1.0
5706,1997,1.0
5706,1998,1.0
5706,1999,1.0
5706,2001,1.0
5706,1978,1.0
5801,1973,252.0
5801,1975,276.0
5801,2001,300.0
5801,2002,309.0
5801,2003,321.0
5801,2004,324.0
5801,2005,296.0
5801,2006,302.0
5801,2007,353.0
5801,2008,360.0
5801,2009,388.0
5801,2010,383.0
5801,2011,390.0
5801,2012,397.0
5801,2013,403.0
5802,1961,77.0
5802,1962,76.0
5802,1963,76.0
5802,1964,79.0
5802,1965,78.0
5802,1966,81.0
5802,1967,88.0
5802,1968,84.0
5801,2000,278.0
5801,1974,263.0
5801,1999,264.0
5801,1997,203.0
5801,1976,267.0
5801,1977,272.0
5801,1978,268.0
5801,1979,265.0
5801,1980,271.0
5801,1981,251.0
5801,1982,241.0
5801,1983,236.0
5801,1984,239.0
5801,1985,210.0
5801,1986,211.0
5801,1987,222.0
5801,1988,205.0
5801,1989,196.0
5801,1990,202.0
5801,1991,211.0
5801,1992,189.0
5801,1993,216.0
5801,1994,217.0
5801,1995,223.0
5801,1996,215.0
5801,1998,248.0
5706,1977,1.0
5706,1976,1.0
5706,1975,1.0
5501,2009,0.0
5501,2010,0.0
5501,2011,0.0
5501,2012,0.0
5501,2013,0.0
5502,1961,0.0
5502,1962,0.0
5502,1963,0.0
5502,1964,0.0
5502,1965,0.0
5502,1966,0.0
5502,1967,0.0
5502,1968,0.0
5502,1969,0.0
5502,1970,0.0
5502,1971,0.0
5502,1972,0.0
5502,1973,0.0
5502,1974,0.0
5502,1975,0.0
5502,1976,0.0
5501,2008,0.0
5502,1977,0.0
5501,2007,0.0
5501,2005,0.0
5501,1984,1.0
5501,1985,1.0
5501,1986,1.0
5501,1987,1.0
5501,1988,0.0
5501,1989,0.0
5501,1990,0.0
5501,1991,0.0
5501,1992,0.0
5501,1993,0.0
5501,1994,0.0
5501,1995,0.0
5501,1996,0.0
5501,1997,0.0
5501,1998,0.0
5501,1999,0.0
5501,2000,0.0
5501,2001,0.0
5501,2002,0.0
5501,2003,0.0
5501,2004,0.0
5501,2006,0.0
5502,1978,0.0
5502,1979,0.0
5502,1980,0.0
5502,2007,0.0
5502,2008,0.0
5502,2009,0.0
5502,2010,0.0
5502,2011,0.0
5502,2012,0.0
5502,2013,0.0
5706,1961,2.0
5706,1962,1.0
5706,1963,1.0
5706,1964,1.0
5706,1965,1.0
5706,1966,1.0
5706,1967,1.0
5706,1968,1.0
5706,1969,1.0
5706,1970,1.0
5706,1971,1.0
5706,1972,1.0
5706,1973,1.0
5706,1974,1.0
5502,2006,0.0
5502,2005,0.0
5502,2004,0.0
5502,2003,0.0
5502,1981,0.0
5502,1982,0.0
5502,1983,0.0
5502,1984,0.0
5502,1985,0.0
5502,1986,0.0
5502,1987,0.0
5502,1988,0.0
5502,1989,0.0
5502,1990,0.0
5802,1969,89.0
5502,1991,0.0
5502,1993,0.0
5502,1994,0.0
5502,1995,0.0
5502,1996,0.0
5502,1997,0.0
5502,1998,0.0
5502,1999,0.0
5502,2000,0.0
5502,2001,0.0
5502,2002,0.0
5502,1992,0.0
5802,1970,92.0
5802,1971,91.0
5802,1972,86.0
5815,1994,689.0
5815,1995,722.0
5815,1996,690.0
5815,1997,710.0
5815,1998,680.0
5815,1999,677.0
5815,2000,661.0
5815,2001,679.0
5815,2002,693.0
5815,2003,720.0
5815,2004,726.0
5815,2005,642.0
5815,2006,676.0
5815,2007,717.0
5815,2008,700.0
5815,2009,749.0
5815,2010,702.0
5815,2011,683.0
5815,2012,710.0
5815,2013,699.0
5817,1961,196.0
5815,1993,696.0
5817,1962,196.0
5815,1992,668.0
5815,1990,692.0
5815,1969,658.0
5815,1970,694.0
5815,1971,684.0
5815,1972,693.0
5815,1973,693.0
5815,1974,692.0
5815,1975,652.0
5815,1976,654.0
5815,1977,672.0
5815,1978,653.0
5815,1979,640.0
5815,1980,682.0
5815,1981,640.0
5815,1982,650.0
5815,1983,627.0
5815,1984,620.0
5815,1985,601.0
5815,1986,581.0
5815,1987,685.0
5815,1988,685.0
5815,1989,649.0
5815,1991,676.0
5817,1963,198.0
5817,1964,206.0
5817,1965,207.0
5817,1992,209.0
5817,1993,239.0
5817,1994,239.0
5817,1995,245.0
5817,1996,240.0
5817,1997,227.0
5817,1998,271.0
5817,1999,285.0
5817,2000,301.0
5817,2001,322.0
5817,2002,333.0
5817,2003,345.0
5817,2004,347.0
5817,2005,318.0
5817,2006,324.0
5817,2007,375.0
5817,2008,382.0
5817,2009,409.0
5817,2010,405.0
5817,2011,411.0
5302,2002,322.0
5817,1991,231.0
5817,1990,221.0
5817,1989,216.0
5817,1988,224.0
5817,1966,210.0
5817,1967,217.0
5817,1968,220.0
5817,1969,221.0
5817,1970,258.0
5817,1971,259.0
5817,1972,263.0
5817,1973,265.0
5817,1974,277.0
5817,1975,289.0
5815,1968,642.0
5817,1976,282.0
5817,1978,281.0
5817,1979,280.0
5817,1980,288.0
5817,1981,270.0
5817,1982,260.0
5817,1983,253.0
5817,1984,255.0
5817,1985,227.0
5817,1986,228.0
5817,1987,241.0
5817,1977,286.0
5501,1983,1.0
5815,1967,647.0
5815,1965,659.0
5802,1999,101.0
5802,2000,102.0
5802,2001,115.0
5802,2002,123.0
5802,2003,113.0
5802,2004,113.0
5802,2005,119.0
5802,2006,127.0
5802,2007,152.0
5802,2008,152.0
5802,2009,164.0
5802,2010,163.0
5802,2011,166.0
5802,2012,176.0
5802,2013,177.0
5803,1961,8.0
5803,1962,7.0
5803,1963,7.0
5803,1964,7.0
5803,1965,7.0
5803,1966,7.0
5802,1998,98.0
5803,1967,7.0
5802,1997,90.0
5802,1995,83.0
5802,1973,89.0
5802,1974,88.0
5802,1975,86.0
5802,1977,78.0
5802,1978,69.0
5802,1979,65.0
5802,1980,72.0
5802,1981,66.0
5802,1982,56.0
5802,1983,52.0
5802,1984,52.0
5802,1985,60.0
5802,1986,72.0
5802,1987,67.0
5802,1988,59.0
5802,1989,63.0
5802,1990,63.0
5802,1991,68.0
5802,1992,65.0
5802,1993,80.0
5802,1994,83.0
5802,1996,86.0
5803,1968,7.0
5803,1969,7.0
5803,1970,7.0
5803,1997,3.0
5803,1998,2.0
5803,1999,3.0
5803,2000,2.0
5803,2001,3.0
5803,2002,3.0
5803,2003,3.0
5803,2004,3.0
5803,2005,3.0
5803,2006,3.0
5803,2007,3.0
5803,2008,3.0
5803,2009,3.0
5803,2010,3.0
5803,2011,3.0
5803,2012,3.0
5803,2013,3.0
5815,1961,605.0
5815,1962,609.0
5815,1963,636.0
5815,1964,675.0
5803,1996,3.0
5803,1995,3.0
5803,1994,3.0
5803,1993,3.0
5803,1971,7.0
5803,1972,7.0
5803,1973,7.0
5803,1974,7.0
5803,1975,8.0
5803,1976,7.0
5803,1977,8.0
5803,1978,7.0
5803,1979,7.0
5803,1980,7.0
5815,1966,680.0
5803,1981,7.0
5803,1983,8.0
5803,1984,6.0
5803,1985,6.0
5803,1986,5.0
5803,1987,4.0
5803,1988,4.0
5803,1989,4.0
5803,1990,4.0
5803,1991,3.0
5803,1992,3.0
5803,1982,7.0
5501,1982,1.0
5802,1976,81.0
5501,1980,1.0
5305,1971,2.0
5305,1972,2.0
5305,1973,2.0
5305,1974,2.0
5305,1975,2.0
5305,1976,2.0
5305,1977,2.0
5305,1978,3.0
5305,1979,2.0
5305,1980,3.0
5305,1981,3.0
5305,1982,3.0
5305,1983,3.0
5305,1984,2.0
5305,1985,3.0
5305,1986,3.0
5305,1987,2.0
5305,1988,2.0
5305,1989,2.0
5305,1990,2.0
5305,1991,3.0
5305,1970,2.0
5305,1992,3.0
5305,1969,1.0
5305,1967,1.0
5304,1999,78.0
5304,2000,82.0
5304,2001,90.0
5304,2002,96.0
5304,2003,114.0
5304,2004,118.0
5304,2005,124.0
5304,2006,126.0
5304,2007,127.0
5304,2008,127.0
5304,2009,129.0
5304,2010,129.0
5304,2011,128.0
5304,2012,128.0
5304,2013,129.0
5305,1961,1.0
5305,1962,1.0
5305,1963,1.0
5305,1964,1.0
5305,1965,1.0
5305,1966,1.0
5305,1968,1.0
5305,1993,3.0
5305,1994,3.0
5305,1995,3.0
5400,1969,1.0
5400,1970,1.0
5400,1971,1.0
5400,1972,1.0
5400,1973,1.0
5400,1974,1.0
5400,1975,1.0
5400,1976,1.0
5400,1977,1.0
5400,1978,1.0
5400,1979,1.0
5400,1980,1.0
5400,1981,1.0
5400,1982,1.0
5400,1983,1.0
5400,1984,1.0
5400,1985,1.0
5400,1986,1.0
5400,1987,2.0
5400,1988,2.0
5400,1989,2.0
5400,1968,1.0
5400,1967,1.0
5400,1966,1.0
5400,1965,1.0
5305,1996,3.0
5305,1997,3.0
5305,1998,3.0
5305,1999,4.0
5305,2000,3.0
5305,2001,4.0
5305,2002,4.0
5305,2003,4.0
5305,2004,4.0
5305,2005,3.0
5304,1998,72.0
5305,2006,3.0
5305,2008,2.0
5305,2009,3.0
5305,2010,2.0
5305,2011,3.0
5305,2012,3.0
5305,2013,3.0
5400,1961,2.0
5400,1962,1.0
5400,1963,1.0
5400,1964,1.0
5305,2007,2.0
5400,1990,2.0
5304,1997,63.0
5304,1994,68.0
5303,1975,352.0
5303,1976,352.0
5303,1977,371.0
5303,1978,358.0
5303,1979,341.0
5303,1980,373.0
5303,1981,364.0
5303,1982,380.0
5303,1983,361.0
5303,1984,358.0
5303,1985,352.0
5303,1986,345.0
5303,1987,429.0
5303,1988,439.0
5303,1989,420.0
5303,1990,438.0
5303,1991,414.0
5303,1992,421.0
5303,1993,398.0
5303,1994,383.0
5303,1995,387.0
5303,1974,361.0
5303,1996,362.0
5303,1973,358.0
5303,1971,348.0
5302,2004,297.0
5501,1981,1.0
5302,2005,253.0
5302,2006,252.0
5302,2007,271.0
5302,2008,279.0
5302,2009,289.0
5302,2010,292.0
5302,2011,299.0
5302,2012,295.0
5302,2013,295.0
5303,1961,359.0
5303,1962,340.0
5303,1963,364.0
5303,1964,381.0
5303,1965,363.0
5303,1966,378.0
5303,1967,354.0
5303,1968,357.0
5303,1969,365.0
5303,1970,375.0
5303,1972,350.0
5303,1997,376.0
5303,1998,350.0
5303,1999,334.0
5304,1973,72.0
5304,1974,67.0
5304,1975,73.0
5304,1976,66.0
5304,1977,69.0
5304,1978,65.0
5304,1979,62.0
5304,1980,67.0
5304,1981,71.0
5304,1982,70.0
5304,1983,72.0
5304,1984,76.0
5304,1985,73.0
5304,1986,75.0
5304,1987,72.0
5304,1988,73.0
5304,1989,74.0
5304,1990,75.0
5304,1991,69.0
5304,1992,67.0
5304,1993,68.0
5304,1972,71.0
5304,1971,74.0
5304,1970,75.0
5304,1969,70.0
5303,2000,319.0
5303,2001,303.0
5303,2002,308.0
5303,2003,340.0
5303,2004,344.0
5303,2005,289.0
5303,2006,323.0
5303,2007,316.0
5303,2008,282.0
5303,2009,300.0
5304,1995,67.0
5303,2010,274.0
5303,2012,270.0
5303,2013,268.0
5304,1961,65.0
5304,1962,67.0
5304,1963,66.0
5304,1964,66.0
5304,1965,68.0
5304,1966,63.0
5304,1967,64.0
5304,1968,71.0
5303,2011,247.0
5400,1991,2.0
5304,1996,65.0
5400,1993,1.0
5500,1961,0.0
5500,1962,0.0
5500,1963,0.0
5500,1964,0.0
5500,1965,0.0
5500,1966,1.0
5500,1967,1.0
5500,1968,1.0
5500,1969,1.0
5500,1970,1.0
5500,1971,1.0
5500,1972,1.0
5500,1973,1.0
5500,1974,1.0
5500,1975,1.0
5500,1976,1.0
5500,1977,1.0
5500,1978,1.0
5500,1979,1.0
5500,1980,1.0
5500,1981,1.0
5403,2013,0.0
5500,1983,1.0
5403,2012,0.0
5403,2010,0.0
5403,1989,0.0
5403,1990,0.0
5403,1991,0.0
5403,1992,0.0
5403,1993,0.0
5403,1994,0.0
5403,1995,0.0
5403,1996,0.0
5403,1997,0.0
5403,1998,0.0
5403,1999,0.0
5403,2000,0.0
5403,2001,0.0
5403,2002,0.0
5403,2003,0.0
5403,2004,0.0
5403,2005,0.0
5403,2006,0.0
5403,2007,0.0
5403,2008,0.0
5403,2009,0.0
5403,2011,0.0
5500,1984,1.0
5500,1985,1.0
5500,1986,1.0
5500,2013,0.0
5501,1961,0.0
5501,1962,0.0
5501,1963,0.0
5501,1964,0.0
5501,1965,0.0
5501,1966,1.0
5501,1967,1.0
5501,1968,1.0
5501,1969,1.0
5501,1970,1.0
5501,1971,1.0
5501,1972,1.0
5501,1973,1.0
5501,1974,1.0
5501,1975,1.0
5501,1976,1.0
5501,1977,1.0
5400,1992,1.0
5501,1978,1.0
5501,1979,1.0
5500,2012,0.0
5500,2011,0.0
5500,2010,0.0
5500,2009,0.0
5500,1987,1.0
5500,1988,0.0
5500,1989,0.0
5500,1990,0.0
5500,1991,0.0
5500,1992,0.0
5500,1993,0.0
5500,1994,0.0
5500,1995,0.0
5500,1996,0.0
5403,1988,0.0
5500,1997,0.0
5500,1999,0.0
5500,2000,0.0
5500,2001,0.0
5500,2002,0.0
5500,2003,0.0
5500,2004,0.0
5500,2005,0.0
5500,2006,0.0
5500,2007,0.0
5500,2008,0.0
5500,1998,0.0
5403,1987,0.0
5500,1982,1.0
5401,1966,0.0
5401,1967,0.0
5401,1968,0.0
5401,1969,0.0
5401,1970,0.0
5401,1971,0.0
5401,1972,0.0
5401,1973,0.0
5401,1974,0.0
5401,1975,0.0
5401,1976,0.0
5401,1977,1.0
5401,1978,1.0
5401,1980,1.0
5401,1981,1.0
5401,1982,1.0
5401,1983,1.0
5401,1984,1.0
5401,1985,1.0
5401,1986,1.0
5401,1987,1.0
5401,1988,1.0
5401,1965,0.0
5401,1964,0.0
5401,1963,0.0
5401,1962,0.0
5400,1994,1.0
5400,1995,1.0
5400,1996,1.0
5403,1986,0.0
5400,1997,1.0
5400,1998,1.0
5400,1999,1.0
5400,2000,1.0
5400,2001,1.0
5400,2002,1.0
5401,1989,2.0
5400,2003,1.0
5400,2005,1.0
5400,2006,1.0
5400,2007,1.0
5400,2008,1.0
5400,2009,1.0
5400,2010,1.0
5400,2011,1.0
5400,2012,1.0
5400,2013,1.0
5401,1961,0.0
5400,2004,1.0
5401,1990,2.0
5401,1979,1.0
5401,1991,2.0
5403,1963,1.0
5403,1964,1.0
5403,1965,1.0
5403,1966,1.0
5403,1967,1.0
5403,1968,1.0
5403,1969,1.0
5403,1970,1.0
5403,1972,1.0
5403,1973,1.0
5403,1962,1.0
5403,1974,1.0
5403,1976,1.0
5403,1977,1.0
5403,1978,1.0
5403,1979,1.0
5403,1980,0.0
5403,1981,0.0
5403,1982,0.0
5403,1983,0.0
5403,1984,1.0
5403,1985,1.0
5403,1975,1.0
5403,1961,1.0
5403,1971,1.0
5401,1999,1.0
5401,2013,1.0
5401,1996,1.0
5401,1997,1.0
5401,1998,1.0
5401,1993,1.0
5401,2000,1.0
5401,2001,1.0
5401,1995,1.0
5401,2003,1.0
5401,2002,1.0
5401,1992,1.0
5401,2005,1.0
5401,2006,1.0
5401,2007,1.0
5401,2008,1.0
5401,2009,1.0
5401,2010,1.0
5401,2011,1.0
5401,2012,1.0
5401,2004,1.0
5401,1994,1.0
188,2013,0.0
188,2012,0.0
188,2011,0.0
191,1973,0.0
188,2009,0.0
188,2008,0.0
191,1961,0.0
188,2007,0.0
188,2006,0.0
188,2010,0.0
191,1962,0.0
191,1970,0.0
191,1964,0.0
191,1965,0.0
191,1966,0.0
191,1967,0.0
191,1968,0.0
191,1969,0.0
191,1971,0.0
191,1972,0.0
188,2005,0.0
191,1974,0.0
191,1963,0.0
188,2004,0.0
195,1973,91.0
188,2002,0.0
188,1981,0.0
191,1975,0.0
188,1982,0.0
188,1983,0.0
188,1984,0.0
188,1985,0.0
188,1986,0.0
188,1987,0.0
188,1988,0.0
188,1989,0.0
188,2003,0.0
188,1990,0.0
188,1992,0.0
188,1993,0.0
188,1994,0.0
188,1995,0.0
188,1996,0.0
188,1997,0.0
188,1998,0.0
188,1999,0.0
188,2000,0.0
188,2001,0.0
188,1991,0.0
191,1976,0.0
195,1970,76.0
191,1978,0.0
191,2005,0.0
191,2006,0.0
191,2007,0.0
191,2008,0.0
191,2009,0.0
191,2010,0.0
191,2011,0.0
191,2012,0.0
191,2013,0.0
195,1961,46.0
191,2004,0.0
195,1962,42.0
195,1964,50.0
195,1965,53.0
195,1966,54.0
195,1967,53.0
195,1968,53.0
195,1969,49.0
195,1971,81.0
195,1972,90.0
195,1974,101.0
188,1980,0.0
195,1963,46.0
191,1977,0.0
191,2003,0.0
191,2001,0.0
191,1979,0.0
191,1980,0.0
191,1981,0.0
191,1982,0.0
191,1983,0.0
191,1984,0.0
191,1985,0.0
191,1986,0.0
191,1987,0.0
191,1988,0.0
191,2002,0.0
191,1989,0.0
191,1991,0.0
191,1992,0.0
191,1993,0.0
191,1994,0.0
191,1995,0.0
191,1996,0.0
191,1997,0.0
191,1998,0.0
191,1999,0.0
191,2000,0.0
191,1990,0.0
188,1979,0.0
117,1987,1.0
188,1977,0.0
117,2009,0.0
117,2010,0.0
117,2011,0.0
117,2012,0.0
117,2013,0.0
184,1961,0.0
184,1962,0.0
184,1963,1.0
184,1964,0.0
184,1965,0.0
117,2008,0.0
184,1966,1.0
184,1968,0.0
184,1969,0.0
184,1970,0.0
184,1971,0.0
184,1972,1.0
184,1973,1.0
184,1974,1.0
184,1975,1.0
184,1976,1.0
184,1977,1.0
184,1967,1.0
184,1978,1.0
117,2007,0.0
117,2005,0.0
117,1983,0.0
195,1975,112.0
117,1984,0.0
117,1985,0.0
117,1986,1.0
117,1988,1.0
117,1989,0.0
117,1990,0.0
117,1991,0.0
117,1992,0.0
117,2006,0.0
117,1993,0.0
117,1995,0.0
117,1996,0.0
117,1997,0.0
117,1998,0.0
117,1999,0.0
117,2000,0.0
117,2001,0.0
117,2002,0.0
117,2003,0.0
117,2004,0.0
117,1994,0.0
188,1978,0.0
184,1979,1.0
184,1981,1.0
184,2008,1.0
184,2009,1.0
184,2010,1.0
184,2011,1.0
184,2012,1.0
184,2013,1.0
188,1961,0.0
188,1962,0.0
188,1963,0.0
188,1964,0.0
184,2007,1.0
188,1965,0.0
188,1967,0.0
188,1968,0.0
188,1969,0.0
188,1970,0.0
188,1971,0.0
188,1972,0.0
188,1973,0.0
188,1974,0.0
188,1975,0.0
188,1976,0.0
188,1966,0.0
184,1980,1.0
184,2006,1.0
184,2004,1.0
184,1982,1.0
184,1983,1.0
184,1984,1.0
184,1985,1.0
184,1986,1.0
184,1987,1.0
184,1988,1.0
184,1989,1.0
184,1990,1.0
184,1991,0.0
184,2005,1.0
184,1992,1.0
184,1994,1.0
184,1995,1.0
184,1996,1.0
184,1997,0.0
184,1998,0.0
184,1999,1.0
184,2000,1.0
184,2001,1.0
184,2002,1.0
184,2003,1.0
184,1993,2.0
195,1976,110.0
38,1964,0.0
195,1978,123.0
202,2004,2.0
202,2005,2.0
202,2006,2.0
202,2007,2.0
202,2008,2.0
202,2009,2.0
202,2010,1.0
202,2011,2.0
202,2012,2.0
202,2013,2.0
202,2003,3.0
203,1961,1.0
203,1963,1.0
203,1964,1.0
203,1965,0.0
203,1966,0.0
203,1967,0.0
203,1968,0.0
203,1969,0.0
203,1970,0.0
203,1971,0.0
203,1972,0.0
203,1962,1.0
203,1973,0.0
202,2002,2.0
202,2000,8.0
202,1978,13.0
202,1979,16.0
202,1980,14.0
202,1981,11.0
202,1982,11.0
202,1983,11.0
202,1984,11.0
202,1985,11.0
202,1986,9.0
202,1987,11.0
202,2001,4.0
202,1988,8.0
202,1990,5.0
202,1991,11.0
202,1992,9.0
202,1993,6.0
202,1994,5.0
202,1995,6.0
202,1996,4.0
202,1997,3.0
202,1998,4.0
202,1999,4.0
202,1989,5.0
202,1977,10.0
203,1974,0.0
203,1976,0.0
203,2003,0.0
203,2004,0.0
203,2005,0.0
203,2006,0.0
203,2007,0.0
203,2008,0.0
203,2009,0.0
203,2010,0.0
203,2011,0.0
203,2012,0.0
203,2002,0.0
203,2013,0.0
38,1962,0.0
38,1963,0.0
38,1965,0.0
38,1966,0.0
38,1967,0.0
38,1968,0.0
38,1969,0.0
38,1970,0.0
38,1971,0.0
117,1982,0.0
38,1961,0.0
203,1975,0.0
203,2001,0.0
203,1999,0.0
203,1977,0.0
203,1978,0.0
203,1979,0.0
203,1980,0.0
203,1981,0.0
203,1982,0.0
203,1983,0.0
203,1984,0.0
203,1985,0.0
203,1986,0.0
203,2000,0.0
203,1987,0.0
203,1989,0.0
203,1990,0.0
203,1991,0.0
203,1992,0.0
203,1993,0.0
203,1994,0.0
203,1995,0.0
203,1996,0.0
203,1997,0.0
203,1998,0.0
203,1988,0.0
202,1976,8.0
202,1975,8.0
202,1974,11.0
195,2005,35.0
195,2006,28.0
195,2007,35.0
195,2008,35.0
195,2009,42.0
195,2010,35.0
195,2011,28.0
195,2012,28.0
195,2013,28.0
197,1961,1.0
195,2004,56.0
197,1962,1.0
197,1964,1.0
197,1965,1.0
197,1966,1.0
197,1967,1.0
197,1968,1.0
197,1969,1.0
197,1970,1.0
197,1971,1.0
197,1972,1.0
197,1973,1.0
197,1963,1.0
197,1974,1.0
195,2003,63.0
195,2001,70.0
195,1979,127.0
195,1980,125.0
195,1981,113.0
195,1982,111.0
195,1983,106.0
195,1984,110.0
195,1985,74.0
195,1986,68.0
195,1987,85.0
195,1988,76.0
195,2002,63.0
195,1989,64.0
195,1991,74.0
195,1992,56.0
195,1993,70.0
195,1994,63.0
195,1995,67.0
195,1996,56.0
195,1997,42.0
195,1998,67.0
195,1999,77.0
195,2000,77.0
195,1990,67.0
197,1975,1.0
197,1976,1.0
197,1977,1.0
197,2005,7.0
197,2006,4.0
197,2007,4.0
197,2008,5.0
197,2009,5.0
197,2010,6.0
197,2011,5.0
197,2012,4.0
197,2013,4.0
202,1961,11.0
197,2004,7.0
202,1962,15.0
202,1964,12.0
202,1965,12.0
202,1966,12.0
202,1967,15.0
202,1968,16.0
202,1969,18.0
202,1970,17.0
202,1971,16.0
202,1972,11.0
202,1973,17.0
202,1963,16.0
197,2003,6.0
197,2002,5.0
197,2001,4.0
197,1978,1.0
197,1979,1.0
197,1980,1.0
197,1981,1.0
197,1982,1.0
197,1983,1.0
197,1984,1.0
197,1985,1.0
197,1986,1.0
197,1987,1.0
197,1988,1.0
197,1989,1.0
197,1990,1.0
197,1991,1.0
197,1992,1.0
197,1993,2.0
197,1994,2.0
197,1995,2.0
197,1996,2.0
197,1997,2.0
197,1998,2.0
197,1999,1.0
197,2000,2.0
195,1977,117.0
117,1981,0.0
147,2003,0.0
117,1979,0.0
159,1961,74.0
159,1962,98.0
159,1963,98.0
159,1964,109.0
159,1965,110.0
159,1966,111.0
159,1967,95.0
159,1968,90.0
159,1969,92.0
159,1970,88.0
158,2013,33.0
159,1971,100.0
159,1973,89.0
159,1974,69.0
159,1975,34.0
159,1976,37.0
159,1977,35.0
159,1978,25.0
159,1979,28.0
159,1980,32.0
159,1981,24.0
159,1982,32.0
159,1972,102.0
159,1983,29.0
158,2012,33.0
158,2010,29.0
158,1988,2.0
158,1989,3.0
158,1990,6.0
158,1991,7.0
158,1992,5.0
158,1993,6.0
158,1994,11.0
158,1995,17.0
158,1996,10.0
158,1997,10.0
158,2011,31.0
158,1998,11.0
158,2000,8.0
158,2001,14.0
158,2002,18.0
158,2003,15.0
158,2004,13.0
158,2005,13.0
158,2006,16.0
158,2007,28.0
158,2008,25.0
158,2009,33.0
158,1999,15.0
158,1987,3.0
159,1984,29.0
159,1986,29.0
159,2013,116.0
165,1961,1.0
165,1962,2.0
165,1963,2.0
165,1964,2.0
165,1965,4.0
165,1966,5.0
165,1967,4.0
165,1968,4.0
165,1969,3.0
159,2012,116.0
165,1970,4.0
165,1972,4.0
165,1973,4.0
165,1974,5.0
165,1975,5.0
165,1976,5.0
165,1977,4.0
165,1978,4.0
165,1979,5.0
165,1980,6.0
165,1981,7.0
165,1971,3.0
159,1985,39.0
159,2011,119.0
159,2009,137.0
159,1987,35.0
159,1988,39.0
159,1989,35.0
159,1990,55.0
159,1991,51.0
159,1992,55.0
159,1993,77.0
159,1994,87.0
159,1995,111.0
159,1996,110.0
159,2010,115.0
159,1997,128.0
159,1999,95.0
159,2000,85.0
159,2001,92.0
159,2002,97.0
159,2003,103.0
159,2004,107.0
159,2005,109.0
159,2006,108.0
159,2007,114.0
159,2008,130.0
159,1998,95.0
158,1986,7.0
158,1985,5.0
158,1984,5.0
157,1962,0.0
157,1963,0.0
157,1964,0.0
157,1965,0.0
157,1966,0.0
157,1967,0.0
157,1968,0.0
157,1969,0.0
157,1970,0.0
157,1971,0.0
157,1961,0.0
157,1972,0.0
157,1974,0.0
157,1975,0.0
157,1976,0.0
157,1977,0.0
157,1978,0.0
157,1979,1.0
157,1980,1.0
157,1981,0.0
157,1982,0.0
157,1983,0.0
157,1973,0.0
157,1984,0.0
147,2013,0.0
147,2011,0.0
147,1989,0.0
147,1990,0.0
147,1991,0.0
147,1992,0.0
147,1993,0.0
147,1994,0.0
147,1995,0.0
147,1996,0.0
147,1997,0.0
147,1998,0.0
147,2012,0.0
147,1999,0.0
147,2001,0.0
147,2002,0.0
38,1972,0.0
147,2004,0.0
147,2005,0.0
147,2006,0.0
147,2007,0.0
147,2008,0.0
147,2009,0.0
147,2010,0.0
147,2000,0.0
157,1985,0.0
157,1986,0.0
157,1987,0.0
158,1962,13.0
158,1963,12.0
158,1964,14.0
158,1965,15.0
158,1966,15.0
158,1967,18.0
158,1968,13.0
158,1969,15.0
158,1970,17.0
158,1971,18.0
158,1961,14.0
158,1972,15.0
158,1974,13.0
158,1975,7.0
158,1976,7.0
158,1977,9.0
158,1978,6.0
158,1979,8.0
158,1980,9.0
158,1981,8.0
158,1982,7.0
158,1983,6.0
158,1973,11.0
157,2013,2.0
157,2012,2.0
157,2011,2.0
157,1988,0.0
157,1989,0.0
157,1990,0.0
157,1991,0.0
157,1992,0.0
157,1993,1.0
157,1994,0.0
157,1995,1.0
157,1996,1.0
157,1997,1.0
157,1998,1.0
157,1999,1.0
157,2000,1.0
157,2001,1.0
157,2002,1.0
157,2003,1.0
157,2004,1.0
157,2005,1.0
157,2006,1.0
157,2007,2.0
157,2008,1.0
157,2009,1.0
157,2010,2.0
165,1982,8.0
117,1980,0.0
165,1983,6.0
165,1985,7.0
170,2011,0.0
170,2012,0.0
170,2013,0.0
171,1961,1.0
171,1962,1.0
171,1963,1.0
171,1964,1.0
171,1965,1.0
171,1966,1.0
171,1967,1.0
170,2010,0.0
171,1968,1.0
171,1970,1.0
171,1971,1.0
171,1972,1.0
171,1973,1.0
171,1974,2.0
171,1975,2.0
171,1976,2.0
171,1977,2.0
171,1978,2.0
171,1979,2.0
171,1969,1.0
171,1980,2.0
170,2009,0.0
170,2007,0.0
170,1985,0.0
170,1986,0.0
170,1987,0.0
170,1988,0.0
170,1989,0.0
170,1990,0.0
170,1991,0.0
170,1992,0.0
170,1993,0.0
170,1994,0.0
170,2008,0.0
170,1995,0.0
170,1997,0.0
170,1998,0.0
170,1999,0.0
170,2000,0.0
170,2001,0.0
170,2002,0.0
170,2003,0.0
170,2004,0.0
170,2005,0.0
170,2006,0.0
170,1996,0.0
170,1984,0.0
171,1981,2.0
171,1983,2.0
171,2010,1.0
171,2011,1.0
171,2012,1.0
171,2013,1.0
117,1961,0.0
117,1962,0.0
117,1963,0.0
117,1964,0.0
117,1965,0.0
117,1966,0.0
171,2009,1.0
117,1967,0.0
117,1969,0.0
117,1970,0.0
117,1971,0.0
117,1972,0.0
117,1973,0.0
117,1974,0.0
117,1975,0.0
117,1976,0.0
117,1977,1.0
117,1978,1.0
117,1968,0.0
171,1982,2.0
171,2008,1.0
171,2006,1.0
171,1984,2.0
171,1985,2.0
171,1986,2.0
171,1987,2.0
171,1988,2.0
171,1989,2.0
171,1990,1.0
171,1991,2.0
171,1992,2.0
171,1993,2.0
171,2007,1.0
171,1994,2.0
171,1996,1.0
171,1997,1.0
171,1998,1.0
171,1999,1.0
171,2000,1.0
171,2001,1.0
171,2002,1.0
171,2003,1.0
171,2004,1.0
171,2005,1.0
171,1995,1.0
170,1983,0.0
170,1982,0.0
170,1981,0.0
165,2012,10.0
165,2013,10.0
169,1961,1.0
169,1962,1.0
169,1963,2.0
169,1964,2.0
169,1965,2.0
169,1966,2.0
169,1967,2.0
169,1968,2.0
165,2011,10.0
169,1969,2.0
169,1971,1.0
169,1972,1.0
169,1973,1.0
169,1974,1.0
169,1975,1.0
169,1976,2.0
169,1977,2.0
169,1978,2.0
169,1979,2.0
169,1980,2.0
169,1970,2.0
169,1981,2.0
165,2010,10.0
165,2008,9.0
165,1986,7.0
165,1987,7.0
165,1988,8.0
165,1989,9.0
165,1990,9.0
165,1991,10.0
165,1992,10.0
165,1993,10.0
165,1994,11.0
165,1995,11.0
165,2009,9.0
165,1996,11.0
165,1998,10.0
165,1999,9.0
165,2000,10.0
165,2001,9.0
165,2002,11.0
165,2003,11.0
165,2004,10.0
165,2005,10.0
165,2006,10.0
165,2007,10.0
165,1997,10.0
169,1982,3.0
169,1983,3.0
169,1984,3.0
169,2012,2.0
169,2013,2.0
170,1961,0.0
170,1962,0.0
170,1963,0.0
170,1964,0.0
170,1965,0.0
170,1966,0.0
170,1967,0.0
170,1968,0.0
169,2011,2.0
170,1969,0.0
170,1971,0.0
170,1972,0.0
170,1973,0.0
170,1974,0.0
170,1975,0.0
170,1976,0.0
170,1977,0.0
170,1978,0.0
170,1979,0.0
170,1980,0.0
170,1970,0.0
169,2010,2.0
169,2009,2.0
169,2008,2.0
169,1985,2.0
169,1986,3.0
169,1987,3.0
169,1988,3.0
169,1989,3.0
169,1990,2.0
169,1991,2.0
169,1992,3.0
169,1993,3.0
169,1994,2.0
169,1995,2.0
169,1996,2.0
169,1997,2.0
169,1998,2.0
169,1999,2.0
169,2000,2.0
169,2001,2.0
169,2002,2.0
169,2003,2.0
169,2004,2.0
169,2005,3.0
169,2006,3.0
169,2007,2.0
165,1984,6.0
38,1973,0.0
223,2005,2.0
38,1975,0.0
231,1996,86.0
231,1997,60.0
231,1998,61.0
231,1999,56.0
231,2000,61.0
231,2001,54.0
231,2002,58.0
231,2003,57.0
231,2004,65.0
231,2005,60.0
231,1995,77.0
231,2006,60.0
231,2008,77.0
231,2009,70.0
231,2010,70.0
231,2011,102.0
231,2012,70.0
231,2013,88.0
234,1961,1.0
234,1962,1.0
234,1963,0.0
234,1964,0.0
231,2007,60.0
234,1965,0.0
231,1994,101.0
231,1992,75.0
231,1970,58.0
231,1971,62.0
231,1972,61.0
231,1973,61.0
231,1974,63.0
231,1975,63.0
231,1976,63.0
231,1977,62.0
231,1978,62.0
231,1979,57.0
231,1993,118.0
231,1980,61.0
231,1982,56.0
231,1983,63.0
231,1984,64.0
231,1985,69.0
231,1986,69.0
231,1987,64.0
231,1988,66.0
231,1989,66.0
231,1990,91.0
231,1991,81.0
231,1981,53.0
231,1969,52.0
234,1966,0.0
234,1968,0.0
234,1995,0.0
234,1996,0.0
234,1997,0.0
234,1998,0.0
234,1999,0.0
234,2000,0.0
234,2001,0.0
234,2002,0.0
234,2003,0.0
234,2004,0.0
234,1994,0.0
234,2005,0.0
234,2007,0.0
234,2008,0.0
234,2009,0.0
234,2010,0.0
234,2011,0.0
234,2012,0.0
234,2013,0.0
228,1961,0.0
228,1962,0.0
228,1963,0.0
234,2006,0.0
234,1967,0.0
234,1993,0.0
234,1991,0.0
234,1969,0.0
234,1970,0.0
234,1971,0.0
234,1972,0.0
234,1973,0.0
234,1974,0.0
234,1975,0.0
234,1976,0.0
234,1977,0.0
234,1978,0.0
234,1992,0.0
234,1979,0.0
234,1981,0.0
234,1982,0.0
234,1983,0.0
234,1984,0.0
234,1985,0.0
234,1986,0.0
234,1987,0.0
234,1988,0.0
234,1989,0.0
234,1990,0.0
234,1980,0.0
231,1968,49.0
231,1967,47.0
231,1966,42.0
226,1997,8.0
226,1998,8.0
226,1999,8.0
226,2000,9.0
226,2001,9.0
226,2002,9.0
226,2003,9.0
226,2004,9.0
226,2005,10.0
226,2006,10.0
226,1996,8.0
226,2007,16.0
226,2009,17.0
226,2010,17.0
226,2011,18.0
226,2012,18.0
226,2013,18.0
215,1961,1.0
215,1962,1.0
215,1963,1.0
215,1964,2.0
215,1965,2.0
226,2008,15.0
215,1966,1.0
226,1995,8.0
226,1993,8.0
226,1971,12.0
226,1972,9.0
226,1973,11.0
226,1974,10.0
226,1975,9.0
226,1976,10.0
226,1977,10.0
226,1978,5.0
226,1979,4.0
226,1980,5.0
226,1994,8.0
226,1981,5.0
226,1983,6.0
226,1984,6.0
226,1985,7.0
226,1986,6.0
226,1987,8.0
226,1988,8.0
226,1989,8.0
226,1990,8.0
226,1991,8.0
226,1992,8.0
226,1982,5.0
215,1967,2.0
215,1968,1.0
215,1969,2.0
215,1997,4.0
215,1998,5.0
215,1999,4.0
215,2000,8.0
215,2001,12.0
215,2002,12.0
215,2003,12.0
215,2004,13.0
215,2005,4.0
215,2006,4.0
215,1996,4.0
215,2007,4.0
215,2009,15.0
215,2010,21.0
215,2011,26.0
215,2012,23.0
215,2013,23.0
231,1961,36.0
231,1962,38.0
231,1963,39.0
231,1964,41.0
231,1965,43.0
215,2008,13.0
215,1995,4.0
215,1994,4.0
215,1993,3.0
215,1970,1.0
215,1971,1.0
215,1972,2.0
215,1973,2.0
215,1974,2.0
215,1975,4.0
215,1976,3.0
215,1977,3.0
215,1978,3.0
215,1979,3.0
215,1980,3.0
215,1981,3.0
215,1982,3.0
215,1983,3.0
215,1984,3.0
215,1985,3.0
215,1986,3.0
215,1987,3.0
215,1988,3.0
215,1989,4.0
215,1990,4.0
215,1991,4.0
215,1992,4.0
228,1964,0.0
226,1970,12.0
228,1965,0.0
228,1967,0.0
251,1993,7.0
251,1994,6.0
251,1995,6.0
251,1996,8.0
251,1997,10.0
251,1998,9.0
251,1999,8.0
251,2000,8.0
251,2001,8.0
251,2002,8.0
251,1992,4.0
251,2003,8.0
251,2005,8.0
251,2006,8.0
251,2007,9.0
251,2008,13.0
251,2009,17.0
251,2010,17.0
251,2011,17.0
251,2012,17.0
251,2013,17.0
181,1961,9.0
251,2004,8.0
181,1962,9.0
251,1991,4.0
251,1989,5.0
251,1967,6.0
251,1968,6.0
251,1969,6.0
251,1970,7.0
251,1971,7.0
251,1972,7.0
251,1973,6.0
251,1974,6.0
251,1975,11.0
251,1976,6.0
251,1990,5.0
251,1977,8.0
251,1979,2.0
251,1980,2.0
251,1981,1.0
251,1982,2.0
251,1983,2.0
251,1984,2.0
251,1985,2.0
251,1986,9.0
251,1987,5.0
251,1988,4.0
251,1978,3.0
251,1966,6.0
181,1963,9.0
181,1965,9.0
181,1992,4.0
181,1993,5.0
181,1994,5.0
181,1995,5.0
181,1996,6.0
181,1997,6.0
181,1998,6.0
181,1999,8.0
181,2000,7.0
181,2001,8.0
181,1991,5.0
181,2002,8.0
181,2004,6.0
181,2005,6.0
181,2006,8.0
181,2007,5.0
181,2008,7.0
181,2009,9.0
181,2010,9.0
181,2011,9.0
181,2012,9.0
181,2013,9.0
181,2003,4.0
181,1964,9.0
181,1990,6.0
181,1988,5.0
181,1966,9.0
181,1967,9.0
181,1968,9.0
181,1969,9.0
181,1970,8.0
181,1971,8.0
181,1972,8.0
181,1973,11.0
181,1974,12.0
181,1975,12.0
181,1989,6.0
181,1976,10.0
181,1978,9.0
181,1979,6.0
181,1980,9.0
181,1981,7.0
181,1982,5.0
181,1983,4.0
147,1988,0.0
181,1985,4.0
181,1986,6.0
181,1987,6.0
181,1977,7.0
251,1965,6.0
251,1964,4.0
251,1963,6.0
235,1994,0.0
235,1995,0.0
235,1996,0.0
235,1997,0.0
235,1998,0.0
235,1999,0.0
235,2000,0.0
235,2001,0.0
235,2002,0.0
235,2003,0.0
235,1993,1.0
235,2004,0.0
235,2006,0.0
235,2007,0.0
235,2008,0.0
235,2009,0.0
235,2010,0.0
235,2011,0.0
235,2012,0.0
235,2013,0.0
237,1961,3.0
237,1962,3.0
235,2005,0.0
237,1963,3.0
235,1992,0.0
228,1990,0.0
228,1968,0.0
228,1969,0.0
228,1970,0.0
228,1971,0.0
228,1972,0.0
228,1973,0.0
228,1974,0.0
228,1975,0.0
228,1976,0.0
228,1977,0.0
228,1991,0.0
228,1978,0.0
228,1980,0.0
228,1981,0.0
228,1982,0.0
228,1983,0.0
228,1984,0.0
228,1985,0.0
228,1986,0.0
228,1987,0.0
228,1988,0.0
228,1989,0.0
228,1979,0.0
237,1964,4.0
237,1965,3.0
237,1966,3.0
237,1994,11.0
237,1995,11.0
237,1996,11.0
237,1997,11.0
237,1998,10.0
237,1999,10.0
237,2000,10.0
237,2001,10.0
237,2002,10.0
237,2003,11.0
237,1993,10.0
237,2004,11.0
237,2006,11.0
237,2007,11.0
237,2008,10.0
237,2009,10.0
237,2010,9.0
237,2011,9.0
237,2012,9.0
237,2013,9.0
251,1961,6.0
251,1962,6.0
237,2005,10.0
237,1992,9.0
237,1991,9.0
237,1990,9.0
237,1967,3.0
237,1968,3.0
237,1969,3.0
237,1970,4.0
237,1971,3.0
237,1972,3.0
237,1973,3.0
237,1974,3.0
237,1975,4.0
237,1976,4.0
237,1977,4.0
237,1978,4.0
237,1979,4.0
237,1980,5.0
237,1981,5.0
237,1982,6.0
237,1983,7.0
237,1984,9.0
237,1985,9.0
237,1986,10.0
237,1987,9.0
237,1988,9.0
237,1989,8.0
228,1966,0.0
38,1974,0.0
226,1969,11.0
226,1967,11.0
207,2001,0.0
207,2002,0.0
207,2003,0.0
207,2004,0.0
207,2005,0.0
207,2006,0.0
207,2007,0.0
207,2008,0.0
207,2009,0.0
207,2010,0.0
207,2000,0.0
207,2011,0.0
207,2013,0.0
209,1961,0.0
209,1962,0.0
209,1963,0.0
209,1964,0.0
209,1965,0.0
209,1966,0.0
209,1967,0.0
209,1968,0.0
209,1969,0.0
207,2012,0.0
209,1970,0.0
207,1999,0.0
207,1997,0.0
207,1975,0.0
207,1976,0.0
207,1977,0.0
207,1978,0.0
207,1979,0.0
207,1980,0.0
207,1981,0.0
207,1982,0.0
207,1983,0.0
207,1984,0.0
207,1998,0.0
207,1985,0.0
207,1987,0.0
207,1988,0.0
207,1989,0.0
207,1990,0.0
207,1991,0.0
207,1992,0.0
207,1993,0.0
207,1994,0.0
207,1995,0.0
207,1996,0.0
207,1986,0.0
207,1974,0.0
209,1971,0.0
209,1973,0.0
209,2000,0.0
209,2001,0.0
209,2002,0.0
209,2003,0.0
209,2004,0.0
209,2005,0.0
209,2006,0.0
209,2007,0.0
209,2008,0.0
209,2009,0.0
209,1999,0.0
209,2010,0.0
209,2012,0.0
209,2013,0.0
216,1961,6.0
216,1962,6.0
216,1963,6.0
216,1964,7.0
216,1965,11.0
216,1966,8.0
216,1967,8.0
216,1968,7.0
209,2011,0.0
209,1972,0.0
209,1998,0.0
209,1996,0.0
209,1974,0.0
209,1975,0.0
209,1976,0.0
209,1977,0.0
209,1978,0.0
209,1979,0.0
209,1980,0.0
209,1981,0.0
209,1982,0.0
209,1983,0.0
209,1997,0.0
209,1984,0.0
209,1986,0.0
209,1987,0.0
209,1988,0.0
209,1989,0.0
209,1990,0.0
209,1991,0.0
209,1992,0.0
209,1993,0.0
209,1994,0.0
209,1995,0.0
209,1985,0.0
207,1973,0.0
207,1972,0.0
207,1971,0.0
38,2002,1.0
38,2003,1.0
38,2004,1.0
38,2005,1.0
38,2006,1.0
38,2007,1.0
38,2008,1.0
38,2009,1.0
38,2010,1.0
38,2011,0.0
38,2001,1.0
38,2012,1.0
276,2012,15.0
276,2013,15.0
206,1961,2.0
206,1962,2.0
206,1963,2.0
206,1964,3.0
206,1965,3.0
206,1966,2.0
206,1967,2.0
206,1968,3.0
38,2013,1.0
206,1969,3.0
38,2000,1.0
38,1998,1.0
38,1976,0.0
38,1977,0.0
38,1978,0.0
38,1979,0.0
38,1980,0.0
38,1981,1.0
38,1982,0.0
38,1983,0.0
38,1984,0.0
38,1985,0.0
38,1999,1.0
38,1986,0.0
38,1988,0.0
38,1989,0.0
38,1990,0.0
38,1991,0.0
38,1992,0.0
38,1993,0.0
38,1994,0.0
38,1995,0.0
38,1996,0.0
38,1997,0.0
38,1987,0.0
206,1970,4.0
206,1971,5.0
206,1972,5.0
206,2000,10.0
206,2001,9.0
206,2002,7.0
206,2003,7.0
206,2004,7.0
206,2005,4.0
206,2006,4.0
206,2007,7.0
206,2008,7.0
206,2009,8.0
206,1999,10.0
206,2010,12.0
207,1961,0.0
207,1962,0.0
207,1963,0.0
207,1964,0.0
207,1965,0.0
207,1966,0.0
207,1967,0.0
207,1968,0.0
207,1969,0.0
207,1970,0.0
206,2011,11.0
206,1998,11.0
206,1997,10.0
206,1996,11.0
206,1973,5.0
206,1974,7.0
206,1975,6.0
206,1976,8.0
206,1977,7.0
206,1978,7.0
206,1979,6.0
206,1980,7.0
206,1981,5.0
206,1982,5.0
206,1983,5.0
206,1984,3.0
206,1985,4.0
206,1986,5.0
206,1987,5.0
206,1988,4.0
206,1989,2.0
206,1990,2.0
206,1991,4.0
206,1992,5.0
206,1993,6.0
206,1994,8.0
206,1995,7.0
216,1969,7.0
226,1968,10.0
216,1970,8.0
216,1972,9.0
217,1998,3.0
217,1999,3.0
217,2000,3.0
217,2001,3.0
217,2002,3.0
217,2003,3.0
217,2004,3.0
217,2005,3.0
217,2006,3.0
217,2007,3.0
217,1997,3.0
217,2008,3.0
217,2010,3.0
217,2011,3.0
217,2012,3.0
217,2013,3.0
223,1961,1.0
223,1962,1.0
223,1963,1.0
223,1964,1.0
223,1965,1.0
223,1966,1.0
217,2009,3.0
223,1967,1.0
217,1996,3.0
217,1994,4.0
217,1972,1.0
217,1973,1.0
217,1974,1.0
217,1975,1.0
217,1976,1.0
217,1977,1.0
217,1978,3.0
217,1979,3.0
217,1980,3.0
217,1981,2.0
217,1995,5.0
217,1982,2.0
217,1984,3.0
217,1985,3.0
217,1986,3.0
217,1987,3.0
217,1988,3.0
217,1989,3.0
217,1990,2.0
217,1991,2.0
217,1992,4.0
217,1993,5.0
217,1983,3.0
217,1971,1.0
223,1968,1.0
223,1970,1.0
223,1997,2.0
223,1998,2.0
223,1999,2.0
223,2000,2.0
223,2001,2.0
223,2002,2.0
223,2003,2.0
223,2004,2.0
223,2006,2.0
223,2007,2.0
223,1996,2.0
223,2008,2.0
223,2010,2.0
223,2011,3.0
223,2012,3.0
223,2013,2.0
226,1961,10.0
226,1962,11.0
226,1963,11.0
226,1964,11.0
226,1965,12.0
226,1966,12.0
223,2009,2.0
223,1969,1.0
223,1995,2.0
223,1993,2.0
223,1971,1.0
223,1972,1.0
223,1973,1.0
223,1974,1.0
223,1975,1.0
223,1976,2.0
223,1977,2.0
223,1978,2.0
223,1979,1.0
223,1980,2.0
223,1994,2.0
223,1981,2.0
223,1983,2.0
223,1984,1.0
223,1985,2.0
223,1986,2.0
223,1987,2.0
223,1988,1.0
223,1989,2.0
223,1990,2.0
223,1991,2.0
223,1992,2.0
223,1982,2.0
217,1970,2.0
217,1969,2.0
217,1968,1.0
216,1999,6.0
216,2000,5.0
216,2001,5.0
216,2002,3.0
216,2003,3.0
216,2004,3.0
216,2005,5.0
216,2006,2.0
216,2007,2.0
216,2008,2.0
216,1998,6.0
216,2009,2.0
216,2011,2.0
216,2012,2.0
216,2013,2.0
176,1961,0.0
176,1962,0.0
176,1963,0.0
176,1964,0.0
176,1965,0.0
176,1966,0.0
176,1967,0.0
216,2010,2.0
176,1968,0.0
216,1997,6.0
216,1995,7.0
216,1973,9.0
216,1974,8.0
216,1975,9.0
216,1976,7.0
216,1977,7.0
216,1978,7.0
216,1979,7.0
216,1980,9.0
216,1981,9.0
216,1982,9.0
216,1996,6.0
216,1983,9.0
216,1985,9.0
216,1986,9.0
216,1987,9.0
216,1988,9.0
216,1989,9.0
216,1990,8.0
216,1991,7.0
216,1992,7.0
216,1993,7.0
216,1994,7.0
216,1984,9.0
176,1969,0.0
176,1970,0.0
176,1971,0.0
176,1999,0.0
176,2000,0.0
176,2001,0.0
176,2002,0.0
176,2003,0.0
176,2004,0.0
176,2005,0.0
176,2006,0.0
176,2007,0.0
176,2008,0.0
176,1998,0.0
176,2009,0.0
176,2011,0.0
176,2012,0.0
176,2013,0.0
217,1961,2.0
217,1962,2.0
217,1963,2.0
217,1964,2.0
217,1965,2.0
217,1966,2.0
217,1967,2.0
176,2010,0.0
176,1997,0.0
176,1996,0.0
176,1995,0.0
176,1972,0.0
176,1973,0.0
176,1974,0.0
176,1975,0.0
176,1976,0.0
176,1977,0.0
176,1978,0.0
176,1979,0.0
176,1980,0.0
176,1981,0.0
176,1982,0.0
176,1983,0.0
176,1984,0.0
176,1985,0.0
176,1986,0.0
176,1987,0.0
176,1988,0.0
176,1989,0.0
176,1990,0.0
176,1991,0.0
176,1992,0.0
176,1993,0.0
176,1994,0.0
216,1971,8.0
181,1984,4.0
4,1961,0.0
147,1985,0.0
46,1999,2.0
46,1998,2.0
46,1997,1.0
46,1996,1.0
46,1995,1.0
46,1994,1.0
46,1993,1.0
46,1992,1.0
46,1991,1.0
46,1990,1.0
46,1989,1.0
46,1988,1.0
46,1987,1.0
46,1986,1.0
46,1985,1.0
46,1984,1.0
46,1983,1.0
46,1982,1.0
46,1981,1.0
46,1980,1.0
46,1979,1.0
46,2000,2.0
46,2001,2.0
46,2002,2.0
46,2003,2.0
48,1972,0.0
48,1971,0.0
48,1970,0.0
48,1969,0.0
48,1968,0.0
48,1967,0.0
48,1966,0.0
48,1965,0.0
48,1964,0.0
48,1963,0.0
46,1978,1.0
48,1962,0.0
46,2013,2.0
46,2012,2.0
46,2011,2.0
46,2010,2.0
46,2009,2.0
46,2008,2.0
46,2007,2.0
46,2006,2.0
46,2005,2.0
46,2004,2.0
48,1961,0.0
48,1973,0.0
46,1977,1.0
46,1975,1.0
44,2001,0.0
44,2000,0.0
44,1999,0.0
44,1998,0.0
44,1997,0.0
44,1996,0.0
44,1995,0.0
44,1994,1.0
44,1993,1.0
44,1992,0.0
44,1991,0.0
44,1990,0.0
44,1989,0.0
44,1988,0.0
44,1987,0.0
44,1986,0.0
44,1985,0.0
44,1984,0.0
44,1983,0.0
44,1982,0.0
44,1981,0.0
44,2002,0.0
44,2003,0.0
44,2004,0.0
44,2005,0.0
46,1974,1.0
46,1973,1.0
46,1972,1.0
46,1971,1.0
46,1970,1.0
46,1969,1.0
46,1968,1.0
46,1967,1.0
46,1966,1.0
46,1965,1.0
46,1976,1.0
46,1964,1.0
46,1962,1.0
46,1961,2.0
44,2013,0.0
44,2012,0.0
44,2011,0.0
44,2010,0.0
44,2009,0.0
44,2008,0.0
44,2007,0.0
44,2006,0.0
46,1963,1.0
48,1974,0.0
48,1975,0.0
48,1976,0.0
107,1996,4.0
107,1995,4.0
107,1994,4.0
107,1993,5.0
107,1992,5.0
107,1991,4.0
107,1990,4.0
107,1989,4.0
107,1988,4.0
107,1987,4.0
107,1986,4.0
107,1985,4.0
107,1984,4.0
107,1983,5.0
107,1982,6.0
107,1981,5.0
107,1980,5.0
107,1979,5.0
107,1978,3.0
107,1977,3.0
107,1976,3.0
107,1997,4.0
107,1998,4.0
107,1999,4.0
107,2000,5.0
49,1969,1.0
49,1968,1.0
49,1967,1.0
49,1966,1.0
49,1965,1.0
49,1964,1.0
49,1963,1.0
49,1962,1.0
49,1961,1.0
107,2013,4.0
107,1975,3.0
107,2012,4.0
107,2010,4.0
107,2009,4.0
107,2008,4.0
107,2007,4.0
107,2006,4.0
107,2005,4.0
107,2004,4.0
107,2003,4.0
107,2002,4.0
107,2001,4.0
107,2011,5.0
107,1974,3.0
107,1973,3.0
107,1972,3.0
48,1998,0.0
48,1997,0.0
48,1996,0.0
48,1995,0.0
48,1994,0.0
48,1993,0.0
48,1992,0.0
48,1991,0.0
48,1990,0.0
48,1989,0.0
48,1999,0.0
48,1988,0.0
48,1986,0.0
48,1985,0.0
48,1984,0.0
48,1983,0.0
48,1982,0.0
48,1981,0.0
48,1980,0.0
48,1979,0.0
48,1978,0.0
48,1977,0.0
48,1987,0.0
44,1980,0.0
48,2000,0.0
48,2002,0.0
107,1971,3.0
107,1970,3.0
107,1969,3.0
107,1968,3.0
107,1967,2.0
107,1966,2.0
107,1965,3.0
107,1964,3.0
107,1963,3.0
107,1962,3.0
48,2001,0.0
107,1961,3.0
48,2012,0.0
48,2011,0.0
48,2010,0.0
48,2009,0.0
48,2008,0.0
48,2007,0.0
48,2006,0.0
48,2005,0.0
48,2004,0.0
48,2003,0.0
48,2013,0.0
49,1970,1.0
44,1979,0.0
44,1977,0.0
39,2006,20.0
39,2005,24.0
39,2004,24.0
39,2003,24.0
39,2002,24.0
39,2001,24.0
39,2000,23.0
39,1999,21.0
39,1998,19.0
39,1997,21.0
39,1996,20.0
39,1995,16.0
39,1994,16.0
39,1993,14.0
39,1992,13.0
39,1991,13.0
39,1990,11.0
39,1989,9.0
39,1988,7.0
39,1987,6.0
39,1986,7.0
39,2007,27.0
39,2008,23.0
39,2009,23.0
39,2010,24.0
41,1979,147.0
41,1978,131.0
41,1977,111.0
41,1976,106.0
41,1975,116.0
41,1974,118.0
41,1973,115.0
41,1972,111.0
41,1971,118.0
41,1970,112.0
39,1985,7.0
41,1969,108.0
41,1967,110.0
41,1966,122.0
41,1965,121.0
41,1964,116.0
41,1963,113.0
41,1962,92.0
41,1961,82.0
39,2013,23.0
39,2012,23.0
39,2011,20.0
41,1968,109.0
41,1980,156.0
39,1984,7.0
39,1982,6.0
37,2008,7.0
37,2007,7.0
37,2006,7.0
37,2005,6.0
37,2004,6.0
37,2003,6.0
37,2002,5.0
37,2001,5.0
37,2000,5.0
37,1999,4.0
37,1998,4.0
37,1997,4.0
37,1996,4.0
37,1995,4.0
37,1994,4.0
37,1993,4.0
37,1992,3.0
37,1991,3.0
37,1990,3.0
37,1989,4.0
37,1988,4.0
37,2009,4.0
37,2010,4.0
37,2011,4.0
37,2012,4.0
39,1981,5.0
39,1980,8.0
39,1979,8.0
39,1978,8.0
39,1977,7.0
39,1976,7.0
39,1975,7.0
39,1974,7.0
39,1973,7.0
39,1972,7.0
39,1983,6.0
39,1971,7.0
39,1969,6.0
39,1968,8.0
39,1967,7.0
39,1966,6.0
39,1965,6.0
39,1964,9.0
39,1963,9.0
39,1962,8.0
39,1961,8.0
37,2013,4.0
39,1970,7.0
41,1981,152.0
41,1982,139.0
41,1983,152.0
214,2003,3.0
214,2002,3.0
214,2001,3.0
214,2000,3.0
214,1999,4.0
214,1998,3.0
214,1997,4.0
214,1996,4.0
214,1995,4.0
214,1994,4.0
214,1993,4.0
214,1992,3.0
214,1991,3.0
214,1990,2.0
214,1989,2.0
214,1988,4.0
214,1987,6.0
214,1986,5.0
214,1985,5.0
214,1984,5.0
214,1983,4.0
214,2004,3.0
214,2005,3.0
214,2006,3.0
214,2007,3.0
44,1976,0.0
44,1975,0.0
44,1974,0.0
44,1973,0.0
44,1972,0.0
44,1971,0.0
44,1970,0.0
44,1969,0.0
44,1968,0.0
44,1967,0.0
214,1982,5.0
44,1966,0.0
44,1964,0.0
44,1963,0.0
44,1962,0.0
44,1961,0.0
214,2013,3.0
214,2012,3.0
214,2011,3.0
214,2010,3.0
214,2009,3.0
214,2008,3.0
44,1965,0.0
214,1981,5.0
214,1980,5.0
214,1979,5.0
41,2005,249.0
41,2004,294.0
41,2003,299.0
41,2002,319.0
41,2001,310.0
41,2000,314.0
41,1999,306.0
41,1998,269.0
41,1997,255.0
41,1996,234.0
41,2006,249.0
41,1995,228.0
41,1993,238.0
41,1992,213.0
41,1991,187.0
41,1990,181.0
41,1989,183.0
41,1988,186.0
41,1987,188.0
41,1986,190.0
41,1985,205.0
41,1984,209.0
41,1994,240.0
44,1978,0.0
41,2007,267.0
41,2009,285.0
214,1978,5.0
214,1977,5.0
214,1976,5.0
214,1975,6.0
214,1974,6.0
214,1973,7.0
214,1972,7.0
214,1971,12.0
214,1970,12.0
214,1969,13.0
41,2008,276.0
214,1968,10.0
214,1966,9.0
214,1965,0.0
214,1964,4.0
214,1963,3.0
214,1962,3.0
214,1961,3.0
41,2013,292.0
41,2012,292.0
41,2011,296.0
41,2010,289.0
214,1967,11.0
37,1987,4.0
49,1971,1.0
49,1973,1.0
62,1964,2.0
62,1963,2.0
62,1962,2.0
62,1961,2.0
238,2013,3.0
238,2012,3.0
238,2011,4.0
238,2010,3.0
238,2009,2.0
238,2008,2.0
238,2007,2.0
238,2006,2.0
238,2005,2.0
238,2004,1.0
238,2003,1.0
238,2002,1.0
238,2001,1.0
238,2000,1.0
238,1999,1.0
238,1998,1.0
238,1997,1.0
62,1965,2.0
62,1966,2.0
62,1967,2.0
62,1968,2.0
62,1990,2.0
62,1989,2.0
62,1988,2.0
62,1987,2.0
62,1986,2.0
62,1985,2.0
62,1984,2.0
62,1983,2.0
62,1982,2.0
62,1981,2.0
238,1996,1.0
62,1980,2.0
62,1978,2.0
62,1977,2.0
62,1976,2.0
62,1975,2.0
62,1974,2.0
62,1973,2.0
62,1972,2.0
62,1971,2.0
62,1970,2.0
62,1969,2.0
62,1979,2.0
62,1991,2.0
238,1995,1.0
238,1993,1.0
59,1987,1.0
59,1986,0.0
59,1985,0.0
59,1984,0.0
59,1983,0.0
59,1982,0.0
59,1981,0.0
59,1980,0.0
59,1979,0.0
59,1978,0.0
59,1977,1.0
59,1976,0.0
59,1975,0.0
59,1974,1.0
59,1973,1.0
59,1972,1.0
59,1971,1.0
59,1970,1.0
59,1969,1.0
59,1968,1.0
59,1967,1.0
59,1988,1.0
59,1989,1.0
59,1990,1.0
59,1991,1.0
59,2013,4.0
59,2012,1.0
59,2011,2.0
59,2010,2.0
59,2009,2.0
59,2008,2.0
59,2007,2.0
59,2006,2.0
59,2005,2.0
59,2004,3.0
238,1994,1.0
59,2003,3.0
59,2001,3.0
59,2000,3.0
59,1999,3.0
59,1998,2.0
59,1997,2.0
59,1996,2.0
59,1995,2.0
59,1994,2.0
59,1993,2.0
59,1992,1.0
59,2002,3.0
62,1992,2.0
66,1961,0.0
66,1962,0.0
74,1982,0.0
74,1981,0.0
74,1980,0.0
74,1979,0.0
74,1978,0.0
74,1977,0.0
74,1976,0.0
74,1975,0.0
74,1974,0.0
74,1973,0.0
74,1972,0.0
74,1971,0.0
74,1970,0.0
74,1969,0.0
74,1968,0.0
74,1967,0.0
74,1966,0.0
74,1965,0.0
74,1964,0.0
74,1963,0.0
74,1962,0.0
74,1983,0.0
74,1984,1.0
74,1985,1.0
74,1986,1.0
74,2008,1.0
74,2007,1.0
74,2006,1.0
74,2005,1.0
74,2004,1.0
74,2003,1.0
74,2002,1.0
74,2001,1.0
74,2000,1.0
74,1999,1.0
74,1961,0.0
74,1998,1.0
74,1996,1.0
74,1995,1.0
74,1994,1.0
74,1993,1.0
74,1992,1.0
74,1991,1.0
74,1990,1.0
74,1989,1.0
74,1988,1.0
74,1987,1.0
74,1997,1.0
66,2013,0.0
66,2012,0.0
66,2011,0.0
66,1984,0.0
66,1983,0.0
66,1982,0.0
66,1981,0.0
66,1980,0.0
66,1979,0.0
66,1978,0.0
66,1977,0.0
66,1976,0.0
66,1975,0.0
66,1985,0.0
66,1974,0.0
66,1972,0.0
66,1971,0.0
66,1970,0.0
66,1969,0.0
66,1968,0.0
66,1967,0.0
66,1966,0.0
66,1965,0.0
66,1964,0.0
66,1963,0.0
66,1973,0.0
59,1966,1.0
66,1986,0.0
66,1988,0.0
66,2010,0.0
66,2009,0.0
66,2008,0.0
66,2007,0.0
66,2006,0.0
66,2005,0.0
66,2004,0.0
66,2003,0.0
66,2002,0.0
66,2001,0.0
66,1987,0.0
66,2000,0.0
66,1998,0.0
66,1997,0.0
66,1996,0.0
66,1995,0.0
66,1994,0.0
66,1993,0.0
66,1992,0.0
66,1991,0.0
66,1990,0.0
66,1989,0.0
66,1999,0.0
49,1972,1.0
59,1965,1.0
59,1963,1.0
50,1992,0.0
50,1991,0.0
50,1990,0.0
50,1989,0.0
50,1988,0.0
50,1987,0.0
50,1986,0.0
50,1985,0.0
50,1984,0.0
50,1983,0.0
50,1982,0.0
50,1981,0.0
50,1980,0.0
50,1979,0.0
50,1978,0.0
50,1977,0.0
50,1976,0.0
50,1975,0.0
50,1974,0.0
50,1973,0.0
50,1972,0.0
50,1993,0.0
50,1994,0.0
50,1995,0.0
50,1996,0.0
56,1965,1.0
56,1964,1.0
56,1963,1.0
56,1962,1.0
56,1961,1.0
50,2013,0.0
50,2012,0.0
50,2011,0.0
50,2010,0.0
50,2009,0.0
50,1971,0.0
50,2008,0.0
50,2006,0.0
50,2005,0.0
50,2004,0.0
50,2003,0.0
50,2002,0.0
50,2001,0.0
50,2000,0.0
50,1999,0.0
50,1998,0.0
50,1997,0.0
50,2007,0.0
56,1966,1.0
50,1970,0.0
50,1968,0.0
49,1994,1.0
49,1993,1.0
49,1992,1.0
49,1991,1.0
49,1990,1.0
49,1989,1.0
49,1988,1.0
49,1987,1.0
49,1986,1.0
49,1985,1.0
49,1984,1.0
49,1983,1.0
49,1982,1.0
49,1981,1.0
49,1980,1.0
49,1979,1.0
49,1978,1.0
49,1977,1.0
49,1976,1.0
49,1975,1.0
49,1974,1.0
49,1995,1.0
49,1996,1.0
49,1997,1.0
49,1998,1.0
50,1967,0.0
50,1966,0.0
50,1965,0.0
50,1964,0.0
50,1963,0.0
50,1962,0.0
50,1961,0.0
49,2013,0.0
49,2012,0.0
49,2011,0.0
50,1969,0.0
49,2010,0.0
49,2008,0.0
49,2007,0.0
49,2006,1.0
49,2005,1.0
49,2004,1.0
49,2003,1.0
49,2002,1.0
49,2001,1.0
49,2000,1.0
49,1999,1.0
49,2009,0.0
56,1967,1.0
56,1968,2.0
56,1969,2.0
58,1989,1.0
58,1988,1.0
58,1987,1.0
58,1986,1.0
58,1985,1.0
58,1984,0.0
58,1983,0.0
58,1982,0.0
58,1981,0.0
58,1980,1.0
58,1979,1.0
58,1978,1.0
58,1977,1.0
58,1976,1.0
58,1975,1.0
58,1974,1.0
58,1973,1.0
58,1972,1.0
58,1971,1.0
58,1970,1.0
58,1969,0.0
58,1990,1.0
58,1991,1.0
58,1992,0.0
58,1993,1.0
59,1962,1.0
59,1961,1.0
58,2013,1.0
58,2012,1.0
58,2011,1.0
58,2010,1.0
58,2009,1.0
58,2008,1.0
58,2007,1.0
58,2006,1.0
58,1968,0.0
58,2005,1.0
58,2003,1.0
58,2002,0.0
58,2001,2.0
58,2000,2.0
58,1999,1.0
58,1998,0.0
58,1997,1.0
58,1996,1.0
58,1995,1.0
58,1994,1.0
58,2004,1.0
58,1967,1.0
58,1966,1.0
58,1965,1.0
56,1991,0.0
56,1990,1.0
56,1989,1.0
56,1988,1.0
56,1987,1.0
56,1986,1.0
56,1985,1.0
56,1984,1.0
56,1983,1.0
56,1982,1.0
56,1992,0.0
56,1981,1.0
56,1979,1.0
56,1978,1.0
56,1977,2.0
56,1976,1.0
56,1975,2.0
56,1974,1.0
56,1973,2.0
56,1972,2.0
56,1971,2.0
56,1970,2.0
56,1980,1.0
59,1964,1.0
56,1993,0.0
56,1995,0.0
58,1964,1.0
58,1963,1.0
58,1962,1.0
58,1961,0.0
56,2013,0.0
56,2012,0.0
56,2011,0.0
56,2010,0.0
56,2009,0.0
56,2008,0.0
56,1994,0.0
56,2007,0.0
56,2005,0.0
56,2004,0.0
56,2003,0.0
56,2002,0.0
56,2001,0.0
56,2000,0.0
56,1999,0.0
56,1998,0.0
56,1997,0.0
56,1996,0.0
56,2006,0.0
37,1986,4.0
37,1985,4.0
37,1984,3.0
23,1973,0.0
23,1972,0.0
23,1971,0.0
23,1970,0.0
23,1969,0.0
23,1968,0.0
23,1967,0.0
23,1966,0.0
23,1965,0.0
23,1964,0.0
23,1963,0.0
23,1962,0.0
23,1961,0.0
16,2013,3.0
16,2012,3.0
16,2011,3.0
16,2010,3.0
16,2009,3.0
16,2008,3.0
16,2007,3.0
16,2006,3.0
23,1974,0.0
23,1975,0.0
23,1976,0.0
23,1977,0.0
23,1999,0.0
23,1998,0.0
23,1997,0.0
23,1996,0.0
23,1995,0.0
23,1994,0.0
23,1993,0.0
23,1992,0.0
23,1991,0.0
23,1990,0.0
16,2005,3.0
23,1989,0.0
23,1987,0.0
23,1986,0.0
23,1985,0.0
23,1984,0.0
23,1983,0.0
23,1982,0.0
23,1981,0.0
23,1980,0.0
23,1979,0.0
23,1978,0.0
23,1988,0.0
23,2000,0.0
16,2004,3.0
16,2002,2.0
16,1975,2.0
16,1974,2.0
16,1973,2.0
16,1972,2.0
16,1971,2.0
16,1970,2.0
16,1969,3.0
16,1968,3.0
16,1967,3.0
16,1966,3.0
16,1965,2.0
16,1964,1.0
16,1963,1.0
16,1962,1.0
16,1961,1.0
10,2013,0.0
10,2012,0.0
10,2011,0.0
10,2010,0.0
10,2009,0.0
10,2008,0.0
16,1976,2.0
16,1977,2.0
16,1978,2.0
16,1979,2.0
16,2001,2.0
16,2000,2.0
16,1999,3.0
16,1998,3.0
16,1997,3.0
16,1996,3.0
16,1995,3.0
16,1994,3.0
16,1993,3.0
16,1992,3.0
16,2003,2.0
16,1991,4.0
16,1989,4.0
16,1988,3.0
16,1987,4.0
16,1986,3.0
16,1985,3.0
16,1984,3.0
16,1983,3.0
16,1982,2.0
16,1981,2.0
16,1980,2.0
16,1990,4.0
23,2001,0.0
23,2002,0.0
23,2003,0.0
19,1970,0.0
19,1969,0.0
19,1968,0.0
19,1967,0.0
19,1966,0.0
19,1965,0.0
19,1964,0.0
19,1963,0.0
19,1962,0.0
19,1961,0.0
53,2013,8.0
53,2012,8.0
53,2011,7.0
53,2010,7.0
53,2009,9.0
53,2008,6.0
53,2007,6.0
53,2006,6.0
53,2005,5.0
53,2004,7.0
53,2003,8.0
19,1971,0.0
19,1972,1.0
19,1973,1.0
19,1974,1.0
19,1996,1.0
19,1995,1.0
19,1994,1.0
19,1993,1.0
19,1992,1.0
19,1991,1.0
19,1990,1.0
19,1989,1.0
19,1988,1.0
19,1987,1.0
53,2002,8.0
19,1986,1.0
19,1984,1.0
19,1983,1.0
19,1982,0.0
19,1981,1.0
19,1980,1.0
19,1979,1.0
19,1978,1.0
19,1977,1.0
19,1976,1.0
19,1975,1.0
19,1985,1.0
53,2001,8.0
53,2000,7.0
53,1999,7.0
53,1972,3.0
53,1971,4.0
53,1970,4.0
53,1969,5.0
53,1968,5.0
53,1967,5.0
53,1966,4.0
53,1965,4.0
53,1964,4.0
53,1963,3.0
53,1973,3.0
53,1962,4.0
23,2013,0.0
23,2012,0.0
23,2011,0.0
23,2010,0.0
23,2009,0.0
23,2008,0.0
23,2007,0.0
23,2006,0.0
23,2005,0.0
23,2004,0.0
53,1961,4.0
10,2007,0.0
53,1974,3.0
53,1976,4.0
53,1998,6.0
53,1997,6.0
53,1996,6.0
53,1995,5.0
53,1994,6.0
53,1993,5.0
53,1992,5.0
53,1991,5.0
53,1990,5.0
53,1989,5.0
53,1975,4.0
53,1988,5.0
53,1986,4.0
53,1985,4.0
53,1984,5.0
53,1983,4.0
53,1982,3.0
53,1981,3.0
53,1980,4.0
53,1979,4.0
53,1978,5.0
53,1977,4.0
53,1987,5.0
19,1997,1.0
10,2006,0.0
10,2004,0.0
7,1980,1.0
7,1979,1.0
7,1978,1.0
7,1977,1.0
7,1976,1.0
7,1975,1.0
7,1974,1.0
7,1973,1.0
7,1972,1.0
7,1971,1.0
7,1970,1.0
7,1969,1.0
7,1968,1.0
7,1967,1.0
7,1966,1.0
7,1965,1.0
7,1964,1.0
7,1963,1.0
7,1962,1.0
7,1961,1.0
4,2013,0.0
7,1981,1.0
7,1982,1.0
7,1983,1.0
7,1984,1.0
7,2006,5.0
7,2005,4.0
7,2004,4.0
7,2003,4.0
7,2002,3.0
7,2001,2.0
7,2000,2.0
7,1999,1.0
7,1998,1.0
7,1997,1.0
4,2012,0.0
7,1996,1.0
7,1994,1.0
7,1993,1.0
7,1992,1.0
7,1991,1.0
7,1990,1.0
7,1989,1.0
7,1988,1.0
7,1987,1.0
7,1986,1.0
7,1985,1.0
7,1995,1.0
7,2007,5.0
4,2011,0.0
4,2009,0.0
4,1982,0.0
4,1981,0.0
4,1980,0.0
4,1979,0.0
4,1978,0.0
4,1977,0.0
4,1976,0.0
4,1975,0.0
4,1974,0.0
4,1973,0.0
4,1972,0.0
4,1971,0.0
4,1970,0.0
4,1969,0.0
4,1968,0.0
4,1967,0.0
4,1966,0.0
4,1965,0.0
4,1964,0.0
4,1963,0.0
4,1962,0.0
4,1983,0.0
4,1984,0.0
4,1985,0.0
4,1986,0.0
4,2008,0.0
4,2007,0.0
4,2006,0.0
4,2005,0.0
4,2004,0.0
4,2003,0.0
4,2002,0.0
4,2001,0.0
4,2000,0.0
4,1999,0.0
4,2010,0.0
4,1998,0.0
4,1996,0.0
4,1995,0.0
4,1994,0.0
4,1993,0.0
4,1992,0.0
4,1991,0.0
4,1990,0.0
4,1989,0.0
4,1988,0.0
4,1987,0.0
4,1997,0.0
7,2008,6.0
7,2009,6.0
7,2010,7.0
10,1977,1.0
10,1976,1.0
10,1975,1.0
10,1974,1.0
10,1973,1.0
10,1972,1.0
10,1971,1.0
10,1970,1.0
10,1969,1.0
10,1968,1.0
10,1967,1.0
10,1966,1.0
10,1965,0.0
10,1964,0.0
10,1963,0.0
10,1962,0.0
10,1961,0.0
9,2013,23.0
9,2012,23.0
9,2011,17.0
9,2010,15.0
10,1978,1.0
10,1979,1.0
10,1980,1.0
10,1981,1.0
10,2003,0.0
10,2002,0.0
10,2001,0.0
10,2000,0.0
10,1999,0.0
10,1998,0.0
10,1997,0.0
10,1996,0.0
10,1995,0.0
10,1994,0.0
9,2009,12.0
10,1993,0.0
10,1991,0.0
10,1990,0.0
10,1989,0.0
10,1988,0.0
10,1987,1.0
10,1986,1.0
10,1985,1.0
10,1984,1.0
10,1983,1.0
10,1982,1.0
10,1992,0.0
9,2008,15.0
9,2007,13.0
9,2006,12.0
9,1979,16.0
9,1978,22.0
9,1977,25.0
9,1976,21.0
9,1975,19.0
9,1974,21.0
9,1973,20.0
9,1972,22.0
9,1971,18.0
9,1970,18.0
9,1980,11.0
9,1969,12.0
9,1967,16.0
9,1966,19.0
9,1965,20.0
9,1964,22.0
9,1963,20.0
9,1962,16.0
9,1961,16.0
7,2013,16.0
7,2012,7.0
7,2011,5.0
9,1968,14.0
10,2005,0.0
9,1981,10.0
9,1983,8.0
9,2005,10.0
9,2004,12.0
9,2003,10.0
9,2002,9.0
9,2001,12.0
9,2000,14.0
9,1999,12.0
9,1998,19.0
9,1997,23.0
9,1996,18.0
9,1982,7.0
9,1995,13.0
9,1993,7.0
9,1992,6.0
9,1991,9.0
9,1990,11.0
9,1989,10.0
9,1988,9.0
9,1987,11.0
9,1986,13.0
9,1985,10.0
9,1984,8.0
9,1994,9.0
19,1998,1.0
19,1999,1.0
19,2000,1.0
35,2013,0.0
35,2012,0.0
35,2011,0.0
35,2010,0.0
35,2009,0.0
35,2008,0.0
35,2007,0.0
35,2006,0.0
35,2005,0.0
35,2004,0.0
35,2003,0.0
35,2002,0.0
35,2001,0.0
35,2000,0.0
35,1999,0.0
35,1998,0.0
35,1997,0.0
35,1996,0.0
35,1995,0.0
35,1994,0.0
35,1993,0.0
115,1961,1.0
115,1962,1.0
115,1963,1.0
115,1964,2.0
115,1986,0.0
115,1985,0.0
115,1984,1.0
115,1983,1.0
115,1982,1.0
115,1981,1.0
115,1980,1.0
115,1979,0.0
115,1978,0.0
115,1977,1.0
35,1992,0.0
115,1976,1.0
115,1974,1.0
115,1973,1.0
115,1972,1.0
115,1971,1.0
115,1970,1.0
115,1969,2.0
115,1968,2.0
115,1967,2.0
115,1966,2.0
115,1965,2.0
115,1975,1.0
115,1987,1.0
35,1991,0.0
35,1989,0.0
35,1962,0.0
35,1961,0.0
233,2013,22.0
233,2012,22.0
233,2011,19.0
233,2010,19.0
233,2009,20.0
233,2008,22.0
233,2007,18.0
233,2006,20.0
233,2005,15.0
233,2004,13.0
233,2003,17.0
233,2002,20.0
233,2001,17.0
233,2000,16.0
233,1999,12.0
233,1998,13.0
233,1997,11.0
233,1996,11.0
233,1995,10.0
35,1963,0.0
35,1964,0.0
35,1965,0.0
35,1966,0.0
35,1988,0.0
35,1987,0.0
35,1986,0.0
35,1985,0.0
35,1984,0.0
35,1983,0.0
35,1982,0.0
35,1981,0.0
35,1980,0.0
35,1979,0.0
35,1990,0.0
35,1978,0.0
35,1976,0.0
35,1975,0.0
35,1974,0.0
35,1973,0.0
35,1972,0.0
35,1971,0.0
35,1970,0.0
35,1969,0.0
35,1968,0.0
35,1967,0.0
35,1977,0.0
115,1988,0.0
115,1989,0.0
115,1990,1.0
32,2010,28.0
32,2009,21.0
32,2008,21.0
32,2007,19.0
32,2006,19.0
32,2005,13.0
32,2004,12.0
32,2003,17.0
32,2002,17.0
32,2001,16.0
32,2000,11.0
32,1999,11.0
32,1998,11.0
32,1997,18.0
32,1996,18.0
32,1995,18.0
32,1994,18.0
32,1993,18.0
32,1992,18.0
32,1991,18.0
32,1990,18.0
32,2011,24.0
32,2012,26.0
32,2013,25.0
37,1961,3.0
37,1983,4.0
37,1982,6.0
37,1981,6.0
37,1980,6.0
37,1979,5.0
37,1978,5.0
37,1977,4.0
37,1976,4.0
37,1975,5.0
37,1974,5.0
32,1989,18.0
37,1973,6.0
37,1971,5.0
37,1970,5.0
37,1969,5.0
37,1968,4.0
37,1967,4.0
37,1966,4.0
37,1965,3.0
37,1964,3.0
37,1963,3.0
37,1962,3.0
37,1972,6.0
32,1988,18.0
32,1987,18.0
32,1986,18.0
115,2012,1.0
115,2011,1.0
115,2010,1.0
115,2009,2.0
115,2008,1.0
115,2007,1.0
115,2006,2.0
115,2005,1.0
115,2004,1.0
115,2003,1.0
115,2013,1.0
115,2002,1.0
115,2000,1.0
115,1999,1.0
115,1998,1.0
115,1997,1.0
115,1996,1.0
115,1995,1.0
115,1994,1.0
115,1993,1.0
115,1992,1.0
115,1991,1.0
115,2001,1.0
233,1994,13.0
32,1961,7.0
32,1963,7.0
32,1985,18.0
32,1984,18.0
32,1983,18.0
32,1982,15.0
32,1981,17.0
32,1980,17.0
32,1979,20.0
32,1978,19.0
32,1977,22.0
32,1976,19.0
32,1962,8.0
32,1975,19.0
32,1973,17.0
32,1972,17.0
32,1971,16.0
32,1970,15.0
32,1969,14.0
32,1968,12.0
32,1967,12.0
32,1966,12.0
32,1965,11.0
32,1964,9.0
32,1974,21.0
233,1993,12.0
233,1992,11.0
233,1991,11.0
21,1967,17.0
21,1966,19.0
21,1965,18.0
21,1964,15.0
21,1963,12.0
21,1962,12.0
21,1961,13.0
20,2013,0.0
20,2012,0.0
20,2011,0.0
20,2010,0.0
20,2009,0.0
20,2008,0.0
20,2007,0.0
20,2006,0.0
20,2005,0.0
20,2004,0.0
20,2003,0.0
20,2002,0.0
20,2001,0.0
20,2000,0.0
21,1968,17.0
21,1969,19.0
21,1970,20.0
21,1971,21.0
21,1993,3.0
21,1992,2.0
21,1991,3.0
21,1990,3.0
21,1989,2.0
21,1988,2.0
21,1987,3.0
21,1986,4.0
21,1985,4.0
21,1984,5.0
20,1999,0.0
21,1983,4.0
21,1981,7.0
21,1980,7.0
21,1979,9.0
21,1978,8.0
21,1977,7.0
21,1976,6.0
21,1975,10.0
21,1974,10.0
21,1973,10.0
21,1972,14.0
21,1982,6.0
20,1998,0.0
20,1997,0.0
20,1996,0.0
20,1969,0.0
20,1968,0.0
20,1967,0.0
20,1966,0.0
20,1965,0.0
20,1964,0.0
20,1963,0.0
20,1962,0.0
20,1961,0.0
19,2013,1.0
20,1970,0.0
19,2012,1.0
19,2010,1.0
19,2009,1.0
19,2008,1.0
19,2007,1.0
19,2006,1.0
19,2005,1.0
19,2004,1.0
19,2003,1.0
19,2002,1.0
19,2001,1.0
19,2011,1.0
21,1994,3.0
20,1971,0.0
20,1973,0.0
20,1995,0.0
20,1994,0.0
20,1993,0.0
20,1992,0.0
20,1991,0.0
20,1990,0.0
20,1989,0.0
20,1988,0.0
20,1987,0.0
20,1986,0.0
20,1972,0.0
20,1985,0.0
20,1983,0.0
20,1982,0.0
20,1981,0.0
20,1980,0.0
20,1979,0.0
20,1978,0.0
20,1977,0.0
20,1976,0.0
20,1975,0.0
20,1974,0.0
20,1984,0.0
74,2009,1.0
21,1995,2.0
21,1997,3.0
233,1964,6.0
233,1963,6.0
233,1962,5.0
233,1961,6.0
27,2013,1.0
27,2012,1.0
27,2011,1.0
27,2010,1.0
27,2009,1.0
27,2008,1.0
27,2007,1.0
27,2006,1.0
27,2005,1.0
27,2004,1.0
27,2003,1.0
27,2002,1.0
27,2001,1.0
27,2000,1.0
27,1999,1.0
27,1998,1.0
27,1997,1.0
233,1965,7.0
233,1966,7.0
233,1967,7.0
233,1968,7.0
233,1990,9.0
233,1989,9.0
233,1988,9.0
233,1987,11.0
233,1986,10.0
233,1985,10.0
233,1984,8.0
233,1983,6.0
233,1982,7.0
233,1981,8.0
27,1996,1.0
233,1980,6.0
233,1978,8.0
233,1977,7.0
233,1976,8.0
233,1975,8.0
233,1974,8.0
233,1973,9.0
233,1972,8.0
233,1971,5.0
233,1970,7.0
233,1969,7.0
233,1979,5.0
27,1995,1.0
27,1994,1.0
27,1993,1.0
27,1966,0.0
27,1965,0.0
27,1964,0.0
27,1963,0.0
27,1962,0.0
27,1961,0.0
21,2013,3.0
21,2012,3.0
21,2011,3.0
21,2010,3.0
27,1967,0.0
21,2009,3.0
21,2007,3.0
21,2006,3.0
21,2005,3.0
21,2004,4.0
21,2003,3.0
21,2002,2.0
21,2001,3.0
21,2000,3.0
21,1999,3.0
21,1998,3.0
21,2008,3.0
21,1996,2.0
27,1968,0.0
27,1970,0.0
27,1992,1.0
27,1991,1.0
27,1990,2.0
27,1989,1.0
27,1988,1.0
27,1987,1.0
27,1986,1.0
27,1985,1.0
27,1984,0.0
27,1983,0.0
27,1969,0.0
27,1982,1.0
27,1980,1.0
27,1979,0.0
27,1978,0.0
27,1977,1.0
27,1976,0.0
27,1975,0.0
27,1974,0.0
27,1973,0.0
27,1972,0.0
27,1971,0.0
27,1981,1.0
147,1986,0.0
74,2010,1.0
74,2012,1.0
129,1975,4.0
129,1974,2.0
129,1973,3.0
129,1972,3.0
129,1971,3.0
129,1970,3.0
129,1969,3.0
129,1968,3.0
129,1967,3.0
129,1966,3.0
129,1965,3.0
129,1964,3.0
129,1963,3.0
129,1962,3.0
129,1961,3.0
123,2013,0.0
123,2012,0.0
123,2011,0.0
123,2010,0.0
123,2009,0.0
123,2008,0.0
129,1976,3.0
129,1977,3.0
129,1978,3.0
129,1979,3.0
129,2001,3.0
129,2000,3.0
129,1999,3.0
129,1998,3.0
129,1997,3.0
129,1996,3.0
129,1995,3.0
129,1994,3.0
129,1993,3.0
129,1992,4.0
123,2007,0.0
129,1991,3.0
129,1989,2.0
129,1988,2.0
129,1987,2.0
129,1986,2.0
129,1985,2.0
129,1984,2.0
129,1983,2.0
129,1982,2.0
129,1981,2.0
129,1980,2.0
129,1990,4.0
129,2002,3.0
123,2006,0.0
123,2004,0.0
123,1977,0.0
123,1976,0.0
123,1975,0.0
123,1974,0.0
123,1973,0.0
123,1972,0.0
123,1971,0.0
123,1970,0.0
123,1969,0.0
123,1968,0.0
123,1967,0.0
123,1966,0.0
123,1965,0.0
123,1964,0.0
123,1963,0.0
123,1962,0.0
123,1961,0.0
121,2013,0.0
121,2012,0.0
121,2011,0.0
121,2010,0.0
123,1978,0.0
123,1979,0.0
123,1980,0.0
123,1981,0.0
123,2003,0.0
123,2002,0.0
123,2001,0.0
123,2000,0.0
123,1999,0.0
123,1998,0.0
123,1997,0.0
123,1996,0.0
123,1995,0.0
123,1994,0.0
123,2005,0.0
123,1993,0.0
123,1991,0.0
123,1990,0.0
123,1989,0.0
123,1988,0.0
123,1987,0.0
123,1986,0.0
123,1985,0.0
123,1984,0.0
123,1983,0.0
123,1982,0.0
123,1992,0.0
129,2003,3.0
129,2004,3.0
129,2005,3.0
131,1972,0.0
131,1971,0.0
131,1970,0.0
131,1969,0.0
131,1968,0.0
131,1967,0.0
131,1966,0.0
131,1965,0.0
131,1964,0.0
131,1963,0.0
131,1962,0.0
131,1961,0.0
130,2013,19.0
130,2012,20.0
130,2011,20.0
130,2010,17.0
130,2009,17.0
130,2008,15.0
130,2007,15.0
130,2006,14.0
130,2005,14.0
131,1973,0.0
131,1974,0.0
131,1975,0.0
131,1976,0.0
131,1998,0.0
131,1997,0.0
131,1996,0.0
131,1995,0.0
131,1994,0.0
131,1993,0.0
131,1992,0.0
131,1991,0.0
131,1990,0.0
131,1989,0.0
130,2004,14.0
131,1988,0.0
131,1986,0.0
131,1985,0.0
131,1984,0.0
131,1983,0.0
131,1982,0.0
131,1981,0.0
131,1980,0.0
131,1979,0.0
131,1978,0.0
131,1977,0.0
131,1987,0.0
130,2003,12.0
130,2002,13.0
130,2001,12.0
130,1974,13.0
130,1973,13.0
130,1972,13.0
130,1971,14.0
130,1970,14.0
130,1969,12.0
130,1968,13.0
130,1967,12.0
130,1966,12.0
130,1965,11.0
130,1975,13.0
130,1964,11.0
130,1962,11.0
130,1961,10.0
129,2013,3.0
129,2012,3.0
129,2011,3.0
129,2010,3.0
129,2009,3.0
129,2008,3.0
129,2007,3.0
129,2006,3.0
130,1963,10.0
121,2009,0.0
130,1976,14.0
130,1978,14.0
130,2000,10.0
130,1999,9.0
130,1998,10.0
130,1997,8.0
130,1996,6.0
130,1995,4.0
130,1994,5.0
130,1993,5.0
130,1992,3.0
130,1991,4.0
130,1977,14.0
130,1990,4.0
130,1988,8.0
130,1987,10.0
130,1986,12.0
130,1985,10.0
130,1984,8.0
130,1983,8.0
130,1982,8.0
130,1981,14.0
130,1980,14.0
130,1979,14.0
130,1989,3.0
131,1999,0.0
121,2008,0.0
121,2006,0.0
114,1982,0.0
114,1981,0.0
114,1980,0.0
114,1979,1.0
114,1978,1.0
114,1977,1.0
114,1976,1.0
114,1975,1.0
114,1974,1.0
114,1973,0.0
114,1972,0.0
114,1971,0.0
114,1970,0.0
114,1969,0.0
114,1968,0.0
114,1967,0.0
114,1966,0.0
114,1965,0.0
114,1964,0.0
114,1963,0.0
114,1962,0.0
114,1983,0.0
114,1984,1.0
114,1985,1.0
114,1986,1.0
114,2008,1.0
114,2007,1.0
114,2006,1.0
114,2005,1.0
114,2004,1.0
114,2003,1.0
114,2002,1.0
114,2001,1.0
114,2000,1.0
114,1999,1.0
114,1961,0.0
114,1998,1.0
114,1996,1.0
114,1995,1.0
114,1994,1.0
114,1993,1.0
114,1992,1.0
114,1991,1.0
114,1990,1.0
114,1989,1.0
114,1988,1.0
114,1987,1.0
114,1997,0.0
114,2009,1.0
108,2013,5.0
108,2011,1.0
110,2006,0.0
110,2005,0.0
110,2004,0.0
110,2003,0.0
110,2002,0.0
110,2001,0.0
110,2000,0.0
110,1999,0.0
110,1998,0.0
110,1997,0.0
110,1996,0.0
110,1995,1.0
110,1994,1.0
110,1993,1.0
110,1992,1.0
110,1991,1.0
110,1990,1.0
110,1989,1.0
110,1988,1.0
110,1987,1.0
110,1986,1.0
110,2007,0.0
110,2008,0.0
110,2009,0.0
110,2010,0.0
108,2010,1.0
108,2009,0.0
108,2008,0.0
108,2007,0.0
108,2006,0.0
108,2005,0.0
108,2004,0.0
108,2003,0.0
108,2002,0.0
108,2001,0.0
108,2012,2.0
108,2000,0.0
108,1998,0.0
108,1997,1.0
108,1996,0.0
108,1995,1.0
108,1994,1.0
108,1993,1.0
108,1992,0.0
110,2013,0.0
110,2012,0.0
110,2011,0.0
108,1999,0.0
114,2010,1.0
114,2011,1.0
114,2012,1.0
121,1979,0.0
121,1978,0.0
121,1977,0.0
121,1976,0.0
121,1975,0.0
121,1974,0.0
121,1973,0.0
121,1972,0.0
121,1971,0.0
121,1970,0.0
121,1969,0.0
121,1968,0.0
121,1967,0.0
121,1966,0.0
121,1965,0.0
121,1964,0.0
121,1963,0.0
121,1962,0.0
121,1961,0.0
120,2013,2.0
120,2012,2.0
121,1980,0.0
121,1981,0.0
121,1982,0.0
121,1983,0.0
121,2005,0.0
121,2004,0.0
121,2003,0.0
121,2002,0.0
121,2001,0.0
121,2000,0.0
121,1999,0.0
121,1998,0.0
121,1997,0.0
121,1996,0.0
120,2011,2.0
121,1995,0.0
121,1993,0.0
121,1992,0.0
121,1991,0.0
121,1990,0.0
121,1989,0.0
121,1988,0.0
121,1987,0.0
121,1986,0.0
121,1985,0.0
121,1984,0.0
121,1994,0.0
120,2010,2.0
120,2009,2.0
120,2008,1.0
120,1981,1.0
120,1980,1.0
120,1979,1.0
120,1978,1.0
120,1977,1.0
120,1976,0.0
120,1975,0.0
120,1974,0.0
120,1973,0.0
120,1972,0.0
120,1982,1.0
120,1971,0.0
120,1969,0.0
120,1968,0.0
120,1967,0.0
120,1966,0.0
120,1965,0.0
120,1964,0.0
120,1963,0.0
120,1962,0.0
120,1961,0.0
114,2013,1.0
120,1970,0.0
121,2007,0.0
120,1983,1.0
120,1985,0.0
120,2007,1.0
120,2006,1.0
120,2005,1.0
120,2004,1.0
120,2003,1.0
120,2002,1.0
120,2001,1.0
120,2000,1.0
120,1999,1.0
120,1998,1.0
120,1984,0.0
120,1997,1.0
120,1995,1.0
120,1994,1.0
120,1993,0.0
120,1992,0.0
120,1991,1.0
120,1990,0.0
120,1989,0.0
120,1988,0.0
120,1987,0.0
120,1986,0.0
120,1996,1.0
110,1985,1.0
131,2000,0.0
131,2002,0.0
144,1961,17.0
143,2013,1.0
143,2012,1.0
143,2011,1.0
143,2010,1.0
143,2009,2.0
143,2008,2.0
143,2007,2.0
143,2006,2.0
143,2005,1.0
143,2004,2.0
143,2003,2.0
143,2002,2.0
143,2001,2.0
143,2000,2.0
143,1999,2.0
143,1998,2.0
143,1997,2.0
143,1996,3.0
143,1995,1.0
143,1994,1.0
144,1962,17.0
144,1963,18.0
144,1964,19.0
144,1965,19.0
144,1987,19.0
144,1986,18.0
144,1985,18.0
144,1984,18.0
144,1983,18.0
144,1982,17.0
144,1981,18.0
144,1980,20.0
144,1979,20.0
144,1978,20.0
143,1993,3.0
144,1977,20.0
144,1975,20.0
144,1974,20.0
144,1973,20.0
144,1972,20.0
144,1971,20.0
144,1970,20.0
144,1969,20.0
144,1968,20.0
144,1967,20.0
144,1966,19.0
144,1976,20.0
144,1988,19.0
143,1992,2.0
143,1990,1.0
143,1963,0.0
143,1962,0.0
143,1961,0.0
138,2013,2.0
138,2012,2.0
138,2011,2.0
138,2010,2.0
138,2009,2.0
138,2008,2.0
138,2007,1.0
138,2006,2.0
138,2005,1.0
138,2004,2.0
138,2003,2.0
138,2002,1.0
138,2001,2.0
138,2000,2.0
138,1999,3.0
138,1998,3.0
138,1997,3.0
138,1996,3.0
143,1964,0.0
143,1965,0.0
143,1966,0.0
143,1967,0.0
143,1989,2.0
143,1988,2.0
143,1987,3.0
143,1986,2.0
143,1985,2.0
143,1984,2.0
143,1983,2.0
143,1982,2.0
143,1981,3.0
143,1980,3.0
143,1991,2.0
143,1979,2.0
143,1977,2.0
143,1976,2.0
143,1975,1.0
143,1974,1.0
143,1973,1.0
143,1972,1.0
143,1971,1.0
143,1970,0.0
143,1969,0.0
143,1968,0.0
143,1978,2.0
144,1989,19.0
144,1990,19.0
144,1991,17.0
28,2011,104.0
28,2010,103.0
28,2009,103.0
28,2008,99.0
28,2007,96.0
28,2006,89.0
28,2005,86.0
28,2004,81.0
28,2003,77.0
28,2002,61.0
28,2001,53.0
28,2000,46.0
28,1999,39.0
28,1998,32.0
28,1997,22.0
28,1996,23.0
28,1995,26.0
28,1994,25.0
28,1993,24.0
28,1992,24.0
28,1991,25.0
28,2012,105.0
28,2013,105.0
147,1961,0.0
147,1962,0.0
147,1984,0.0
147,1983,0.0
147,1982,0.0
147,1981,0.0
147,1980,0.0
147,1979,0.0
147,1978,0.0
147,1977,0.0
147,1976,0.0
147,1975,0.0
28,1990,27.0
147,1974,0.0
147,1972,0.0
147,1971,0.0
147,1970,0.0
147,1969,0.0
147,1968,0.0
147,1967,0.0
147,1966,0.0
147,1965,0.0
147,1964,0.0
147,1963,0.0
147,1973,0.0
28,1989,27.0
28,1988,27.0
28,1987,26.0
144,2013,17.0
144,2012,17.0
144,2011,22.0
144,2010,16.0
144,2009,20.0
144,2008,20.0
144,2007,26.0
144,2006,22.0
144,2005,18.0
144,2004,24.0
28,1961,28.0
144,2003,16.0
144,2001,18.0
144,2000,13.0
144,1999,15.0
144,1998,15.0
144,1997,16.0
144,1996,16.0
144,1995,15.0
144,1994,15.0
144,1993,13.0
144,1992,12.0
144,2002,16.0
138,1995,2.0
28,1962,30.0
28,1964,26.0
28,1986,28.0
28,1985,29.0
28,1984,32.0
28,1983,28.0
28,1982,28.0
28,1981,29.0
28,1980,25.0
28,1979,24.0
28,1978,27.0
28,1977,29.0
28,1963,30.0
28,1976,30.0
28,1974,33.0
28,1973,32.0
28,1972,31.0
28,1971,33.0
28,1970,34.0
28,1969,30.0
28,1968,30.0
28,1967,25.0
28,1966,22.0
28,1965,26.0
28,1975,34.0
131,2001,0.0
138,1994,2.0
138,1992,2.0
136,1968,0.0
136,1967,0.0
136,1966,0.0
136,1965,0.0
136,1964,0.0
136,1963,0.0
136,1962,0.0
136,1961,0.0
133,2013,18.0
133,2012,18.0
133,2011,17.0
133,2010,17.0
133,2009,17.0
133,2008,16.0
133,2007,19.0
133,2006,16.0
133,2005,16.0
133,2004,13.0
133,2003,11.0
133,2002,12.0
133,2001,13.0
136,1969,0.0
136,1970,0.0
136,1971,0.0
136,1972,0.0
136,1994,0.0
136,1993,0.0
136,1992,0.0
136,1991,0.0
136,1990,0.0
136,1989,0.0
136,1988,0.0
136,1987,0.0
136,1986,0.0
136,1985,0.0
133,2000,10.0
136,1984,0.0
136,1982,0.0
136,1981,0.0
136,1980,0.0
136,1979,0.0
136,1978,0.0
136,1977,0.0
136,1976,0.0
136,1975,0.0
136,1974,0.0
136,1973,0.0
136,1983,0.0
136,1995,0.0
133,1999,10.0
133,1997,7.0
133,1970,12.0
133,1969,15.0
133,1968,10.0
133,1967,10.0
133,1966,6.0
133,1965,6.0
133,1964,7.0
133,1963,7.0
133,1962,9.0
133,1961,9.0
131,2013,0.0
131,2012,0.0
131,2011,0.0
131,2010,0.0
131,2009,0.0
131,2008,0.0
131,2007,0.0
131,2006,0.0
131,2005,0.0
131,2004,0.0
131,2003,0.0
133,1971,12.0
133,1972,10.0
133,1973,12.0
133,1974,10.0
133,1996,7.0
133,1995,7.0
133,1994,8.0
133,1993,13.0
133,1992,9.0
133,1991,8.0
133,1990,8.0
133,1989,12.0
133,1988,7.0
133,1987,8.0
133,1998,12.0
133,1986,6.0
133,1984,4.0
133,1983,4.0
133,1982,6.0
133,1981,7.0
133,1980,8.0
133,1979,8.0
133,1978,8.0
133,1977,7.0
133,1976,10.0
133,1975,10.0
133,1985,5.0
136,1996,0.0
136,1997,0.0
136,1998,0.0
138,1965,2.0
138,1964,2.0
138,1963,2.0
138,1962,2.0
138,1961,2.0
137,2013,0.0
137,2012,0.0
137,2011,0.0
137,2010,0.0
137,2009,0.0
137,2008,0.0
137,2007,0.0
137,2006,0.0
137,2005,0.0
137,2004,0.0
137,2003,0.0
137,2002,0.0
137,2001,0.0
137,2000,0.0
137,1999,0.0
137,1998,0.0
138,1966,2.0
138,1967,2.0
138,1968,2.0
138,1969,2.0
138,1991,3.0
138,1990,3.0
138,1989,2.0
138,1988,3.0
138,1987,3.0
138,1986,3.0
138,1985,3.0
138,1984,3.0
138,1983,2.0
138,1982,2.0
137,1997,0.0
138,1981,2.0
138,1979,2.0
138,1978,2.0
138,1977,2.0
138,1976,1.0
138,1975,1.0
138,1974,2.0
138,1973,1.0
138,1972,1.0
138,1971,1.0
138,1970,2.0
138,1980,2.0
137,1996,0.0
137,1995,0.0
137,1994,0.0
137,1967,0.0
137,1966,0.0
137,1965,0.0
137,1964,0.0
137,1963,0.0
137,1962,0.0
137,1961,0.0
136,2013,0.0
136,2012,0.0
136,2011,0.0
137,1968,0.0
136,2010,0.0
136,2008,0.0
136,2007,0.0
136,2006,0.0
136,2005,0.0
136,2004,0.0
136,2003,0.0
136,2002,0.0
136,2001,0.0
136,2000,0.0
136,1999,0.0
136,2009,0.0
138,1993,2.0
137,1969,0.0
137,1971,0.0
137,1993,0.0
137,1992,0.0
137,1991,0.0
137,1990,0.0
137,1989,0.0
137,1988,0.0
137,1987,0.0
137,1986,0.0
137,1985,0.0
137,1984,0.0
137,1970,0.0
137,1983,0.0
137,1981,0.0
137,1980,0.0
137,1979,0.0
137,1978,0.0
137,1977,0.0
137,1976,0.0
137,1975,0.0
137,1974,0.0
137,1973,0.0
137,1972,0.0
137,1982,0.0
110,1984,1.0
110,1983,1.0
110,1982,1.0
175,1971,4.0
175,1970,4.0
175,1969,4.0
175,1968,4.0
175,1967,4.0
175,1966,4.0
175,1965,4.0
175,1964,5.0
175,1963,5.0
175,1962,5.0
175,1961,5.0
90,2013,8.0
90,2012,10.0
90,2011,10.0
90,2010,8.0
90,2009,8.0
90,2008,8.0
90,2007,7.0
90,2006,8.0
90,2005,7.0
90,2004,7.0
175,1972,4.0
175,1973,4.0
175,1974,4.0
175,1975,4.0
175,1997,1.0
175,1996,1.0
175,1995,1.0
175,1994,1.0
175,1993,1.0
175,1992,1.0
175,1991,1.0
175,1990,1.0
175,1989,1.0
175,1988,1.0
90,2003,7.0
175,1987,1.0
175,1985,3.0
175,1984,2.0
175,1983,4.0
175,1982,4.0
175,1981,4.0
175,1980,4.0
175,1979,4.0
175,1978,4.0
175,1977,4.0
175,1976,4.0
175,1986,1.0
175,1998,1.0
90,2002,6.0
90,2000,6.0
90,1973,4.0
90,1972,4.0
90,1971,4.0
90,1970,4.0
90,1969,4.0
90,1968,4.0
90,1967,4.0
90,1966,4.0
90,1965,4.0
90,1964,4.0
90,1963,4.0
90,1962,4.0
90,1961,4.0
89,2013,0.0
89,2012,0.0
89,2011,0.0
89,2010,0.0
89,2009,0.0
89,2008,0.0
89,2007,0.0
89,2006,0.0
90,1974,4.0
90,1975,4.0
90,1976,4.0
90,1977,4.0
90,1999,5.0
90,1998,6.0
90,1997,6.0
90,1996,6.0
90,1995,5.0
90,1994,5.0
90,1993,5.0
90,1992,5.0
90,1991,5.0
90,1990,4.0
90,2001,6.0
90,1989,4.0
90,1987,3.0
90,1986,4.0
90,1985,4.0
90,1984,5.0
90,1983,5.0
90,1982,5.0
90,1981,5.0
90,1980,5.0
90,1979,4.0
90,1978,4.0
90,1988,3.0
175,1999,1.0
175,2000,1.0
175,2001,1.0
93,1968,0.0
93,1967,0.0
93,1966,0.0
93,1965,0.0
93,1964,0.0
93,1963,0.0
93,1962,0.0
93,1961,0.0
91,2013,0.0
91,2012,0.0
91,2011,0.0
91,2010,0.0
91,2009,0.0
91,2008,0.0
91,2007,0.0
91,2006,0.0
91,2005,0.0
91,2004,0.0
91,2003,0.0
91,2002,0.0
91,2001,0.0
93,1969,0.0
93,1970,0.0
93,1971,0.0
93,1972,0.0
93,1994,1.0
93,1993,1.0
93,1992,1.0
93,1991,1.0
93,1990,1.0
93,1989,1.0
93,1988,1.0
93,1987,1.0
93,1986,1.0
93,1985,2.0
91,2000,0.0
93,1984,2.0
93,1982,1.0
93,1981,1.0
93,1980,1.0
93,1979,1.0
93,1978,1.0
93,1977,1.0
93,1976,1.0
93,1975,1.0
93,1974,1.0
93,1973,0.0
93,1983,2.0
91,1999,0.0
91,1998,0.0
91,1997,0.0
91,1970,0.0
91,1969,0.0
91,1968,0.0
91,1967,0.0
91,1966,0.0
91,1965,0.0
91,1964,0.0
91,1963,0.0
91,1962,0.0
91,1961,0.0
91,1971,0.0
175,2013,2.0
175,2011,2.0
175,2010,1.0
175,2009,2.0
175,2008,1.0
175,2007,2.0
175,2006,1.0
175,2005,1.0
175,2004,1.0
175,2003,1.0
175,2002,1.0
175,2012,2.0
89,2005,0.0
91,1972,0.0
91,1974,0.0
91,1996,0.0
91,1995,0.0
91,1994,0.0
91,1993,0.0
91,1992,0.0
91,1991,0.0
91,1990,0.0
91,1989,0.0
91,1988,0.0
91,1987,0.0
91,1973,0.0
91,1986,0.0
91,1984,0.0
91,1983,0.0
91,1982,0.0
91,1981,0.0
91,1980,0.0
91,1979,0.0
91,1978,0.0
91,1977,0.0
91,1976,0.0
91,1975,0.0
91,1985,0.0
93,1995,1.0
89,2004,0.0
89,2002,0.0
81,1978,5.0
81,1977,4.0
81,1976,5.0
81,1975,5.0
81,1974,6.0
81,1973,6.0
81,1972,4.0
81,1971,5.0
81,1970,5.0
81,1969,5.0
81,1968,4.0
81,1967,3.0
81,1966,3.0
81,1965,2.0
81,1964,2.0
81,1963,4.0
81,1962,3.0
81,1961,3.0
75,2013,5.0
75,2012,5.0
75,2011,5.0
81,1979,5.0
81,1980,7.0
81,1981,6.0
81,1982,5.0
81,2004,25.0
81,2003,24.0
81,2002,26.0
81,2001,22.0
81,2000,14.0
81,1999,12.0
81,1998,10.0
81,1997,11.0
81,1996,10.0
81,1995,10.0
75,2010,5.0
81,1994,10.0
81,1992,9.0
81,1991,7.0
81,1990,6.0
81,1989,7.0
81,1988,9.0
81,1987,7.0
81,1986,8.0
81,1985,9.0
81,1984,7.0
81,1983,8.0
81,1993,11.0
81,2005,27.0
75,2009,6.0
75,2007,6.0
75,1980,4.0
75,1979,3.0
75,1978,4.0
75,1977,4.0
75,1976,4.0
75,1975,5.0
75,1974,4.0
75,1973,4.0
75,1972,4.0
75,1971,4.0
75,1970,4.0
75,1969,4.0
75,1968,4.0
75,1967,4.0
75,1966,4.0
75,1965,4.0
75,1964,4.0
75,1963,4.0
75,1962,4.0
75,1961,4.0
74,2013,1.0
75,1981,4.0
75,1982,5.0
75,1983,4.0
75,1984,3.0
75,2006,5.0
75,2005,5.0
75,2004,5.0
75,2003,5.0
75,2002,5.0
75,2001,5.0
75,2000,6.0
75,1999,5.0
75,1998,5.0
75,1997,3.0
75,2008,7.0
75,1996,3.0
75,1994,3.0
75,1993,3.0
75,1992,3.0
75,1991,3.0
75,1990,3.0
75,1989,4.0
75,1988,4.0
75,1987,4.0
75,1986,4.0
75,1985,3.0
75,1995,3.0
81,2006,19.0
81,2007,20.0
81,2008,19.0
89,1975,0.0
89,1974,0.0
89,1973,0.0
89,1972,0.0
89,1971,0.0
89,1970,0.0
89,1969,0.0
89,1968,0.0
89,1967,0.0
89,1966,0.0
89,1965,0.0
89,1964,0.0
89,1963,0.0
89,1962,0.0
89,1961,0.0
84,2013,0.0
84,2012,0.0
84,2011,0.0
84,2010,0.0
84,2009,0.0
84,2008,0.0
89,1976,0.0
89,1977,0.0
89,1978,0.0
89,1979,0.0
89,2001,0.0
89,2000,0.0
89,1999,0.0
89,1998,0.0
89,1997,0.0
89,1996,0.0
89,1995,0.0
89,1994,0.0
89,1993,0.0
89,1992,0.0
84,2007,0.0
89,1991,0.0
89,1989,0.0
89,1988,0.0
89,1987,0.0
89,1986,0.0
89,1985,0.0
89,1984,0.0
89,1983,0.0
89,1982,0.0
89,1981,0.0
89,1980,0.0
89,1990,0.0
84,2006,0.0
84,2005,0.0
84,2004,0.0
84,1977,0.0
84,1976,0.0
84,1975,0.0
84,1974,0.0
84,1973,0.0
84,1972,0.0
84,1971,0.0
84,1970,0.0
84,1969,0.0
84,1968,0.0
84,1978,0.0
84,1967,0.0
84,1965,0.0
84,1964,0.0
84,1963,0.0
84,1962,0.0
84,1961,0.0
81,2013,17.0
81,2012,20.0
81,2011,19.0
81,2010,20.0
81,2009,20.0
84,1966,0.0
89,2003,0.0
84,1979,0.0
84,1981,0.0
84,2003,0.0
84,2002,0.0
84,2001,0.0
84,2000,0.0
84,1999,0.0
84,1998,0.0
84,1997,0.0
84,1996,0.0
84,1995,0.0
84,1994,0.0
84,1980,0.0
84,1993,0.0
84,1991,0.0
84,1990,0.0
84,1989,0.0
84,1988,0.0
84,1987,0.0
84,1986,0.0
84,1985,0.0
84,1984,0.0
84,1983,0.0
84,1982,0.0
84,1992,0.0
93,1996,1.0
93,1997,1.0
93,1998,1.0
103,2011,0.0
103,2010,0.0
103,2009,0.0
103,2008,0.0
103,2007,0.0
103,2006,1.0
103,2005,0.0
103,2004,1.0
103,2003,1.0
103,2002,1.0
103,2001,0.0
103,2000,0.0
103,1999,0.0
103,1998,0.0
103,1997,0.0
103,1996,0.0
103,1995,0.0
103,1994,0.0
103,1993,0.0
103,1992,0.0
103,1991,0.0
103,2012,0.0
103,2013,0.0
105,1961,0.0
105,1962,0.0
105,1984,1.0
105,1983,1.0
105,1982,1.0
105,1981,1.0
105,1980,1.0
105,1979,1.0
105,1978,1.0
105,1977,0.0
105,1976,0.0
105,1975,0.0
103,1990,0.0
105,1974,0.0
105,1972,0.0
105,1971,0.0
105,1970,0.0
105,1969,0.0
105,1968,0.0
105,1967,0.0
105,1966,0.0
105,1965,0.0
105,1964,0.0
105,1963,0.0
105,1973,0.0
105,1985,1.0
103,1989,0.0
103,1987,0.0
102,2013,0.0
102,2012,0.0
102,2011,0.0
102,2010,0.0
102,2009,0.0
102,2008,0.0
102,2007,0.0
102,2006,0.0
102,2005,0.0
102,2004,0.0
102,2003,0.0
102,2002,0.0
102,2001,0.0
102,2000,0.0
102,1999,0.0
102,1998,0.0
102,1997,0.0
102,1996,0.0
102,1995,0.0
102,1994,0.0
102,1993,0.0
103,1961,0.0
103,1962,0.0
103,1963,0.0
103,1964,0.0
103,1986,0.0
103,1985,0.0
103,1984,0.0
103,1983,0.0
103,1982,0.0
103,1981,0.0
103,1980,0.0
103,1979,0.0
103,1978,0.0
103,1977,0.0
103,1988,0.0
103,1976,0.0
103,1974,0.0
103,1973,0.0
103,1972,0.0
103,1971,0.0
103,1970,0.0
103,1969,0.0
103,1968,0.0
103,1967,0.0
103,1966,0.0
103,1965,0.0
103,1975,0.0
105,1986,1.0
105,1987,1.0
105,1988,1.0
106,2008,0.0
106,2007,0.0
106,2006,0.0
106,2005,0.0
106,2004,0.0
106,2003,0.0
106,2002,0.0
106,2001,0.0
106,2000,0.0
106,1999,0.0
106,1998,0.0
106,1997,0.0
106,1996,0.0
106,1995,0.0
106,1994,0.0
106,1993,0.0
106,1992,0.0
106,1991,0.0
106,1990,0.0
106,1989,0.0
106,1988,0.0
106,2009,0.0
106,2010,0.0
106,2011,0.0
106,2012,0.0
110,1981,1.0
110,1980,1.0
110,1979,1.0
110,1978,1.0
110,1977,1.0
110,1976,1.0
110,1975,2.0
110,1974,2.0
110,1973,2.0
110,1972,2.0
106,1987,0.0
110,1971,2.0
110,1969,2.0
110,1968,2.0
110,1967,2.0
110,1966,2.0
110,1965,3.0
110,1964,3.0
110,1963,3.0
110,1962,2.0
110,1961,3.0
106,2013,0.0
110,1970,2.0
106,1986,0.0
106,1985,0.0
106,1984,0.0
105,2010,0.0
105,2009,0.0
105,2008,0.0
105,2007,0.0
105,2006,0.0
105,2005,1.0
105,2004,1.0
105,2003,1.0
105,2002,1.0
105,2001,1.0
105,2011,0.0
105,2000,1.0
105,1998,1.0
105,1997,0.0
105,1996,0.0
105,1995,0.0
105,1994,0.0
105,1993,0.0
105,1992,0.0
105,1991,0.0
105,1990,0.0
105,1989,0.0
105,1999,1.0
102,1992,0.0
105,2012,0.0
106,1961,0.0
106,1983,0.0
106,1982,0.0
106,1981,0.0
106,1980,0.0
106,1979,0.0
106,1978,0.0
106,1977,0.0
106,1976,0.0
106,1975,0.0
106,1974,0.0
105,2013,0.0
106,1973,0.0
106,1971,0.0
106,1970,0.0
106,1969,0.0
106,1968,0.0
106,1967,0.0
106,1966,0.0
106,1965,0.0
106,1964,0.0
106,1963,0.0
106,1962,0.0
106,1972,0.0
102,1991,0.0
102,1990,0.0
102,1989,0.0
100,1965,358.0
100,1964,377.0
100,1963,361.0
100,1962,337.0
100,1961,357.0
95,2013,0.0
95,2012,0.0
95,2011,0.0
95,2010,0.0
95,2009,0.0
95,2008,0.0
95,2007,0.0
95,2006,0.0
95,2005,0.0
95,2004,0.0
95,2003,0.0
95,2002,0.0
95,2001,0.0
95,2000,0.0
95,1999,0.0
95,1998,0.0
100,1966,370.0
100,1967,347.0
100,1968,349.0
100,1969,359.0
100,1991,400.0
100,1990,425.0
100,1989,407.0
100,1988,427.0
100,1987,418.0
100,1986,335.0
100,1985,342.0
100,1984,349.0
100,1983,351.0
100,1982,369.0
95,1997,0.0
100,1981,354.0
100,1979,333.0
100,1978,351.0
100,1977,364.0
100,1976,344.0
100,1975,345.0
100,1974,354.0
100,1973,351.0
100,1972,344.0
100,1971,343.0
100,1970,368.0
100,1980,364.0
95,1996,0.0
95,1995,0.0
95,1994,0.0
95,1967,0.0
95,1966,0.0
95,1965,0.0
95,1964,0.0
95,1963,0.0
95,1962,0.0
95,1961,0.0
93,2013,1.0
93,2012,1.0
93,2011,1.0
95,1968,0.0
93,2010,1.0
93,2008,1.0
93,2007,1.0
93,2006,1.0
93,2005,1.0
93,2004,1.0
93,2003,1.0
93,2002,1.0
93,2001,1.0
93,2000,1.0
93,1999,1.0
93,2009,1.0
100,1992,408.0
95,1969,0.0
95,1971,0.0
95,1993,0.0
95,1992,0.0
95,1991,0.0
95,1990,0.0
95,1989,0.0
95,1988,0.0
95,1987,0.0
95,1986,0.0
95,1985,0.0
95,1984,0.0
95,1970,0.0
95,1983,0.0
95,1981,0.0
95,1980,0.0
95,1979,0.0
95,1978,0.0
95,1977,0.0
95,1976,0.0
95,1975,0.0
95,1974,0.0
95,1973,0.0
95,1972,0.0
95,1982,0.0
74,2011,1.0
100,1993,385.0
100,1995,372.0
102,1962,0.0
102,1961,0.0
101,2013,8.0
101,2012,8.0
101,2011,8.0
101,2010,10.0
101,2009,10.0
101,2008,11.0
101,2007,14.0
101,2006,20.0
101,2005,20.0
101,2004,20.0
101,2003,20.0
101,2002,19.0
101,2001,19.0
101,2000,19.0
101,1999,20.0
101,1998,21.0
101,1997,20.0
101,1996,22.0
101,1995,21.0
102,1963,0.0
102,1964,0.0
102,1965,0.0
102,1966,0.0
102,1988,0.0
102,1987,0.0
102,1986,0.0
102,1985,0.0
102,1984,0.0
102,1983,0.0
102,1982,0.0
102,1981,0.0
102,1980,0.0
102,1979,0.0
101,1994,22.0
102,1978,0.0
102,1976,0.0
102,1975,0.0
102,1974,0.0
102,1973,0.0
102,1972,0.0
102,1971,0.0
102,1970,0.0
102,1969,0.0
102,1968,0.0
102,1967,0.0
102,1977,0.0
101,1993,24.0
101,1992,24.0
101,1991,25.0
101,1964,26.0
101,1963,25.0
101,1962,26.0
101,1961,26.0
100,2013,255.0
100,2012,257.0
100,2011,234.0
100,2010,260.0
100,2009,287.0
100,2008,268.0
101,1965,25.0
100,2007,302.0
100,2005,275.0
100,2004,330.0
100,2003,325.0
100,2002,293.0
100,2001,291.0
100,2000,306.0
100,1999,321.0
100,1998,336.0
100,1997,362.0
100,1996,347.0
100,2006,308.0
100,1994,369.0
101,1966,27.0
101,1968,27.0
101,1990,28.0
101,1989,27.0
101,1988,26.0
101,1987,25.0
101,1986,26.0
101,1985,22.0
101,1984,23.0
101,1983,25.0
101,1982,24.0
101,1981,24.0
101,1967,25.0
101,1980,25.0
101,1978,24.0
101,1977,25.0
101,1976,21.0
101,1975,22.0
101,1974,20.0
101,1973,25.0
101,1972,25.0
101,1971,27.0
101,1970,27.0
101,1969,26.0
101,1979,23.0
147,1987,0.0
