geo,year,cashew_nuts_with_shell_import_quantity_tcl
166,2009,0
147,2016,7
149,2003,31
149,2010,313
149,2011,272
149,2012,316
149,2013,270
149,2014,357
149,2015,263
150,1996,1941
150,1997,20
150,1998,80
150,1999,1998
147,2015,22
150,2000,69
150,2002,16
150,2003,53
150,2004,55
150,2005,25
150,2006,17
150,2007,87
150,2008,455
150,2009,65
150,2010,2
150,2011,10
150,2012,114
150,2013,33
150,2001,64
147,2014,22
147,2013,20
147,2012,32
143,1983,0
143,1984,0
143,1985,0
143,1986,0
143,1987,48
143,1988,0
143,1989,0
143,1990,49
143,1991,0
143,1992,1
143,1996,1
143,2000,4
143,2003,9
143,2004,2
143,2006,5
143,2007,15
143,2008,15
143,2009,53
143,2012,210
143,2013,171
143,2014,304
143,2015,112
143,2016,510
144,2012,0
144,2014,1
144,2015,27
147,2003,0
150,2014,285
150,2015,179
150,2016,20
153,2007,0
156,1990,0
156,1991,0
156,1992,0
156,1993,0
156,1996,5
156,1997,59
156,1998,113
156,1999,87
156,2000,165
156,2001,87
156,2002,2
156,2005,0
156,2008,0
156,2009,0
156,2011,0
156,2012,0
156,2015,0
158,2007,60
159,1988,0
159,1989,0
159,1990,255
159,1991,0
159,1992,0
159,1993,150
159,1995,0
159,2000,0
159,2007,7
156,1989,0
143,1982,0
156,1988,0
156,1986,0
153,2009,0
153,2013,0
153,2014,0
156,1961,165
156,1963,210
156,1964,187
156,1965,167
156,1966,159
156,1967,115
156,1968,84
156,1969,258
156,1970,179
156,1971,198
156,1972,239
156,1973,277
156,1974,372
156,1975,504
156,1976,433
156,1977,629
156,1978,0
156,1979,0
156,1980,0
156,1981,0
156,1982,0
156,1983,0
156,1984,0
156,1985,0
156,1987,0
143,1981,0
143,1980,0
143,1979,0
137,1990,2
137,1991,2
137,1992,2
137,1993,4
137,1994,4
137,1995,12
137,1996,12
137,1997,7
137,1998,1
137,1999,2
137,2000,1
137,2001,4
137,2003,4
137,2004,4
137,2005,6
137,2006,1
137,2007,2
137,2008,4
137,2009,18
137,2010,0
137,2011,5
137,2012,4
137,2013,6
137,2014,7
137,2015,3
137,2016,2
138,1961,0
137,1989,0
138,1962,0
137,1988,0
137,1986,0
134,2015,0
134,2016,2
137,1961,0
137,1962,0
137,1963,0
137,1964,0
137,1965,0
137,1966,0
137,1967,0
137,1968,0
137,1969,0
137,1970,0
137,1971,0
137,1972,0
137,1973,0
137,1974,0
137,1975,0
137,1976,0
137,1977,0
137,1978,0
137,1979,0
137,1980,0
137,1981,0
137,1982,0
137,1983,0
137,1984,0
137,1985,0
137,1987,0
159,2012,0
138,1963,20
138,1965,58
138,1999,81
138,2000,2
138,2001,0
138,2006,23
138,2008,36
138,2011,2
138,2012,63
141,2015,0
141,2016,0
143,1961,0
143,1962,0
143,1963,0
143,1964,0
143,1965,0
143,1966,0
143,1967,0
143,1968,0
143,1969,0
143,1970,0
143,1971,0
143,1972,0
143,1973,0
143,1974,0
143,1975,0
143,1976,0
143,1977,0
143,1978,0
138,1998,4
138,1964,71
138,1997,21
138,1993,1
138,1966,62
138,1967,112
138,1968,135
138,1969,102
138,1970,177
138,1971,184
138,1972,301
138,1973,346
138,1974,403
138,1975,227
138,1976,381
138,1977,215
138,1978,0
138,1979,142
138,1980,0
138,1981,0
138,1982,0
138,1983,0
138,1984,0
138,1985,0
138,1986,0
138,1987,0
138,1988,77
138,1989,63
138,1990,26
138,1991,7
138,1992,14
138,1995,5
134,2014,4
162,2012,11
162,2014,4
170,2001,0
171,1961,0
171,1962,0
171,1963,0
171,1964,0
171,1965,0
171,1966,0
171,1967,0
171,1968,0
171,1969,0
171,1970,0
171,1971,0
170,2000,0
171,1972,0
171,1974,0
171,1975,0
171,1976,0
171,1977,0
171,1978,0
171,1979,0
171,1980,1
171,1981,0
171,1982,0
171,1983,0
171,1984,0
171,1985,0
171,1973,0
170,1999,1
170,1997,1
170,1996,1
170,1969,0
170,1970,0
170,1971,0
170,1972,0
170,1973,0
170,1974,0
170,1975,0
170,1976,0
170,1977,0
170,1978,0
170,1979,0
170,1980,0
170,1981,0
170,1982,0
170,1983,0
170,1984,0
170,1985,0
170,1986,0
170,1987,0
170,1988,0
170,1989,0
170,1990,0
170,1991,0
170,1992,0
170,1993,1
170,1994,5
170,1995,1
171,1986,0
171,1987,0
171,1988,0
171,1989,43
173,2015,3
173,2016,1
174,1996,10
174,1997,2
174,1998,3
174,1999,4
174,2000,0
174,2001,0
174,2002,4
174,2003,1
174,2004,2
174,2005,2
174,2006,1
174,2007,10
174,2008,2
174,2009,2
174,2011,2
174,2012,1
174,2013,4
174,2014,12
174,2015,8
174,2016,24
179,2005,6
179,2006,13
179,2007,54
179,2008,79
179,2010,77
173,2014,22
170,1968,0
173,2011,16
173,2009,70
171,1990,0
171,1991,1
171,1992,18
171,1993,18
171,1996,60
171,1997,237
171,1998,100
171,1999,108
171,2000,48
171,2001,63
171,2002,4
171,2004,34
171,2005,25
171,2006,29
171,2007,55
171,2008,100
171,2009,577
171,2010,209
171,2011,60
171,2012,196
171,2013,28
171,2016,1
173,2004,0
173,2005,2
173,2006,36
173,2007,16
173,2008,66
173,2010,93
170,1967,0
170,1966,0
170,1965,0
165,1974,0
165,1975,24
165,1976,0
165,1977,0
165,1978,0
165,1979,0
165,1980,0
165,1981,0
165,1982,0
165,1983,0
165,1984,30
165,1985,0
165,1986,0
165,1987,0
165,1988,0
165,1989,0
165,1990,0
165,1991,0
165,1992,0
165,1993,24
165,1995,1
165,1996,1
165,2000,25
165,2001,28
165,2002,28
165,2003,27
165,2004,22
165,1973,0
165,2005,40
165,1972,0
165,1970,0
162,2015,10
162,2016,0
299,1996,3
299,1997,14
299,1998,113
299,1999,117
299,2000,47
221,2001,1
221,2002,2
221,2004,9
221,2005,1
221,2006,1
221,2007,0
221,2012,6
221,2013,44
221,2014,54
221,2015,120
221,2016,109
165,1961,0
165,1962,0
165,1963,0
165,1964,0
165,1965,0
165,1966,0
165,1967,0
165,1968,0
165,1969,0
165,1971,0
162,2013,1
165,2006,175
165,2009,0
166,1987,0
166,1988,0
166,1989,0
166,1990,0
166,1991,0
166,1992,0
166,1993,0
166,1998,2
166,1999,1
166,2000,0
166,2001,0
166,2002,0
166,2003,1
166,2004,2
166,2005,2
166,2006,1
166,2007,0
169,1994,1
169,1995,26
169,1996,15
169,2000,0
169,2001,0
169,2008,0
170,1961,0
170,1962,0
170,1963,0
170,1964,0
166,1986,0
165,2007,15
166,1985,0
166,1983,0
165,2010,23
165,2012,8
165,2013,69
165,2015,23
165,2016,31
166,1961,1
166,1962,1
166,1963,7
166,1964,13
166,1965,10
166,1966,18
166,1967,11
166,1968,9
166,1969,7
166,1970,22
166,1971,14
166,1972,12
166,1973,18
166,1974,35
166,1975,10
166,1976,16
166,1977,0
166,1978,0
166,1979,0
166,1980,0
166,1981,0
166,1982,0
166,1984,0
179,2013,246
134,2013,2
134,2011,1
106,2000,83
106,2001,156
106,2002,218
106,2003,283
106,2004,194
106,2005,157
106,2006,463
106,2007,424
106,2008,121
106,2009,251
106,2010,226
106,2011,233
106,1999,112
106,2012,209
106,2014,187
106,2015,113
106,2016,31
109,2009,9
109,2010,0
109,2014,0
109,2016,0
110,1996,15
110,1998,27
110,1999,36
110,2000,92
110,2001,87
106,2013,61
106,1998,38
106,1997,8
106,1996,27
105,1972,0
105,1973,0
105,1974,0
105,1975,0
105,1976,0
105,1977,0
105,1978,0
105,1979,0
105,1980,0
105,1981,0
105,1982,0
105,1983,0
105,1984,0
105,1985,0
105,1986,0
105,1987,0
105,1990,719
105,1991,670
105,1992,628
105,1993,863
105,1994,1058
105,1996,1213
105,2000,0
105,2006,49
105,2009,15
105,2010,16
105,2012,43
110,2002,48
110,2003,114
110,2004,49
110,2006,24
114,1972,0
114,1973,0
114,1974,90
114,1975,0
114,1976,0
114,1977,0
114,1978,0
114,1979,0
114,1980,0
114,1981,0
114,1982,0
114,1983,0
114,1984,0
114,1985,1
114,1986,0
114,1987,0
114,1988,0
114,1989,0
114,1990,0
114,1991,0
114,1992,0
114,1993,1
114,1994,0
114,1995,161
114,1996,0
114,1998,1
114,2000,0
114,1971,0
105,1971,0
114,1970,0
114,1968,0
110,2007,26
110,2009,34
110,2010,34
110,2016,0
112,2013,14
112,2016,3
108,1995,16
108,2000,0
108,2001,0
108,2002,0
108,2005,0
108,2006,0
108,2008,512
108,2009,303
108,2011,35
108,2012,6
108,2013,157
108,2014,486
108,2015,72
108,2016,32
114,1961,0
114,1962,0
114,1963,0
114,1964,0
114,1965,0
114,1966,0
114,1967,0
114,1969,0
105,1970,0
105,1969,0
105,1968,0
101,1989,0
101,1990,1
101,1991,94
101,1992,75
101,1994,206
101,1995,162
101,1996,193
101,1997,4
101,1998,0
101,1999,443
101,2000,138
101,2003,3
101,2004,3
101,2005,108
101,2007,880
101,2008,788
101,2009,2247
101,2010,1737
101,2011,3798
101,2012,32
101,2013,784
101,2014,35
101,2016,1
102,1961,0
102,1962,0
102,1963,0
102,1964,0
101,1988,7
102,1965,0
101,1987,1
101,1985,0
100,2014,906749
100,2015,969647
100,2016,726824
101,1961,0
101,1962,0
101,1963,0
101,1964,0
101,1965,0
101,1966,0
101,1967,0
101,1968,0
101,1969,0
101,1970,0
101,1971,0
101,1972,0
101,1973,0
101,1974,0
101,1975,2
101,1976,25
101,1977,27
101,1978,1
101,1979,0
101,1980,0
101,1981,1
101,1982,4
101,1983,0
101,1984,0
101,1986,3
114,2001,0
102,1966,0
102,1968,0
104,1996,7
104,1998,0
104,1999,14
104,2000,12
104,2001,11
104,2002,5
104,2003,93
104,2004,64
104,2005,53
104,2006,25
104,2007,21
104,2008,105
104,2009,30
104,2010,20
104,2011,17
104,2012,9
104,2013,12
104,2014,16
104,2015,10
104,2016,3
105,1961,0
105,1962,0
105,1963,0
105,1964,0
105,1965,0
105,1966,0
105,1967,0
102,2010,18
102,1967,0
102,2001,0
102,1996,0
102,1969,0
102,1970,0
102,1971,0
102,1972,0
102,1973,0
102,1974,0
102,1975,0
102,1976,0
102,1977,0
102,1978,162
102,1979,79
102,1980,0
102,1981,0
102,1982,0
102,1983,0
102,1984,0
102,1985,0
102,1986,0
102,1987,0
102,1988,0
102,1989,0
102,1990,0
102,1991,0
102,1992,0
102,1993,0
102,1994,0
102,1995,0
102,2000,0
134,2012,2
114,2004,80
114,2006,287
131,1962,0
131,1963,0
131,1964,0
131,1965,0
131,1966,0
131,1967,0
131,1968,0
131,1969,0
131,1970,0
131,1971,0
131,1972,0
131,1973,0
131,1961,0
131,1974,0
131,1976,0
131,1977,0
131,1978,428
131,1979,198
131,1980,221
131,1981,578
131,1982,444
131,1983,333
131,1984,332
131,1985,327
131,1986,257
131,1987,0
131,1975,0
130,2015,0
130,2014,0
129,2016,1
129,1971,2
129,1972,0
129,1973,0
129,1974,0
129,1975,0
129,1976,0
129,1977,0
129,1978,0
129,1979,0
129,1980,0
129,1981,0
129,1982,0
129,1983,0
129,1984,0
129,1985,0
129,1986,0
129,1987,0
129,1988,0
129,1989,0
129,1990,0
129,1991,0
129,1992,0
129,1993,0
129,2000,0
129,2001,0
129,2004,0
129,2015,0
131,1988,0
131,1989,0
131,1990,0
131,1991,0
132,2010,20
132,2011,22
132,2012,26
132,2013,27
132,2014,41
132,2015,53
132,2016,46
133,2001,598
133,2005,0
133,2012,1
134,1994,11
134,1995,18
134,1996,15
134,1997,19
134,1998,18
134,1999,16
134,2000,3
134,2001,3
134,2002,2
134,2003,6
134,2004,5
134,2005,6
134,2006,3
134,2007,0
134,2008,2
134,2009,2
134,2010,0
132,2008,27
129,1970,0
132,2007,19
132,2005,12
131,1992,0
131,1993,0
131,1994,0
131,1995,0
131,1998,68
131,1999,52
131,2000,63
131,2001,94
131,2002,143
131,2003,159
131,2004,218
131,2005,117
131,2006,123
131,2007,100
131,2008,59
131,2009,45
131,2010,48
131,2011,36
131,2012,75
131,2013,176
131,2014,189
131,2015,194
131,2016,158
132,2001,8
132,2002,5
132,2003,9
132,2004,12
132,2006,17
129,1969,0
129,1968,0
129,1967,0
120,1983,0
120,1984,0
120,1985,0
120,1986,0
120,1987,0
120,1988,0
120,1989,0
120,1990,0
120,1991,0
120,1992,0
120,1993,0
119,1997,16
119,2000,8
119,2001,4
119,2002,1
119,2007,0
119,2008,16
119,2011,1
119,2016,0
121,1961,0
121,1967,238
121,1968,318
121,1969,270
121,1970,456
121,1971,353
121,1972,700
121,1973,155
120,1982,0
121,1974,0
120,1981,0
120,1979,0
114,2007,2527
114,2008,80
114,2009,200
114,2010,36
118,2013,62
118,2014,82
118,2015,174
118,2016,77
113,2016,0
120,1961,0
120,1962,0
120,1963,0
120,1964,0
120,1965,2
120,1966,2
120,1967,3
120,1968,9
120,1969,9
120,1970,8
120,1971,0
120,1972,0
120,1973,0
120,1974,0
120,1975,0
120,1976,0
120,1977,0
120,1978,0
120,1980,0
114,2005,10
121,1977,556
121,1979,0
126,2000,0
126,2001,1
126,2007,0
126,2015,0
126,2016,0
256,2000,15
256,2001,14
256,2002,37
256,2003,4
256,2004,2
256,2005,7
256,2006,10
256,2007,2
256,2008,6
256,2010,8
256,2011,7
256,2012,5
256,2013,4
256,2014,36
256,2015,3
256,2016,5
129,1961,0
129,1962,0
129,1963,0
129,1964,0
129,1965,0
129,1966,0
126,1998,3
121,1978,0
126,1997,9
126,1995,234
121,1980,0
121,1981,0
121,1982,0
121,1983,0
121,1984,0
121,1985,0
121,1986,0
121,1987,0
121,1988,0
121,1989,0
121,1990,0
121,1991,0
121,1992,0
121,1993,0
121,1997,0
121,1998,0
121,1999,0
121,2000,0
121,2001,0
121,2002,0
121,2003,0
121,2004,0
121,2009,0
121,2011,0
121,2014,0
121,2016,32
124,1998,20
126,1996,47
100,2013,829926
179,2014,102
179,2016,44
225,1983,0
225,1984,0
225,1985,0
225,1988,0
225,1989,0
225,1990,0
225,1991,0
225,1992,0
225,1993,0
225,2002,464
225,2003,603
225,2005,23
225,1982,0
225,2007,67
225,2014,568
225,2015,507
225,2016,157
229,1996,706
229,1997,799
229,1998,36
229,1999,4
229,2000,19
229,2001,0
229,2002,0
229,2003,10
229,2004,6
225,2008,9
225,1981,0
225,1980,0
225,1979,0
226,2012,1
226,2013,1
226,2014,2
226,2015,3
230,2000,13
230,2001,134
230,2003,1
230,2004,16
230,2007,40
225,1961,0
225,1962,0
225,1963,0
225,1964,0
225,1965,0
225,1966,0
225,1967,0
225,1968,0
225,1969,0
225,1970,0
225,1971,0
225,1972,0
225,1973,0
225,1974,0
225,1975,0
225,1976,0
225,1977,0
225,1978,0
229,2006,25
229,2007,142
229,2008,265
229,2009,678
215,1985,0
215,1986,0
215,1987,0
215,1988,0
215,1989,0
215,1990,0
215,1991,0
215,1992,0
215,1993,0
215,1995,0
215,1996,0
215,1997,1
215,1998,0
215,1999,0
215,2000,0
215,2001,0
215,2004,1
215,2005,32
215,2006,0
215,2007,0
215,2008,4
215,2009,21
215,2010,1
215,2011,2
215,2012,0
215,2013,3
215,2014,1
215,1984,0
226,2011,1
215,1983,0
215,1981,0
229,2010,2144
229,2011,923
229,2012,318
229,2013,120
229,2014,146
229,2015,200
229,2016,175
215,1961,0
215,1962,0
215,1963,0
215,1964,0
215,1965,0
215,1966,0
215,1967,0
215,1968,0
215,1969,0
215,1970,0
215,1971,0
215,1972,0
215,1973,6
215,1974,10
215,1975,15
215,1976,10
215,1977,0
215,1978,0
215,1979,0
215,1980,0
215,1982,0
226,2010,1
226,2009,1
226,2008,0
217,1984,0
217,1985,0
217,1986,0
217,1987,23
217,1988,32
217,1989,0
217,1990,0
217,1991,0
217,1992,0
217,1993,0
217,1994,0
217,1995,0
217,1996,0
217,1997,0
217,1998,0
217,1999,0
217,2000,0
217,2001,0
217,2003,2
217,2007,4
217,2010,5
217,2012,250
217,2015,1810
217,2016,2864
220,2003,3
220,2004,3
220,2005,1
217,1983,0
220,2007,0
217,1982,0
217,1980,0
216,2016,14
154,1994,2
154,1995,2
154,1996,1
154,1997,15
154,1999,6
154,2000,3
154,2001,0
217,1961,0
217,1962,0
217,1963,0
217,1964,0
217,1965,0
217,1966,0
217,1967,0
217,1968,0
217,1969,0
217,1970,0
217,1971,0
217,1972,0
217,1973,0
217,1974,0
217,1975,0
217,1976,0
217,1977,0
217,1978,0
217,1979,0
217,1981,0
215,2016,1
220,2009,0
222,2002,7
223,1988,2
223,1989,0
223,1990,0
223,1991,0
223,1992,0
223,1993,0
223,1994,6
223,1995,1
223,1996,1
223,1997,1
223,2000,0
223,2001,0
223,2006,1
223,2011,35
223,2012,117
223,2013,214
223,2014,1186
223,2015,1033
223,2016,140
226,1994,0
226,1995,0
226,2001,0
226,2002,0
226,2003,0
226,2004,1
226,2006,0
226,2007,0
223,1987,0
220,2010,0
223,1986,0
223,1984,0
222,2005,14
222,2010,257
222,2011,59
222,2013,0
223,1961,0
223,1962,0
223,1963,0
223,1964,0
223,1965,0
223,1966,0
223,1967,0
223,1968,0
223,1969,0
223,1970,0
223,1971,0
223,1972,0
223,1973,0
223,1974,0
223,1975,0
223,1976,0
223,1977,0
223,1978,0
223,1979,0
223,1980,0
223,1981,0
223,1982,0
223,1983,0
223,1985,0
216,2015,80
231,1961,0
231,1963,0
249,1985,0
249,1986,0
249,1987,0
249,1988,0
249,1989,0
249,1990,0
249,1991,0
249,1992,0
249,1993,0
249,1994,0
249,1995,0
249,1996,0
249,1984,21
249,1998,65
249,2000,2
249,2002,6
249,2003,62
249,2004,1
249,2005,1
249,2008,10
249,2009,15
249,2011,12
249,2012,65
249,2013,91
249,2014,0
249,2015,0
249,1999,2
249,1983,0
249,1982,0
249,1981,20
236,2000,27
236,2001,3
236,2006,36
236,2009,0
236,2011,0
236,2013,0
237,2012,323316
249,1961,0
249,1962,0
249,1963,0
249,1964,0
249,1965,0
249,1966,0
249,1967,0
249,1968,0
249,1969,0
249,1970,0
249,1971,0
249,1972,0
249,1973,0
249,1974,0
249,1975,0
249,1976,68
249,1977,0
249,1978,0
249,1979,26
249,1980,28
251,1993,1
251,1995,0
251,1999,0
251,2000,0
181,1983,0
181,1984,0
181,1985,0
181,1986,1
181,1987,0
181,1988,0
181,1989,0
181,1990,0
181,1991,0
181,1992,0
181,1993,1
181,1995,2
181,1996,7
181,1997,12
181,1998,2
181,1999,1
181,2000,1
181,2002,0
181,2005,0
181,2008,0
181,2009,1
181,2010,2
181,2012,1
181,2013,1
181,2014,0
181,2015,1
181,2016,0
181,1982,0
236,1998,29
181,1981,0
181,1979,0
251,2001,0
251,2002,0
251,2003,0
251,2005,0
251,2006,0
251,2011,1
251,2012,2
251,2014,0
251,2015,0
181,1961,0
181,1962,0
181,1963,0
181,1964,0
181,1965,0
181,1966,0
181,1967,0
181,1968,0
181,1969,0
181,1970,0
181,1971,0
181,1972,0
181,1973,0
181,1974,0
181,1975,0
181,1976,0
181,1977,0
181,1978,0
181,1980,0
228,1990,2830
228,1989,3895
228,1988,3778
231,1995,0
231,1996,2855
231,1997,3102
231,1998,1515
231,1999,1141
231,2000,988
231,2001,1067
231,2002,2013
231,2003,1320
231,2004,790
231,2005,482
231,2006,523
231,2007,1245
231,2008,1189
231,2009,1282
231,2010,2156
231,2011,1134
231,2012,746
231,2013,275
231,2014,183
231,2015,254
231,2016,146
234,1961,0
234,1962,0
234,1963,0
234,1964,0
234,1965,0
231,1994,0
234,1966,0
231,1993,0
231,1991,0
231,1964,64
231,1965,27
231,1966,12
231,1967,0
231,1968,0
231,1969,0
231,1970,581
231,1971,727
231,1972,1075
231,1973,961
231,1974,370
231,1975,685
231,1976,1515
231,1977,506
231,1978,360
231,1979,633
231,1980,152
231,1981,38
231,1982,160
231,1983,292
231,1984,340
231,1985,1146
231,1986,1531
231,1987,2100
231,1988,844
231,1989,0
231,1990,0
231,1992,0
231,1962,0
234,1967,0
234,1969,0
228,1961,4000
228,1962,100
228,1963,8100
228,1964,11100
228,1965,12800
228,1966,14000
228,1967,12500
228,1968,16300
228,1969,25900
228,1970,20000
228,1971,15300
228,1972,23100
228,1973,25600
228,1974,23745
228,1975,30029
228,1976,15169
228,1977,18895
228,1978,8780
228,1979,13146
228,1980,21108
228,1981,23281
228,1982,18060
228,1983,867
228,1984,108
228,1985,4615
228,1986,4076
228,1987,4893
234,2003,0
234,1968,0
234,2002,0
234,2000,0
234,1970,0
234,1971,0
234,1972,0
234,1973,0
234,1974,0
234,1975,26
234,1976,22
234,1977,31
234,1978,34
234,1979,37
234,1980,36
234,1981,41
234,1982,13
234,1983,9
234,1984,8
234,1985,7
234,1986,13
234,1987,12
234,1988,10
234,1989,17
234,1990,16
234,1991,15
234,1992,34
234,1993,42
234,1994,28
234,1995,28
234,1996,33
234,2001,0
179,2015,71
216,2014,203
216,2011,36
195,1964,0
195,1965,0
195,1966,0
195,1967,0
195,1968,0
195,1969,0
195,1970,0
195,1971,0
195,1972,0
195,1973,0
195,1974,0
195,1975,0
195,1963,0
195,1976,0
195,1978,0
195,1979,0
195,1980,0
195,1981,0
195,1982,0
195,1983,0
195,1984,0
195,1985,0
195,1986,0
195,1987,0
195,1988,0
195,1989,0
195,1977,0
195,1962,0
195,1961,0
194,2015,1261
194,1985,0
194,1986,0
194,1987,0
194,1988,0
194,1989,0
194,1990,0
194,1991,956
194,1992,845
194,1993,1070
194,1994,966
194,1995,644
194,1996,694
194,1997,908
194,1998,1173
194,2000,490
194,2001,245
194,2002,223
194,2003,644
194,2004,721
194,2005,998
194,2006,294
194,2007,407
194,2010,947
194,2011,1125
194,2012,1264
194,2013,1877
194,2014,2092
195,1990,1
195,1991,0
195,1992,0
195,1993,0
200,1980,480
200,1981,857
200,1982,885
200,1983,1815
200,1984,5636
200,1985,3975
200,1986,9714
200,1987,13929
200,1988,5810
200,1989,18446
200,1990,24606
200,1991,26680
200,1992,8447
200,1993,5272
200,1994,3150
200,1995,3648
200,1996,913
200,1997,140
200,1998,222
200,1999,120
200,2000,106
200,2001,113
200,2002,1
200,2003,57
200,2004,442
200,2005,119
200,2006,44
200,1979,995
194,1984,0
200,1978,493
200,1976,692
195,1995,23
195,1996,0
195,2000,0
195,2001,0
195,2013,265
195,2015,0
195,2016,2
186,2004,378
186,2005,683
196,2006,11
196,2007,16
197,2014,0
200,1961,0
200,1962,0
200,1963,0
200,1964,0
200,1965,0
200,1966,0
200,1967,0
200,1968,0
200,1969,0
200,1970,0
200,1971,0
200,1972,0
200,1973,0
200,1974,0
200,1975,566
200,1977,554
194,1983,0
194,1982,0
194,1981,0
117,1992,0
117,1993,0
117,1996,81
117,2000,0
117,2001,8
117,2002,1
117,2003,1
117,2004,0
117,2006,0
117,2008,0
117,2009,7
117,2010,0
117,2011,0
117,2012,0
117,2013,5
117,2014,5
117,2015,2
117,2016,0
146,2004,0
146,2005,0
146,2008,0
146,2009,0
183,1995,2
183,1996,12
183,1998,3
183,1999,4
183,2000,0
117,1991,0
183,2001,3
117,1990,0
117,1988,0
117,1961,0
117,1962,0
117,1963,0
117,1964,0
117,1965,0
117,1966,0
117,1967,0
117,1968,0
117,1969,0
117,1970,0
117,1971,0
117,1972,0
117,1973,0
117,1974,0
117,1975,0
117,1976,0
117,1977,1
117,1978,0
117,1979,0
117,1980,0
117,1981,0
117,1982,0
117,1983,15
117,1984,15
117,1985,0
117,1986,2
117,1987,5
117,1989,0
200,2008,138
183,2002,4
183,2005,16
189,2001,1
189,2005,0
189,2008,0
191,2015,0
244,2012,0
244,2015,2
244,2016,3
194,1961,0
194,1962,0
194,1963,0
194,1964,0
194,1965,0
194,1966,0
194,1967,0
194,1968,0
194,1969,0
194,1970,0
194,1971,0
194,1972,0
194,1973,0
194,1974,0
194,1975,0
194,1976,0
194,1977,0
194,1978,0
194,1979,0
194,1980,0
189,2000,4
183,2003,1
189,1999,0
189,1997,6
183,2006,2
183,2007,3
183,2008,0
183,2009,22
183,2010,0
183,2011,0
183,2012,0
183,2013,0
183,2014,1
183,2015,0
183,2016,0
185,1992,22
185,1993,649
185,1996,1736
185,1998,13
185,1999,16
185,2000,0
185,2001,47
185,2002,247
185,2005,0
185,2006,0
185,2008,0
185,2013,84
184,2011,3
184,2012,52
184,2013,1
188,2006,0
189,1998,6
216,2012,34
200,2009,188
200,2011,29
211,2006,1
211,2007,8
211,2008,2
211,2009,2
211,2010,4
211,2011,4
211,2012,0
211,2013,1
211,2014,1
211,2015,4
211,2016,43
212,1961,0
211,2005,1
212,1962,0
212,1964,0
212,1965,0
212,1966,0
212,1967,0
212,1968,0
212,1969,0
212,1970,0
212,1971,0
212,1972,0
212,1973,20
212,1974,29
212,1975,159
212,1963,0
211,2004,2
211,2003,17
211,2002,6
210,1996,24
210,1997,34
210,1998,35
210,1999,13
210,2000,3
210,2001,0
210,2002,2
210,2003,3
210,2004,29
210,2005,2
210,2006,25
210,2007,43
210,2008,23
210,2009,180
210,2010,78
210,2011,22
210,2012,0
210,2013,3
210,2014,0
210,2015,3
210,2016,32
211,1996,18
211,1997,9
211,1998,3
211,1999,4
211,2000,6
211,2001,2
212,1976,252
212,1977,444
212,1978,125
212,1979,529
216,1977,2
216,1978,0
216,1979,2
216,1980,0
216,1981,0
216,1982,0
216,1983,10
216,1984,41
216,1985,2
216,1986,0
216,1987,0
216,1988,0
216,1989,0
216,1990,0
216,1991,0
216,1992,0
216,1993,0
216,1996,17
216,1999,48
216,2000,100
216,2001,0
216,2005,284
216,2006,80
216,2007,16
216,2008,0
216,2009,2
216,2010,575
216,1976,44
38,2016,2367
216,1975,20
216,1973,0
212,1980,68
212,1981,50
212,1982,11
212,1983,0
212,1984,1
212,1985,1
212,1986,1
212,1987,0
212,1988,2
212,1989,1
212,1990,0
212,1991,0
212,1992,61
212,1997,25
212,1998,15
216,1961,0
216,1962,0
216,1963,0
216,1964,0
216,1965,0
216,1966,0
216,1967,0
216,1968,0
216,1969,0
216,1970,0
216,1971,0
216,1972,0
216,1974,0
38,2015,2491
38,2014,756
38,2013,16
198,2016,1
202,1996,48
202,1997,1
202,1998,16
202,1999,16
202,2000,135
202,2002,19
202,2003,68
202,2004,142
202,2005,69
202,2006,274
202,2007,664
202,2008,404
202,2009,796
202,2010,485
202,2011,262
202,2012,53
202,2013,19
202,2014,2
202,2015,0
202,2016,42
203,1996,561
203,1997,598
203,1998,457
203,1999,268
203,2000,413
203,2001,281
198,2015,0
203,2002,408
198,2014,2
198,2012,0
200,2012,62
200,2013,492
200,2014,199
200,2015,438
200,2016,178
199,1993,3
199,1997,0
199,2000,0
199,2001,0
199,2002,0
199,2006,25
199,2007,51
199,2008,28
199,2010,4
199,2014,1
199,2015,0
199,2016,0
198,1998,11
198,2000,0
198,2001,0
198,2003,0
198,2005,16
198,2006,18
198,2007,9
198,2008,5
198,2009,1
198,2011,0
198,2013,2
200,2010,128
203,2003,260
203,2005,147
38,1982,0
38,1983,0
38,1984,0
38,1985,3
38,1986,39
38,1987,178
38,1988,0
38,1989,0
38,1990,0
38,1991,0
38,1992,0
38,1993,0
38,1994,0
38,1995,0
38,1996,1
38,1998,153
38,1999,258
38,2000,0
38,2001,0
38,2002,0
38,2003,40
38,2004,0
38,2008,246
38,2009,923
38,2010,179
38,2011,1205
38,2012,953
38,1981,2
203,2004,238
38,1980,6
38,1978,0
203,2006,137
203,2007,151
203,2008,173
203,2009,254
203,2010,231
203,2011,315
203,2012,410
203,2014,252
203,2015,96
203,2016,81
38,1961,0
38,1962,0
38,1963,0
38,1964,0
38,1965,0
38,1966,1
38,1967,0
38,1968,0
38,1969,0
38,1970,0
38,1971,0
38,1972,0
38,1973,0
38,1974,0
38,1975,0
38,1976,0
38,1977,0
38,1979,0
100,2012,821648
131,1996,136
100,2010,448829
40,2001,0
40,2002,1
40,2003,9
40,2004,3
40,2005,1
40,2006,1
40,2007,2
40,2010,5
96,1961,0
96,1962,0
96,1963,0
40,2000,0
96,1964,0
96,1966,457
96,1967,504
96,1968,554
96,1969,841
96,1970,708
96,1971,907
96,1972,941
96,1973,891
96,1974,975
96,1975,1727
96,1976,2241
96,1965,0
40,1999,0
40,1998,2
40,1996,1
33,1994,648
33,1995,409
33,1996,1403
33,1997,1601
33,1998,1407
33,1999,1457
33,2000,1332
100,2011,798281
33,2001,1769
33,2002,363
33,2003,302
33,2004,584
33,2005,238
33,2006,397
33,2007,388
33,2008,151
33,2009,87
33,2010,85
33,2011,152
33,2012,56
33,2013,184
33,2014,118
33,2015,293
33,2016,194
40,1995,3
96,1977,1310
96,1978,3083
96,1979,3071
96,1980,3861
96,2016,69
128,1961,0
128,1962,0
128,1963,0
128,1964,0
128,1965,0
128,1966,0
128,1967,22
128,1968,18
128,1969,3
128,1970,1
128,1971,2
128,1972,9
128,1973,5
128,1974,13
128,1976,2
128,1977,6
128,1978,4
128,1979,10
128,1980,28
128,1981,97
128,1982,72
128,1983,51
128,1984,58
128,1985,87
96,2015,8
33,1993,447
96,2012,28
96,2007,0
96,1981,4671
96,1982,9637
96,1983,8207
96,1984,7670
96,1985,8904
96,1986,5711
96,1987,4669
96,1988,12058
96,1989,13407
96,1990,4651
96,1991,12827
96,1992,8455
96,1993,9665
96,1994,5434
96,1995,7205
96,1996,240
96,1997,823
96,1998,393
96,1999,551
96,2000,313
96,2001,230
96,2002,19
96,2004,34
96,2005,16
96,2006,30
96,2009,18
33,1992,116
33,1991,80
33,1990,355
27,1995,247
27,1996,256
27,1997,24
27,1998,34
27,2002,1
27,2006,18
27,2008,134
27,2009,101
27,2010,80
27,2011,12
27,2012,3
27,2013,20
27,2014,1
27,2015,1
27,2016,42
233,2003,4247
233,2004,142
233,2010,59
233,2011,182
233,2012,372
233,2013,170
233,2015,375
233,2016,104
29,1998,0
29,1999,0
27,1994,208
29,2000,0
27,1993,288
27,1991,181
27,1966,0
27,1967,0
27,1968,0
27,1969,0
27,1970,0
27,1971,0
27,1972,0
27,1973,0
27,1974,0
27,1975,0
27,1976,0
27,1977,0
27,1978,61
27,1979,270
27,1980,571
27,1981,604
27,1982,1237
27,1983,524
27,1984,1773
27,1985,1111
27,1986,1986
27,1987,1818
27,1988,277
27,1989,535
27,1990,30
27,1992,17
128,1986,91
29,2001,0
35,1999,1
33,1965,0
33,1966,0
33,1967,0
33,1968,0
33,1969,0
33,1970,0
33,1971,0
33,1972,0
33,1973,0
33,1974,0
33,1975,0
33,1976,0
33,1977,0
33,1978,0
33,1979,0
33,1980,0
33,1981,0
33,1982,0
33,1983,0
33,1984,0
33,1985,0
33,1986,0
33,1987,0
33,1988,609
33,1989,584
33,1964,0
35,1998,0
33,1963,0
33,1961,0
35,2000,1
35,2001,1
35,2008,0
35,2009,0
35,2010,0
35,2011,0
35,2012,2
35,2013,1
35,2014,0
35,2015,0
115,2000,35
115,2002,284
115,2003,110
115,2004,0
115,2013,961
115,2014,191
115,2015,101
32,1998,0
32,2000,0
32,2001,0
32,2005,2
32,2010,0
32,2012,0
32,2014,0
32,2015,0
33,1962,0
128,1987,109
128,1988,69
128,1989,48
44,1971,0
44,1972,0
44,1973,0
44,1974,0
44,1975,0
44,1976,0
44,1977,0
44,1978,0
44,1979,0
44,1980,0
44,1981,0
44,1982,0
44,1983,0
44,1984,0
44,1985,0
44,1986,0
44,1987,0
44,1988,0
44,1989,0
44,1990,7
44,1991,12
44,1992,23
44,1993,13
44,1994,9
44,1995,5
44,1970,0
44,1997,1
44,1969,0
44,1967,0
41,2007,815
41,2008,688
41,2009,907
41,2010,1365
41,2011,943
41,2012,7044
41,2013,9038
41,2014,4069
41,2015,4772
41,2016,794
214,1997,63
214,2000,0
214,2001,15
214,2002,12
214,2004,0
214,2005,1
214,2013,2
214,2015,0
214,2016,0
44,1961,0
44,1962,0
44,1963,0
44,1964,0
44,1965,0
44,1966,0
44,1968,0
41,2006,165
44,2000,0
44,2009,0
107,1966,0
107,1967,0
107,1968,0
107,1969,0
107,1970,0
107,1971,0
107,1972,0
107,1973,0
107,1974,0
107,1975,2
107,1976,2
107,1977,1
107,1978,0
107,1979,0
107,1980,0
107,1981,0
107,1982,0
107,1983,0
107,1984,0
107,1985,0
107,1986,0
107,1987,0
107,1988,0
107,1989,0
107,1990,0
107,1965,0
44,2001,0
107,1964,0
107,1962,0
44,2013,2
44,2014,3
44,2015,0
46,1993,1
46,2008,0
46,2009,0
46,2010,0
46,2013,0
46,2014,1
47,1997,1
47,1998,1
47,1999,1
48,1997,39
48,1998,14
48,1999,4
48,2000,4
48,2001,3
48,2002,6
48,2004,3
48,2005,6
48,2006,14
48,2007,4
48,2008,5
48,2014,8
107,1961,0
107,1963,0
27,1965,0
41,2005,132
41,2003,26
41,1976,0
41,1977,0
41,1978,0
41,1979,0
41,1980,0
41,1981,0
41,1982,0
41,1983,0
41,1984,0
41,1985,0
41,1986,7209
41,1987,12191
41,1988,28870
41,1989,10488
41,1990,7639
41,1991,18538
41,1992,20431
41,1993,16454
41,1994,7191
41,1995,3065
41,1996,1214
41,1997,2701
41,1998,1240
41,1999,367
41,2000,651
41,1975,0
41,2001,406
41,1974,0
41,1972,0
128,1990,40
128,1991,56
128,1992,43
128,1993,355
128,1994,225
128,1995,285
128,1996,3
128,2000,1
128,2001,2
128,2002,0
128,2003,6
128,2004,8
128,2006,7
128,2007,1
41,1961,0
41,1962,0
41,1963,0
41,1964,0
41,1965,0
41,1966,0
41,1967,0
41,1968,0
41,1969,0
41,1970,0
41,1971,0
41,1973,0
41,2004,80
41,2002,217
27,1964,0
27,1963,0
27,1962,0
52,2001,0
52,2002,3
52,2003,0
52,2008,1
52,2015,0
12,1997,1
12,2000,13
12,2001,8
12,2003,0
12,2004,0
12,2005,1
12,2006,1
12,2007,3
12,2008,2
12,2009,1
12,2014,0
12,2015,2
13,2002,38
13,2003,52
13,2004,53
13,2005,85
13,2006,7
13,2007,63
13,2009,83
13,2010,32
11,2016,47
13,2011,18
11,2015,24
11,2013,108
10,2005,115
10,2006,612
10,2007,95
10,2009,195
10,2010,270
10,2011,59
10,2013,1
10,2014,32
11,1996,73
11,1997,90
11,1998,58
11,1999,24
11,2000,32
11,2001,20
11,2002,9
11,2003,21
11,2004,7
11,2005,7
11,2006,5
11,2007,30
11,2008,132
11,2009,49
11,2010,42
11,2011,43
11,2012,73
11,2014,133
10,2004,32
13,2012,40
13,2014,55
16,1988,0
16,1989,0
16,1990,1
16,1991,0
16,1992,0
16,1993,0
16,1996,3
16,1997,13
16,1998,16
16,2005,1
16,2006,7
16,2007,1
16,2015,42
14,2001,2
14,2002,8
14,2003,7
14,2004,2
14,2005,0
14,2006,0
14,2007,2
14,2008,0
14,2009,1
14,2010,2
14,2011,0
14,2016,1
16,1987,0
13,2013,51
16,1986,1
16,1984,0
13,2015,62
13,2016,80
16,1961,0
16,1962,0
16,1963,0
16,1964,0
16,1965,0
16,1966,0
16,1967,0
16,1968,0
16,1969,0
16,1970,0
16,1971,0
16,1972,0
16,1973,0
16,1974,0
16,1975,0
16,1976,0
16,1977,0
16,1978,0
16,1979,0
16,1980,0
16,1981,0
16,1982,0
16,1983,0
16,1985,0
57,2007,1
10,2003,24
10,2000,1
8,2016,0
9,1961,0
9,1962,0
9,1963,0
9,1964,0
9,1965,0
9,1966,396
9,1967,389
9,1968,465
9,1969,681
9,1970,548
9,1971,474
9,1972,509
9,1973,457
9,1974,887
9,1975,237
9,1977,56
9,1978,64
9,1979,20
9,1980,251
9,1981,142
9,1982,45
9,1983,0
9,1984,0
9,1985,0
8,2012,11
9,1986,0
8,2011,0
7,2015,2
3,1999,158
3,2001,38
3,2002,20
3,2003,63
3,2004,22
3,2005,1
3,2006,2
3,2007,28
3,2008,7
3,2009,0
3,2010,0
3,2011,2
4,2002,8
4,2003,29
4,2004,14
4,2005,14
4,2006,4
4,2007,1
4,2008,5
4,2009,10
4,2012,15
4,2014,268
4,2015,123
4,2016,35
7,2014,7
8,2005,5
10,2002,12
9,1987,0
9,1989,0
10,1971,0
10,1972,0
10,1973,0
10,1974,0
10,1975,0
10,1976,0
10,1977,168
10,1978,273
10,1979,130
10,1980,67
10,1981,56
10,1982,37
10,1983,30
10,1984,85
10,1985,91
10,1986,10
10,1987,52
10,1988,148
10,1989,97
10,1990,57
10,1991,169
10,1992,63
10,1993,113
10,1996,157
10,1999,17
10,1970,0
9,1988,0
10,1969,0
10,1967,0
9,1990,0
9,1991,0
9,1992,0
9,1993,0
9,1995,0
9,1996,0
9,1997,0
9,1998,0
9,1999,0
9,2000,0
9,2001,0
9,2009,0
1,2009,15
1,2014,0
22,2009,1
22,2010,1
22,2011,2
22,2014,1
22,2016,1
10,1961,0
10,1962,0
10,1963,0
10,1964,0
10,1965,0
10,1966,0
10,1968,0
107,1991,0
57,2009,0
57,2016,2996
20,1983,0
20,1984,0
20,1985,0
20,1986,0
20,1987,0
20,1988,0
20,1989,3
20,1990,3
20,1991,7
20,1992,9
20,1993,6
20,1994,125
20,1995,72
20,1996,6
20,1997,4
20,1998,15
20,2000,6
20,2001,5
20,2002,10
20,2003,8
20,2007,16
20,2008,11
20,2009,28
20,2010,3
20,2011,5
20,1982,0
20,2013,10
20,1981,0
20,1979,0
19,1999,1
19,2000,0
19,2001,0
19,2003,6
19,2006,0
19,2012,0
19,2015,0
20,1961,0
20,1962,0
20,1963,0
20,1964,0
20,1965,0
20,1966,0
20,1967,0
20,1968,0
20,1969,0
20,1970,0
20,1971,0
20,1972,0
20,1973,0
20,1974,0
20,1975,0
20,1976,0
20,1977,0
20,1978,0
20,1980,0
19,1998,1
20,2014,7
20,2016,8
21,1990,0
21,1991,0
21,1992,0
21,1993,0
21,1994,4548
21,1995,1840
21,1997,11
21,1999,9639
21,2000,6434
21,2001,0
21,2008,9467
21,2009,4472
21,2011,43698
21,2012,59450
21,2013,42176
21,2014,11767
21,2015,26144
21,2016,9797
26,2002,91
26,2003,24
26,2005,1
26,2013,15
26,2014,27
26,2015,15
27,1961,0
21,1989,0
20,2015,4
21,1988,0
21,1986,0
21,1961,0
21,1962,0
21,1963,0
21,1964,0
21,1965,0
21,1966,0
21,1967,0
21,1968,0
21,1969,0
21,1970,0
21,1971,0
21,1972,0
21,1973,6365
21,1974,10000
21,1975,29113
21,1976,0
21,1977,0
21,1978,0
21,1979,0
21,1980,0
21,1981,0
21,1982,0
21,1983,0
21,1984,0
21,1985,0
21,1987,0
57,2015,617
19,1996,2
18,2010,0
53,1961,0
53,1962,0
53,1963,0
53,1964,0
53,1965,0
53,1966,0
53,1967,0
53,1968,0
53,1969,0
53,1970,0
53,1971,0
53,1972,0
53,1973,0
53,1974,0
53,1975,0
53,1976,0
53,1977,0
53,1978,0
53,1979,0
53,1980,0
53,1981,0
53,1982,0
53,1983,0
53,1984,0
53,1985,0
23,2006,0
53,1986,0
23,2005,0
23,1999,0
255,2000,705
255,2001,25
255,2002,25
255,2003,30
255,2004,20
255,2005,15
255,2006,14
255,2007,20
255,2008,22
255,2009,25
255,2010,16
255,2011,44
255,2012,127
255,2013,129
255,2014,216
255,2015,412
255,2016,435
15,1996,92
15,1997,78
15,1998,37
15,1999,459
23,1994,1
23,1996,1
23,1997,0
23,1998,0
23,2003,0
18,2012,0
53,1987,0
53,1989,0
18,1971,0
18,1972,0
18,1973,0
18,1974,0
18,1975,0
18,1976,0
18,1977,0
18,1978,0
18,1979,0
18,1980,0
18,1981,0
18,1982,0
18,1983,0
18,1984,0
18,1985,0
18,1986,0
18,1987,0
18,1988,0
18,1989,0
18,1990,1
18,1991,0
18,1992,0
18,1993,0
18,1994,0
18,1997,1
18,1970,0
53,1988,0
18,1969,0
18,1967,0
53,1990,0
53,1991,30
53,1993,0
53,1994,0
53,1995,30
53,1996,0
53,1997,0
53,1998,0
53,1999,0
53,2000,0
53,2001,0
53,2008,12
53,2009,2
53,2010,11
53,2015,49
17,2013,4
17,2014,0
17,2015,0
17,2016,0
18,1961,0
18,1962,0
18,1963,0
18,1964,0
18,1965,0
18,1966,0
18,1968,0
107,1992,0
128,2008,0
67,1965,11
84,1980,0
84,1979,0
84,1978,0
67,2008,15
84,1977,0
84,1976,0
84,1981,3
58,2011,0
84,1974,0
84,1973,0
59,1961,0
59,1962,0
59,1963,0
84,1972,0
84,1975,0
84,1971,10
84,1982,7
84,1984,16
58,1993,29
84,1990,0
84,1989,0
84,1988,0
58,1997,40
58,1998,27
84,1983,7
84,1987,1
58,2001,0
84,1986,27
58,2002,0
84,1985,24
58,2004,7
58,2005,0
58,2000,0
67,2007,2
59,1964,0
59,1966,0
84,1970,18
107,1993,0
59,1985,11
59,1986,0
59,1987,0
59,1988,0
59,1984,0
59,1989,0
67,2009,9
59,1992,2
67,2010,1
59,1994,6
59,1995,21
67,2011,0
59,1990,0
59,1965,0
59,1983,0
59,1981,0
59,1967,0
59,1968,0
59,1969,0
59,1970,0
59,1971,0
59,1972,0
59,1982,0
59,1973,0
59,1975,0
59,1976,0
59,1977,0
59,1978,0
59,1979,0
59,1980,0
59,1974,0
59,1997,27
67,2006,20
55,2012,0
84,2011,59
84,2010,8
84,2009,40
84,2008,22
84,2007,1
84,2006,32
84,2012,28
84,2005,75
84,2003,25
63,2007,0
167,2008,16
167,2009,23
167,2010,43
167,2011,42
84,2004,18
84,2002,23
84,2013,79
167,2002,10
84,2016,16
50,2013,16
50,2014,8
50,2015,17
50,2016,23
167,1993,18
84,2014,48
167,1994,85
84,2015,42
167,1997,3
167,1998,0
167,1999,1
167,2000,6
167,2001,3
167,1995,111
67,2005,17
167,2012,18
67,1998,21
54,2009,0
54,2010,0
54,2011,0
54,2012,19
54,2013,58
54,2014,52
54,2008,3
54,2015,11
55,2008,0
67,2002,2
84,1992,0
84,1991,0
67,2003,1
67,2004,5
54,2016,28
84,2001,29
54,2007,3
67,2001,1
67,1999,3
167,2013,13
167,2014,13
167,2015,5
167,2016,1
250,2008,2
54,2006,1
84,2000,20
84,1998,54
84,1997,25
84,1996,125
84,1995,0
84,1994,0
67,2000,1
84,1999,17
86,2006,0
59,1998,42
59,2000,44
68,2004,1492
209,2007,0
209,2006,0
209,2005,0
73,2007,0
75,2016,0
79,1996,2398
75,2012,1
75,2009,0
209,2004,0
209,2003,1
209,2002,1
209,2001,30
70,2015,0
75,2010,1975
70,2014,0
68,2003,1225
68,2001,78
66,1961,0
60,2007,0
238,2015,1
60,2008,0
79,2002,44
60,2010,0
68,2002,431
238,2014,29
79,2000,19
79,1999,15
79,1998,280
238,2013,0
79,1997,74
238,2011,1
79,2001,22
79,2003,24
209,2000,3
70,2008,0
63,1993,29
63,1994,16
63,1995,10
63,1997,18
63,1998,17
68,2010,2034
68,2011,2317
63,2000,0
68,2009,2101
68,2008,2162
63,2001,0
68,2007,2131
68,2006,1838
68,2005,1488
63,2008,1
63,2016,0
63,2010,0
60,2014,0
70,2007,0
70,2006,0
70,2005,0
70,2002,0
68,2016,19
68,2015,50
63,2011,1
68,2014,24
63,2015,1
68,2012,1784
63,2014,1
63,2013,4
63,2012,0
60,2013,0
68,2013,19
59,1999,95
68,2000,51
66,1963,0
59,2009,319
67,2013,24
59,2011,121
67,2014,20
81,2013,50
81,2012,1002
59,2007,63
66,1967,0
60,1993,11
67,2016,33
60,1994,24
66,1966,0
81,2011,4500
81,2010,24
67,2015,46
68,1996,218
81,2016,1
59,2005,59
84,1969,0
59,2001,17
84,1968,0
67,2012,3
84,1967,0
84,1966,0
59,2006,137
66,1968,0
84,1964,0
59,2002,35
84,1963,0
84,1962,0
84,1961,0
59,2004,7
84,1965,0
66,1962,0
68,1997,256
81,2009,181
79,2012,6
79,2011,4
60,2000,12
60,2001,2
60,2002,0
60,2003,0
79,2013,13
79,2010,12
79,2008,14
79,2007,36
79,2006,5
79,2005,23
79,2004,18
60,2005,2
79,2009,10
68,1998,107
79,2014,18
79,2016,10
81,2008,93
81,2007,323
68,1999,105
81,2005,0
66,1965,0
66,1964,0
79,2015,3
81,2001,0
60,1997,35
81,1999,2
81,1998,2
81,1997,2
60,1999,21
81,1996,2
81,2000,0
67,1997,9
167,2007,20
67,1996,3
99,2006,2
99,2007,3
98,2008,0
98,2007,0
66,2008,1
99,2008,3
99,2009,1
99,2010,1
98,2005,1
99,2011,0
99,2012,5
99,2013,1
99,2014,1
66,2009,1
99,2005,3
98,2001,0
99,2016,1
100,1961,129332
100,1962,131108
100,1963,164369
100,1964,170315
100,1965,175498
66,2010,0
100,1966,140746
66,2011,1
100,1967,144546
66,2013,2
98,2000,0
66,2014,1
100,1968,203517
99,2015,1
99,2004,2
99,2003,1
99,2002,1
95,2006,1
50,1965,0
95,2008,0
50,1964,0
95,2009,1
50,1963,0
50,1962,0
66,2000,9
95,2012,5
95,2014,0
95,2016,0
97,2014,0
97,2015,0
97,2016,0
99,1997,0
99,1998,0
66,2001,3
99,2001,0
66,2007,0
98,2009,0
98,2010,0
98,2011,0
98,2012,0
66,2015,1
99,2000,0
98,2014,0
98,2016,0
50,1961,0
66,2005,0
66,1969,0
66,2002,5
66,2006,0
95,2005,0
100,1969,190785
66,2016,1
107,2014,4
67,1967,8
100,2000,249319
107,2013,155
67,1964,9
67,1966,15
107,2011,3
100,2001,161790
107,2010,8
100,2002,402982
100,2003,441500
100,2004,468419
107,2008,1
100,2005,542607
100,1999,245106
100,2006,585893
107,2006,6
107,2005,1
107,2004,6
100,2007,591329
107,2002,70
107,2001,0
100,2008,612959
100,2009,752463
107,2000,20
107,1999,0
107,1998,0
107,1997,0
107,1996,1
107,1995,5
107,2007,12
100,1998,38894
100,1997,19431
100,1996,19129
67,1961,1
67,1962,7
67,1963,10
100,1971,167459
100,1972,192879
100,1973,172110
100,1974,177289
100,1975,135815
100,1976,76181
100,1977,65076
100,1978,18380
100,1979,34023
100,1980,11273
100,1981,17691
100,1982,4864
67,1970,8
67,1969,7
100,1995,222819
100,1994,228109
98,1992,2
100,1993,191322
100,1992,134985
100,1991,106080
100,1970,170785
100,1990,82639
100,1989,59591
100,1988,45150
100,1987,42609
100,1986,43672
100,1984,34933
100,1983,19218
67,1968,11
95,2004,1
66,2004,0
67,1972,13
91,1999,0
95,2003,3
50,1987,10
50,1986,24
50,1985,0
91,2000,0
91,2001,1
66,1984,0
91,2006,0
91,2007,0
91,2008,1
67,1975,15
91,2013,1
91,2016,0
89,2015,410
95,1994,10
50,1984,34
50,1983,13
50,1982,14
50,1981,3
50,1980,35
50,1979,30
67,1974,0
50,1978,19
67,1984,3
50,1993,0
50,1994,0
67,1973,20
50,1995,0
50,1977,7
95,1995,2
50,1996,0
89,2014,106
89,2012,344
89,1997,61
50,1991,0
89,1998,59
89,1999,1
89,2000,271
89,2001,138
50,1990,0
50,1989,0
89,2002,47
67,1983,7
50,1988,0
67,1982,7
67,1981,5
67,1980,7
89,2013,87
67,1979,14
67,1977,15
89,1995,3
89,2005,41
50,1992,0
66,1981,0
66,1982,0
67,1976,13
89,1994,24
66,1983,0
89,2007,100
89,2008,440
89,2009,65
89,2010,52
89,2011,3
67,1978,2
66,1980,0
89,1996,94
66,1979,0
50,1975,0
50,1974,0
50,1973,0
50,2011,14
50,1971,0
50,1970,0
66,1991,4
66,1992,6
66,1993,3
50,2012,3
66,1994,4
66,1974,0
95,1997,2
66,1990,3
50,1969,0
50,1968,0
67,1986,9
66,1972,0
67,1987,5
66,1971,0
67,1971,13
66,1970,0
50,1967,0
50,1966,0
95,1999,3
95,2000,4
95,2001,0
95,2002,2
66,1973,0
50,2010,33
50,1972,0
50,2000,0
66,1978,0
66,1975,0
50,2001,0
67,1985,7
66,1977,0
50,2004,2
66,1976,0
50,2007,4
50,2008,7
66,1985,0
50,2006,7
50,1976,18
66,1987,0
66,1988,0
66,1989,2
66,1986,0
50,2009,8
120,2012,3
154,2004,0
154,2005,0
154,2006,0
154,2007,0
120,1998,0
154,2010,0
120,2000,0
154,2009,0
120,1997,0
120,1999,0
154,2008,0
154,2011,0
154,2003,0
120,2011,3
120,2010,3
38,2007,122
120,1996,0
154,2002,0
120,2009,3
120,2002,0
120,2003,0
120,2004,0
120,2001,0
120,2008,3
120,2005,0
19,2013,0
212,2010,0
119,2006,0
216,2003,0
121,1965,250
121,1966,200
124,2007,0
124,2006,0
26,2012,0
212,2008,0
26,2011,0
20,2004,8
20,2005,8
26,2010,0
20,2006,8
21,2006,0
21,2005,0
21,2007,0
26,2008,0
124,2005,0
124,2004,0
124,1999,0
124,2003,0
124,2002,0
121,1975,200
212,2013,0
124,2000,0
212,2009,0
212,2012,0
212,2011,0
26,2009,0
124,2008,0
121,1964,80
124,2009,0
216,2002,0
120,2013,3
124,2013,0
216,1995,0
216,1994,0
119,2004,0
119,2005,0
212,1995,0
124,2012,0
121,2007,0
121,2008,0
121,2012,0
124,2011,0
121,2013,0
212,1996,0
121,1976,350
212,2005,0
21,2002,0
212,2006,0
119,2010,0
212,2007,0
21,2003,0
119,2013,0
21,2004,0
121,1962,40
121,1963,80
124,2010,0
216,2004,0
154,2012,0
225,2001,0
19,2011,0
52,2012,0
52,2011,0
52,2009,1
52,2007,0
52,2006,0
52,2005,0
52,2004,0
91,2005,0
91,2009,1
91,2011,0
91,2012,0
234,2004,0
234,2005,0
234,2006,0
234,2007,0
234,2008,0
234,2009,0
234,2010,0
234,2011,0
234,2012,0
234,2013,0
102,2013,0
102,2012,0
52,2013,0
102,2009,0
89,2004,0
12,1999,0
16,1995,0
16,1994,0
215,1994,0
215,2002,0
215,2003,0
105,2005,0
105,2004,0
105,2001,0
86,2007,0
105,1999,20
105,1997,1250
86,2008,0
105,1995,1150
86,2009,0
13,2008,63
86,2010,0
86,2011,0
86,2012,0
86,2013,0
105,1989,600
105,1988,600
12,2011,1
12,2010,1
12,1998,0
109,2011,0
102,2008,0
102,2006,0
9,2003,0
9,2002,0
249,1997,0
249,2001,0
249,2007,0
251,1994,1
251,1996,1
251,1998,0
9,1976,50
101,2002,0
251,2004,0
251,2007,0
251,2008,0
251,2009,0
251,2010,0
8,2010,1
8,2009,1
8,2008,1
4,2010,10
3,2013,0
181,2001,1
181,2003,0
181,2004,0
9,2004,0
102,2007,0
9,2005,0
9,2007,0
102,2005,0
102,2004,0
102,2003,0
102,2002,0
102,1999,0
102,1998,0
102,1997,0
236,2003,0
236,2004,0
236,2005,0
236,2010,0
95,2010,1
236,2012,0
95,2011,1
236,2016,4
1,2013,0
1,2012,0
1,2011,0
9,2013,0
9,2012,0
9,2011,0
9,2010,0
9,2008,0
9,2006,0
16,1999,20
16,2000,0
16,2001,0
217,2005,0
217,2006,0
217,2009,0
70,2009,0
70,2010,0
70,2011,0
70,2012,0
70,2013,0
220,2008,0
222,2004,0
222,2006,0
222,2008,0
222,2009,0
73,2008,0
73,2009,0
73,2010,0
73,2011,0
53,2013,0
73,2012,0
73,2013,0
53,2007,0
53,2006,0
53,2005,0
70,2004,0
53,2004,0
217,2002,0
18,1995,0
19,2010,0
19,2009,0
19,2008,0
19,2007,0
120,1995,0
19,2005,0
120,1994,0
19,2002,0
18,2013,0
18,2011,0
18,2009,1
18,2008,1
18,2007,1
18,2006,1
18,2005,1
18,2004,1
18,2003,1
18,2002,1
18,2001,1
18,2000,1
18,1999,1
18,1998,1
18,1996,0
70,2003,0
53,2003,0
53,2002,0
114,2003,0
23,2001,0
23,2000,0
108,2010,170
225,1986,2500
108,2007,0
108,2004,0
225,1994,0
225,1995,0
225,1996,0
225,1997,0
225,1998,0
225,1999,0
225,2000,0
108,2003,0
108,1996,0
110,2013,0
110,2012,0
57,2013,0
57,2012,0
57,2011,0
57,2010,0
16,2004,0
16,2002,0
23,2002,0
23,2004,0
23,2007,0
23,2008,0
114,2002,0
53,1992,0
223,2002,0
223,2003,0
223,2004,0
223,2005,0
223,2008,0
223,2009,0
223,2010,0
81,2002,0
81,2003,0
154,2013,0
81,2006,0
230,2008,0
230,2009,0
230,2010,0
230,2011,0
230,2012,0
230,2013,0
23,2013,0
23,2012,0
23,2011,0
23,2010,0
23,2009,0
230,2006,0
126,2003,0
107,1994,0
58,2010,0
189,2009,0
189,2010,0
189,2011,0
189,2012,0
189,2013,0
60,2006,2
244,2013,0
60,2009,0
60,2011,0
44,2010,0
44,2011,0
44,2012,0
46,1996,0
46,1997,0
46,1998,0
46,1999,0
46,2000,0
46,2001,0
46,2002,0
46,2003,0
46,2006,0
189,2007,0
46,2007,0
189,2006,0
189,2004,0
133,2004,0
185,2007,0
185,2009,0
185,2010,0
44,2002,0
44,2003,0
44,2004,0
185,2011,0
185,2012,0
44,2005,0
44,2006,0
44,2007,0
188,2007,0
188,2008,0
188,2009,0
188,2011,0
188,2012,0
188,2013,0
132,2009,27
44,2008,0
189,2003,0
60,2004,0
185,2004,0
46,2011,0
98,2013,0
299,2004,110
194,2009,407
299,2003,110
299,2002,110
299,2001,110
98,1999,0
98,1998,0
98,1997,0
153,2008,0
40,2013,0
40,2012,0
60,2012,0
40,2009,0
159,2011,12
159,2009,20
63,2002,0
63,2003,0
63,2004,0
63,2005,0
195,1994,0
159,2008,20
299,2005,110
46,2012,0
299,2010,0
299,2012,0
47,2000,1
47,2001,1
47,2003,0
47,2004,0
47,2005,0
47,2006,0
47,2007,0
47,2008,0
47,2009,0
47,2010,0
50,1999,0
47,2012,0
47,2013,0
221,2011,0
221,2010,0
221,2009,0
221,2008,0
98,2004,0
98,2003,0
98,2002,0
299,2013,0
299,2011,0
133,2006,0
133,2007,0
133,2008,0
250,2009,2
214,2007,0
250,2011,2
250,2012,2
214,2008,0
214,2009,0
173,2013,0
55,2009,0
55,2010,0
55,2011,0
55,2013,0
214,2010,0
169,2007,0
169,2006,0
169,2005,0
169,2004,0
169,2003,0
169,2002,0
214,2011,0
214,2012,0
58,2003,0
138,2002,0
58,2006,0
138,2003,0
138,2005,0
50,2002,0
50,2003,0
170,2002,0
170,2003,0
170,2004,0
170,2005,0
170,2006,0
170,2007,0
170,2008,0
170,2009,0
50,1997,0
170,2010,0
170,2011,0
170,2012,0
170,2013,0
143,1998,0
143,2001,4
167,2004,0
138,2010,0
167,2005,0
167,2006,0
138,2004,0
58,2007,0
58,2008,0
58,2009,0
146,2007,0
147,2004,0
146,2010,0
146,2011,0
146,2012,0
146,2013,0
147,2005,0
147,2006,0
183,1997,12
59,2008,63
147,2007,0
147,2008,0
147,2009,0
147,2010,0
147,2011,0
185,1994,1100
185,1995,2500
133,2011,0
133,2010,0
149,2004,0
133,2009,0
146,2006,0
166,1994,0
166,1995,0
166,1996,0
166,2013,0
128,2013,0
166,2012,0
179,2009,79
128,2012,0
179,2011,133
179,2012,190
128,2011,0
128,2010,0
128,2009,0
63,2006,0
126,2004,0
58,2012,0
58,2013,0
143,2011,0
128,1975,13
117,1994,0
117,1995,0
117,1997,0
117,2005,0
166,1997,0
117,2007,0
166,2008,0
131,1997,136
47,2011,0
156,2004,0
32,2002,0
129,1999,0
129,1998,0
156,2013,0
129,1997,0
156,2010,0
129,1996,0
32,2003,0
199,1998,0
129,1994,0
156,2007,0
156,2006,0
153,2010,0
115,2012,0
199,2003,0
199,2004,0
199,1999,0
32,2004,0
32,2007,0
32,2008,0
129,2013,0
158,2011,0
129,2012,0
129,2011,0
158,2010,0
129,2010,0
129,2009,0
129,2008,0
129,2007,0
129,2006,0
129,2005,0
129,2003,0
32,2013,0
129,2002,0
32,2011,0
32,2009,0
158,2009,0
199,2005,0
158,2012,0
156,1995,0
156,1994,0
233,2007,142
233,2006,142
233,2005,142
66,1995,4
66,1996,4
66,1997,4
27,2005,0
233,2008,142
27,2004,0
126,2012,0
126,2011,0
126,2010,0
126,2009,0
126,2008,0
126,2006,0
126,2005,0
126,2013,0
29,2002,0
29,2003,0
29,2004,0
115,2009,177
115,2008,177
115,2007,177
198,2002,0
198,2004,0
35,2007,0
35,2004,0
35,2002,1
29,2013,0
29,2012,0
29,2011,0
29,2010,0
29,2009,0
29,2008,0
29,2007,0
29,2006,0
29,2005,0
115,2011,0
158,2013,0
50,1998,0
153,2012,0
209,2012,0
209,2011,0
209,2010,0
209,2009,0
196,2009,16
209,2008,0
159,1996,0
195,2009,0
196,2013,0
197,2013,0
197,2012,0
197,2011,0
197,2010,0
197,2009,0
159,1999,0
195,2006,0
195,2004,0
197,2007,0
159,1997,0
197,2008,0
159,1998,0
196,2008,16
195,2008,0
195,2007,0
159,2004,0
159,2005,0
159,2003,0
159,2002,0
195,2005,0
195,2003,0
156,1962,100
195,2012,0
209,2013,0
195,2011,0
196,2011,0
153,2011,0
195,2010,0
195,2002,0
5403,1998,581
5303,1994,228109
5300,1972,194529
5403,1997,667
5303,1995,222820
5304,1973,0
5403,1995,20
5300,1974,178306
5403,1994,13
5304,1975,588
5304,1974,0
5300,1975,138526
5300,1973,173181
5304,1971,0
5304,1972,0
5403,1996,739
5303,2008,613260
5403,1992,2
5403,1993,0
5402,1979,14
5300,1969,191908
5403,1987,1
5303,2000,249345
5304,1965,2
5303,1999,245385
5402,1978,2
5403,1988,0
5304,1966,2
5300,1971,168721
5303,1998,39064
5303,1996,19134
5304,1967,3
5403,1989,0
5403,1990,0
5300,1970,171958
5403,1991,0
5304,1968,9
5304,1969,9
5304,1970,8
5303,1997,19445
5300,1976,79873
5304,1980,702
5303,1993,191346
5304,1983,2158
5403,2011,612
5403,2012,650
5304,1984,6009
5403,2013,579
5303,1963,164369
5403,2014,505
5303,1962,131108
5403,2015,260
5303,1961,129332
5302,2016,863
5403,2016,153
5303,1991,106080
5404,1996,4740
5402,1975,15
5402,1974,0
5404,1997,527
5404,1998,565
5404,1999,2605
5300,1978,22695
5300,1979,38963
5303,1990,82641
5404,2000,897
5403,2010,468
5402,1976,13
5403,2009,550
5303,1977,65076
5304,1976,761
5304,1977,583
5403,1999,581
5303,1992,134985
5403,2000,522
5402,2012,365
5207,2009,4473
5304,1978,922
5304,1979,1195
5402,1977,15
5300,1968,204416
5402,2011,964
5403,2001,507
5403,2003,638
5403,2004,857
5403,2005,1088
5300,1977,67983
5403,2006,656
5304,1981,1436
5303,1965,175498
5304,1982,1333
5303,1964,170315
5403,2007,623
5403,2008,332
5403,2002,675
5300,1967,145313
5403,1983,7
5402,1981,5
5207,2015,26144
5403,1965,0
5402,2007,214
5303,1988,45150
5303,1976,76181
5402,1996,787
5403,1962,0
5304,1961,0
5303,1987,42787
5402,1995,244
5303,1986,43712
5402,1997,885
5402,1994,16
5303,1982,4864
5303,2006,586221
5403,1966,0
5303,2005,542694
5402,2008,431
5403,1961,0
5403,1967,0
5304,1962,0
5304,1963,0
5304,1964,0
5207,2016,9801
5402,1993,29
5207,2008,10160
5303,2016,729298
5403,1963,0
5303,2009,753500
5303,1981,17693
5207,2012,59450
5403,1964,0
5303,1980,11279
5402,2005,77
5402,2004,106
5303,1979,34102
5303,1978,18542
5207,2013,42179
5303,2010,449383
5303,2007,591516
5207,2014,11770
5402,2002,11
5402,2001,17
5402,2000,43
5303,2011,799782
5303,2012,822967
5303,2013,830313
5303,2014,907947
5303,2015,972530
5303,1975,135839
5402,1999,34
5402,1998,112
5402,2003,108
5402,1980,7
5303,1983,19218
5303,1973,172110
5402,2015,282
5403,1973,0
5403,1974,0
5403,1975,0
5403,1976,0
5303,1969,190785
5303,1968,203517
5402,2014,240
5403,1977,0
5403,1978,0
5403,1979,0
5403,1972,0
5403,1980,0
5403,1982,7
5402,2006,98
5303,1967,144546
5300,1965,175750
5403,1984,16
5207,2010,5
5403,1985,24
5403,1986,27
5300,1966,141406
5303,1966,140747
5402,1982,7
5403,1981,3
5303,1974,177289
5402,1983,7
5300,1963,164449
5303,1972,192879
5402,2009,898
5303,1971,167459
5403,1968,0
5303,1970,170785
5303,1985,27753
5402,2016,275
5303,2004,468454
5303,2003,441608
5207,2011,43698
5303,1984,34963
5300,1964,170395
5303,2002,403016
5303,1989,59591
5403,1969,0
5300,1961,129332
5300,1962,131148
5402,2010,2244
5402,1987,5
5402,1986,9
5403,1970,18
5402,1985,7
5403,1971,10
5402,1984,3
5303,2001,161827
5402,2013,223
5400,1999,3258
5302,2015,4782
5400,1962,107
5401,1974,23745
5400,1961,4001
5401,1975,30029
5305,2016,664
5305,2015,3289
5302,1973,896
5400,1963,8110
5305,2014,4153
5302,1975,1740
5302,1976,2243
5305,2013,8613
5305,2012,3032
5305,2011,5661
5305,2010,5659
5305,2009,3121
5302,1974,988
5305,2008,169
5400,1964,11109
5401,1973,25600
5401,1967,12500
5401,1968,16300
5400,1971,15323
5300,2013,1181598
5300,2012,1156795
5401,1969,25900
5400,1970,20026
5302,1972,950
5400,1969,25907
5400,1967,12508
5400,1966,14015
5401,1970,20000
5400,1965,12811
5302,1971,909
5401,1971,15300
5401,1972,23100
5400,1968,16311
5305,2007,627
5305,2006,1993
5305,2005,1254
5305,1987,10
5401,1980,21679
5305,1986,2525
5305,1985,1
5305,1984,56
5305,1983,13
5401,1981,23885
5305,1988,604
5401,1982,19297
5401,1984,1881
5401,1985,5726
5300,2011,810383
5401,1986,6062
5305,1982,25
5300,2010,459318
5305,1981,73
5401,1983,1391
5305,1989,601
5305,1990,719
5305,1991,1626
5305,2004,2843
5305,2003,1487
5305,2002,871
5305,2001,357
5305,2000,539
5305,1999,339
5305,1998,2598
5401,1976,15169
5305,1997,2198
5305,1996,1981
5305,1995,1865
5401,1977,18895
5305,1994,2300
5305,1993,1933
5401,1978,8841
5305,1992,1534
5401,1979,13416
5302,1970,709
5302,1969,844
5302,1968,572
5300,2014,1224381
5400,2007,3282
5301,2010,170
5301,2009,303
5400,2008,3800
5301,2008,512
5301,2007,0
5400,1992,41
5400,2006,2725
5301,2006,0
5400,2009,3931
5301,2004,0
5400,2010,5050
5301,2003,0
5301,2002,0
5301,2001,0
5400,1991,3081
5301,2005,0
5400,1993,987
5400,2005,2749
5400,2004,2575
5301,2013,157
5301,2012,6
5400,2000,1651
5400,2001,1037
5301,2011,35
5301,2014,486
5301,2015,72
5400,1998,1577
5400,1997,2249
5400,2002,1535
5400,2003,2122
5400,1996,8464
5400,1995,3191
5400,1994,1438
5301,2016,32
5302,1961,0
5302,1962,0
5400,1990,2860
5401,1987,6711
5400,1989,4430
5400,1987,6717
5302,1963,0
5400,1976,15182
5400,1975,30044
5400,1974,23745
5401,1963,8100
5401,1964,11100
5401,1965,12800
5401,1962,100
5400,1973,25620
5401,1966,14000
5300,2016,1095359
5300,2015,1416364
5302,1964,0
5302,1965,0
5302,1966,457
5302,1967,526
5400,1972,23113
5401,1961,4000
5400,2016,4047
5400,2015,1844
5400,1986,6098
5301,2000,0
5301,1996,0
5301,1995,16
5400,1985,5757
5400,1984,1900
5400,1983,1405
5400,1982,19311
5400,1981,23893
5400,1980,21686
5400,1979,13430
5400,1978,8843
5400,1977,18910
5400,2011,4077
5400,2012,3161
5400,2013,1226
5400,2014,1497
5400,1988,4055
5402,1973,20
5305,1980,131
5300,2009,761129
5300,1994,246615
5404,2001,225
5300,1993,225167
5401,2014,40
5401,2015,625
5300,1992,173988
5401,2016,3040
5304,1991,26775
5402,1961,1
5402,1963,10
5300,1991,165902
5302,1995,10555
5304,1990,24607
5302,1996,1553
5300,1990,120297
5302,1997,3587
5402,1962,7
5402,1964,9
5401,2013,117
5401,2011,72
5401,2006,81
5304,1999,771
5304,1998,390
5304,1997,517
5302,1992,28929
5302,1993,26474
5302,1994,12850
5401,2012,37
5304,1996,1319
5401,2007,131
5304,1994,3356
5401,2008,244
5304,1993,5414
5304,1992,8540
5401,2009,216
5401,2010,220
5304,1995,3810
5302,1998,1661
5402,1965,11
5402,1966,15
5304,1987,13930
5304,1986,9974
5302,2009,966
5302,2010,1406
5302,2011,943
5302,2012,7072
5300,1986,69224
5302,2008,694
5302,2013,9045
5302,2014,4074
5300,1984,48771
5300,1983,29662
5300,1982,15931
5300,1981,23970
5300,1980,16001
5304,1985,4304
5300,1985,41049
5304,1988,5817
5302,2007,842
5302,2006,226
5402,1967,8
5402,1968,11
5402,1969,7
5402,1970,8
5402,1971,13
5302,1999,954
5300,1989,102624
5300,1988,92568
5302,2000,1057
5402,1972,13
5302,2001,748
5302,2002,297
5304,1989,18489
5302,2003,613
5300,1987,73701
5302,2004,171
5302,2005,150
5304,2000,490
5401,2005,18
5302,1991,31421
5304,2001,270
5401,1990,2860
5305,1968,318
5305,1967,238
5305,1966,200
5305,1965,250
5305,1964,80
5305,1963,80
5401,1989,4430
5305,1962,40
5304,2016,364501
5304,2015,435691
5304,2014,307722
5304,2013,333470
5304,2012,323718
5304,2011,3962
5300,1999,247449
5305,1961,0
5305,1969,270
5305,1970,456
5305,1971,353
5305,1978,144
5401,1988,4055
5305,1977,1007
5300,2008,615900
5305,1976,688
5300,2007,594460
5300,2006,588898
5300,2005,544768
5305,1975,359
5305,1974,29
5305,1973,175
5300,2004,472172
5300,2003,444063
5300,2002,404707
5300,2001,163202
5300,2000,251431
5305,1972,700
5304,2010,2700
5305,1979,585
5300,1998,43713
5401,1991,3081
5401,2003,2
5302,1981,4768
5304,2003,355
5401,2004,16
5302,1982,9709
5302,1983,8273
5302,1984,7743
5302,1980,3889
5302,1985,8991
5302,1987,16974
5302,1988,40997
5302,1989,23943
5300,1996,23987
5302,1990,12330
5304,2002,523
5300,1995,239066
5302,1986,13013
5401,2002,281
5401,2001,288
5401,2000,189
5401,1992,39
5304,2008,1265
5401,1993,958
5304,2007,1475
5401,1994,1409
5304,2006,458
5401,1995,2927
5304,2005,670
5304,2004,704
5302,1977,1317
5302,1978,3087
5302,1979,3081
5300,1997,25747
5401,1996,2198
5401,1997,170
5401,1998,319
5401,1999,38
5304,2009,3239
5404,2002,568
5502,1989,2
5404,2004,1596
5706,1972,13
5706,1971,23
5706,1970,26
5706,1969,7
5706,1968,11
5706,1967,8
5706,1966,15
5803,1972,0
5803,1973,0
5803,1974,0
5803,1975,566
5803,1976,692
5706,1965,11
5706,1964,9
5706,1963,10
5706,1962,7
5706,1961,1
5803,1977,554
5803,1978,493
5803,1979,995
5803,1980,480
5504,2016,3
5803,1981,857
5504,2015,2
5504,2014,0
5504,2013,0
5803,1982,885
5504,2012,0
5504,2011,0
5706,1973,20
5706,1974,0
5706,1975,15
5706,1976,31
5706,1994,320
5802,2016,195
5706,1993,338
5803,1961,0
5803,1962,0
5706,1992,19
5706,1991,181
5706,1990,30
5706,1989,535
5706,1988,277
5706,1987,1834
5706,1986,2046
5706,1985,1142
5706,1984,1826
5803,1983,1815
5706,1983,551
5706,1981,615
5706,1980,613
5706,1979,314
5706,1978,82
5706,1977,22
5803,1963,0
5803,1964,0
5803,1965,0
5803,1966,0
5803,1967,0
5803,1968,0
5803,1969,0
5803,1970,0
5803,1971,0
5706,1982,1265
5706,1995,622
5803,1984,5636
5504,2010,0
5803,1997,159
5803,1998,230
5502,2006,0
5502,2005,0
5502,2004,0
5502,2003,0
5502,2002,5
5502,2001,3
5502,2000,9
5803,1999,124
5803,2000,134
5803,2001,142
5803,2002,64
5803,2003,133
5803,2004,516
5803,2005,230
5803,2006,81
5803,2007,350
5803,2008,253
5803,2009,347
5803,2010,185
5803,2011,97
5803,2012,163
5803,2013,640
5803,2014,363
5803,2015,600
5803,2016,344
5815,1961,129332
5815,1962,131108
5803,1996,930
5803,1995,3664
5803,1994,3159
5502,2007,0
5504,2009,0
5504,2008,0
5504,2007,0
5504,2006,0
5504,2005,0
5504,2004,0
5504,2003,0
5504,2002,0
5504,2001,1
5504,2000,1
5504,1999,1
5504,1998,1
5504,1997,1
5502,2016,2
5803,1985,3975
5502,2015,1
5803,1987,13929
5803,1988,5810
5803,1989,18448
5502,2014,1
5502,2013,2
5502,2012,5
5502,2011,1
5502,2010,0
5502,2009,1
5803,1990,24611
5803,1991,26686
5803,1992,8455
5803,1993,5279
5502,2008,1
5803,1986,9714
5815,1963,164369
5706,1996,6515
5802,2015,728
5801,1987,23
5802,1966,2
5801,1986,1
5801,1985,0
5801,1984,21
5801,1983,0
5801,1982,0
5801,1981,20
5801,1980,28
5802,1967,3
5802,1968,9
5802,1969,9
5801,1979,26
5801,1978,0
5801,1977,0
5801,1976,78
5801,1975,15
5801,1974,10
5801,1973,6
5802,1970,8
5801,1972,0
5802,1971,0
5802,1972,0
5802,1973,0
5802,1974,0
5802,1975,0
5801,1971,2
5801,1970,8
5801,1969,9
5801,1988,32
5801,1989,0
5801,1990,3
5801,1991,30
5801,2002,292
5801,2001,599
5801,2000,38
5801,1999,23
5801,2003,4461
5801,2004,320
5801,2005,196
5801,2006,837
5801,2007,747
5801,2008,378
5801,1998,82
5801,1997,15
5801,1996,4
5801,1995,53
5801,1968,9
5801,1994,1
5801,2010,2371
5801,2011,481
5801,2012,1084
5801,2013,2173
5801,2014,629
5801,2015,2686
5801,2016,3032
5802,1961,0
5802,1962,0
5802,1963,0
5802,1964,0
5802,1965,2
5801,1993,1
5801,1992,0
5801,2009,308
5706,1997,2094
5801,1967,3
5801,1965,2
5802,1992,9
5706,2003,2040
5706,2002,1242
5802,1993,8
5706,2001,816
5706,2000,1629
5706,1999,3057
5802,1994,133
5802,1995,118
5802,1996,32
5802,1997,32
5802,1998,19
5802,1999,31
5802,2000,14
5802,2001,635
5802,2002,15
5802,2003,4294
5706,1998,1292
5802,2004,152
5802,2005,152
5802,2006,162
5802,2007,447
5802,2008,687
5802,2009,435
5802,2010,551
5802,2011,505
5802,2012,766
5802,2013,971
5802,2014,891
5802,1991,7
5802,1990,4
5802,1989,3
5802,1988,0
5801,1964,0
5801,1963,0
5801,1962,0
5801,1961,0
5706,2016,1029
5706,2015,1229
5706,2014,1499
5706,2013,1155
5706,2012,3148
5706,2011,4085
5706,2010,5078
5706,2009,3936
5706,2008,3795
5706,2007,3206
5801,1966,2
5802,1976,0
5802,1977,0
5802,1978,0
5802,1979,0
5706,2005,2061
5706,2004,2157
5802,1980,0
5802,1981,0
5802,1982,0
5802,1983,0
5802,1984,0
5802,1985,0
5802,1986,1
5207,2007,2
5802,1987,0
5706,2006,2727
5815,1964,170315
5815,1965,175498
5815,1966,140746
5817,1996,27
5817,1997,97
5501,1969,258
5501,1968,84
5501,1967,115
5817,1998,329
5817,1999,425
5817,2000,187
5817,2001,703
5817,2002,462
5501,1966,159
5501,1965,167
5501,1964,187
5501,1963,210
5501,1962,100
5501,1961,165
5500,2016,5
5500,2015,3
5500,2014,34
5500,2013,3
5500,2012,5
5817,2003,4572
5817,2004,467
5817,2005,386
5817,2006,1634
5500,2011,60
5500,2010,270
5500,2009,196
5500,2008,1
5817,1995,328
5817,1994,175
5817,1993,48
5817,1992,14
5501,1983,30
5501,1982,37
5501,1981,56
5501,1980,67
5501,1979,130
5817,1976,80
5501,1978,273
5501,1977,797
5501,1976,433
5501,1975,504
5501,1974,372
5501,1973,277
5501,1972,239
5501,1971,198
5500,2007,95
5501,1970,179
5817,1978,0
5817,1979,26
5817,1980,34
5817,1981,22
5817,1982,0
5817,1983,0
5817,1984,51
5817,1985,15
5817,1986,40
5817,1987,249
5817,1988,32
5817,1989,3
5817,1990,57
5817,1991,39
5817,1977,1
5501,1984,85
5817,2007,3543
5817,2009,1888
5500,1977,797
5500,1976,433
5500,1975,504
5500,1974,372
5500,1973,277
5500,1972,239
5500,1971,198
5500,1970,179
5500,1969,258
5500,1968,84
5500,1967,115
5500,1966,159
5500,1965,167
5500,1964,187
5500,1963,210
5500,1962,100
5500,1961,165
5404,2016,579
5404,2015,677
5404,2014,712
5404,2013,307
5404,2012,2109
5404,2011,2429
5404,2010,2118
5404,2009,2267
5404,2008,2793
5404,2007,2314
5404,2006,1890
5404,2005,1566
5500,1978,273
5500,1979,130
5500,1980,67
5500,1981,56
5817,2010,2969
5817,2011,1955
5817,2012,3166
5817,2013,3299
5500,2006,612
5817,2014,2416
5500,2005,115
5500,2004,32
5500,2003,24
5500,2002,19
5500,2001,94
5500,2000,176
5500,1999,105
5500,1998,114
5817,2008,1518
5500,1997,84
5500,1995,4
5500,1994,175
5500,1993,116
5500,1992,69
5500,1991,173
5500,1990,60
5500,1989,99
5500,1988,148
5500,1987,52
5500,1986,10
5500,1985,91
5500,1984,85
5500,1983,30
5500,1982,37
5500,1996,166
5501,1985,91
5501,1986,10
5501,1987,52
5815,1998,38995
5815,1999,245131
5815,2000,249367
5815,2001,162418
5815,2002,403087
5815,2003,445893
5815,2004,473935
5502,1996,4
5502,1995,4
5502,1994,4
5502,1993,3
5502,1992,6
5502,1991,4
5502,1990,3
5502,1988,0
5502,1987,0
5502,1986,0
5502,1985,0
5815,2005,542839
5502,1984,0
5502,1983,0
5502,1982,0
5815,2006,587539
5502,1981,0
5502,1980,0
5502,1979,0
5502,1978,0
5815,2007,594975
5815,2008,613350
5815,1997,19484
5815,1996,19143
5815,1995,223041
5815,1994,228113
5815,1967,144546
5815,1968,203517
5815,1969,190785
5815,1970,170785
5815,1971,167461
5815,1972,192879
5815,1973,172136
5815,1974,177418
5815,1975,136015
5815,1976,76513
5815,1977,65521
5815,1978,18505
5502,1999,0
5815,1979,34578
5502,1977,0
5815,1980,11369
5815,1982,4875
5815,1983,19218
5815,1984,34985
5815,1985,27752
5815,1986,43675
5502,1998,0
5815,1987,42632
5815,1988,45184
5815,1989,59592
5815,1990,82896
5815,1991,106110
5815,1992,135046
5502,1997,4
5815,1993,191498
5815,1981,17761
5502,1976,0
5815,2009,752992
5815,2010,451302
5817,1971,2
5501,2012,0
5501,2011,59
5501,2010,270
5501,2009,195
5501,2008,0
5501,2007,95
5501,2006,612
5817,1972,0
5817,1973,6
5501,2005,115
5501,2004,32
5501,2003,24
5501,2002,14
5817,1970,8
5501,2001,90
5501,1999,104
5501,1998,113
5501,1997,79
5501,1996,162
5501,1995,0
5501,1994,171
5501,1993,113
5817,1974,100
5817,1975,41
5501,1992,63
5501,1991,169
5501,1990,57
5501,1989,97
5501,1988,148
5501,2000,166
5404,2003,1374
5501,2013,1
5501,2015,0
5502,1975,0
5502,1974,0
5815,2011,803309
5502,1973,0
5815,2012,823768
5502,1972,0
5815,2013,831410
5815,2014,927700
5815,2015,996119
5815,2016,730096
5817,1961,0
5502,1971,0
5502,1970,0
5502,1969,0
5501,2014,32
5502,1968,0
5817,1963,0
5817,1964,0
5817,1965,2
5817,1966,3
5817,1967,3
5817,1968,9
5817,1969,9
5502,1967,0
5502,1966,0
5502,1965,0
5502,1964,0
5502,1963,0
5502,1962,0
5502,1961,0
5817,1962,0
5207,2006,37
5817,2016,6084
5207,2004,10
5101,2011,49
5101,2010,40
5101,2009,257
5101,2008,104
5101,2007,2741
5101,2006,299
5101,2005,48
5101,2012,93
5101,2004,86
5101,2002,4
5101,2001,5
5101,2000,2
5101,1999,3
5101,1998,4
5101,1997,20
5101,1996,20
5101,2003,4
5101,1995,175
5101,2013,36
5101,2015,35
5102,2007,0
5102,2006,0
5102,2005,8
5102,2004,0
5102,2003,0
5102,2002,0
5102,2001,0
5101,2014,554
5102,2000,0
5102,1998,0
5102,1997,0
5102,1996,0
5102,1995,0
5102,1994,0
5102,1993,1
5101,2016,5
5102,1999,0
5101,1994,9
5101,1993,7
5101,1992,2
5101,1970,0
5101,1969,0
5101,1968,0
5101,1967,0
5101,1966,0
5101,1965,0
5101,1964,0
5101,1971,2
5101,1963,0
5101,1961,0
5100,2016,3811
5100,2015,26713
5100,2014,21269
5100,2013,1839
5100,2012,2826
5100,2011,5195
5101,1962,0
5101,1972,0
5101,1973,6
5101,1974,100
5101,1991,2
5101,1990,2
5101,1989,0
5101,1988,0
5101,1987,0
5101,1986,1
5101,1985,1
5101,1984,0
5101,1983,0
5101,1982,0
5101,1981,0
5101,1980,0
5101,1979,0
5101,1978,0
5101,1977,0
5101,1976,10
5101,1975,15
5102,2008,2
5102,2009,2
5102,2010,2
5102,2011,2
5103,2012,1009
5103,2011,180
5103,2010,335
5103,2009,382
5103,2008,83
5103,2007,79
5103,2006,146
5103,2013,734
5103,2005,87
5103,2003,38
5103,2002,50
5103,2001,28
5103,2000,48
5103,1999,95
5103,1998,62
5103,1997,27
5103,2004,23
5103,2014,654
5103,2015,555
5103,2016,548
5104,1977,0
5104,1976,0
5104,1975,0
5104,1974,0
5104,1973,0
5104,1972,0
5104,1971,0
5104,1970,0
5104,1969,0
5104,1968,0
5104,1967,0
5104,1966,0
5104,1965,0
5104,1964,0
5104,1963,0
5104,1962,0
5104,1961,0
5103,1996,1
5100,2010,2959
5103,1995,21
5103,1993,0
5103,1971,0
5103,1970,0
5103,1969,0
5103,1968,0
5103,1967,0
5103,1966,0
5103,1965,0
5103,1972,0
5103,1964,0
5103,1962,0
5103,1961,0
5102,2016,16
5102,2015,8
5102,2014,10
5102,2013,3
5102,2012,2
5103,1963,0
5103,1973,0
5103,1974,0
5103,1975,0
5103,1992,3
5103,1991,0
5103,1990,49
5103,1989,0
5103,1988,0
5103,1987,48
5103,1986,0
5103,1985,11
5103,1984,0
5103,1983,0
5103,1982,0
5103,1981,0
5103,1980,0
5103,1979,0
5103,1978,0
5103,1977,0
5103,1976,0
5103,1994,6
5104,1978,0
5100,2009,1668
5100,2007,4378
5817,2015,5745
351,2016,863
351,2015,4780
351,2014,4069
351,2013,9040
351,2012,7072
351,2011,943
5000,1961,133499
351,2010,1372
351,2008,694
351,2007,816
351,2006,202
351,2005,150
351,2004,122
351,2003,498
351,2002,248
351,2009,925
351,2001,653
5000,1962,131356
5000,1964,181839
5000,1980,38193
5000,1979,53355
5000,1978,32269
5000,1977,88499
5000,1976,97484
5000,1975,199389
5000,1974,214218
5000,1963,172796
5000,1973,207231
5000,1971,185643
5000,1970,193491
5000,1969,218863
5000,1968,221420
5000,1967,158448
5000,1966,156068
5000,1965,188823
5000,1972,219778
351,2000,965
351,1999,918
351,1998,1634
351,1976,2243
351,1975,1740
351,1974,988
351,1973,896
351,1972,950
351,1971,909
351,1970,709
351,1977,1316
351,1969,844
351,1967,526
351,1966,457
351,1965,0
351,1964,0
351,1963,0
351,1962,0
351,1961,0
351,1968,572
351,1978,3087
351,1979,3081
351,1980,3889
351,1997,3587
351,1996,1457
351,1995,10555
351,1994,12850
351,1993,26474
351,1992,28929
351,1991,31421
351,1990,12330
351,1989,23943
351,1988,40997
351,1987,16969
351,1986,13011
351,1985,8991
351,1984,7728
351,1983,8258
351,1982,9709
351,1981,4768
5000,1981,48140
5000,1982,35497
5000,1983,31398
5000,1984,51104
5100,1985,12
5100,1984,0
5100,1983,0
5100,1982,0
5100,1981,0
5100,1980,0
5100,1979,0
5100,1986,1
5100,1978,0
5100,1976,12
5100,1975,17
5100,1974,100
5100,1973,6
5100,1972,0
5100,1971,2
5100,1970,0
5100,1977,1
5100,1987,71
5100,1988,32
5100,1989,3
5100,2006,1898
5100,2005,366
5100,2004,5670
5100,2003,4376
5100,2002,156
5100,2001,693
5100,2000,215
5100,1999,139
5100,1998,99
5100,1997,54
5100,1996,78
5100,1995,326
5100,1994,140
5100,1993,164
5100,1992,14
5100,1991,39
5100,1990,310
5100,1969,0
5100,2008,872
5100,1968,0
5100,1966,0
5000,2000,262564
5000,1999,263301
5000,1998,48569
5000,1997,33055
5000,1996,37100
5000,1995,244909
5000,1994,253666
5000,2001,168020
5000,1993,226978
5000,1991,169309
5000,1990,123931
5000,1989,107820
5000,1988,98343
5000,1987,82653
5000,1986,76877
5000,1985,48062
5000,1992,174299
5000,2002,408859
5000,2003,452237
5000,2004,481844
5100,1965,0
5100,1964,0
5100,1963,0
5100,1962,0
5100,1961,0
5207,2005,1
5000,2015,1472085
5000,2014,1259434
5000,2013,1227508
5000,2012,1223475
5000,2011,864756
5000,2010,469902
5000,2009,772845
5000,2008,632557
5000,2007,603962
5000,2006,595142
5000,2005,548777
5100,1967,0
5104,1979,0
5000,2016,1113706
5104,1981,0
5204,1977,215
5204,1976,397
5204,1975,237
5204,1974,438
5204,1973,364
5204,1972,313
5204,1971,198
5204,1978,0
5204,1970,199
5204,1968,144
5204,1967,123
5204,1966,80
5204,1965,68
5204,1964,84
5204,1963,27
5204,1962,1
5204,1969,109
5204,1961,1
5204,1979,142
5204,1981,0
5204,1998,79
5204,1996,95
5204,1995,10
5204,1994,59
5204,1993,12
5204,1992,14
5204,1991,7
5204,1980,0
5204,1990,26
5204,1988,77
5204,1987,0
5204,1986,0
5204,1985,0
5204,1984,0
5204,1983,0
5204,1982,0
5204,1989,63
5203,2016,341
5203,2015,548
5203,2014,301
5203,1992,116
5203,1991,80
5203,1990,355
5203,1989,584
5203,1988,1453
5203,1987,2100
5203,1986,1531
5203,1993,447
5203,1985,1146
5203,1983,292
5203,1982,160
5203,1981,38
5203,1980,152
5203,1979,633
5203,1978,360
5203,1977,506
5203,1984,340
5203,1994,648
5203,1995,409
5203,1996,4258
5203,2013,463
5203,2012,802
5203,2011,1286
5203,2010,2241
5203,2009,1369
5203,2008,1340
5203,2007,1633
5203,2006,920
5203,2005,720
5203,2004,1374
5203,2003,1622
5203,2002,2376
5203,2001,2836
5203,2000,2320
5203,1999,2598
5203,1998,2922
5203,1997,4703
5204,1999,111
5204,2000,293
5204,2001,143
5204,2002,55
5207,1967,389
5207,1968,465
5207,1969,681
5207,1970,548
5207,1971,474
5207,1972,509
5207,1973,6822
5207,1966,396
5207,1974,10887
5207,1976,72
5207,1977,87
5207,1978,98
5207,1979,57
5207,1980,287
5207,1981,183
5207,1982,58
5207,1975,29376
5207,1965,0
5207,1964,0
5207,1963,0
5206,2003,10
5104,1980,0
5206,2004,5
5206,2005,7
5206,2006,1
5206,2007,6
5206,2008,3
5206,2009,13
5206,2010,5
5206,2011,22
5206,2012,24
5206,2013,56
5206,2014,59
5206,2015,38
5206,2016,32
5207,1961,0
5207,1962,0
5207,1983,9
5203,1976,1515
5207,1984,8
5207,1986,13
5206,1998,6
5206,1997,7
5204,2016,310
5204,2015,429
5204,2014,124
5204,2013,144
5204,2012,412
5206,1999,0
5204,2011,35
5204,2009,66
5204,2008,481
5204,2007,106
5204,2006,51
5204,2005,51
5204,2004,6
5204,2003,4
5204,2010,54
5206,2000,17
5206,2001,11
5206,2002,10
5207,1987,12
5207,1988,10
5207,1989,17
5207,1990,23
5207,1991,27
5207,1992,57
5207,1993,85
5207,1994,4591
5207,1995,1903
5207,1996,52
5207,1997,53
5207,1998,59
5207,1999,9641
5207,2000,6461
5207,2001,4
5207,2002,1
5207,2003,16
5207,1985,7
5203,1975,685
5204,1997,158
5203,1973,961
5105,1982,0
5105,1981,0
5105,1980,0
5105,1979,0
5105,1978,0
5105,1977,1
5203,1974,370
5105,1983,0
5105,1975,2
5105,1973,0
5105,1972,0
5105,1971,0
5105,1970,0
5105,1969,0
5105,1968,0
5105,1967,0
5105,1974,0
5105,1984,0
5105,1985,0
5105,1986,0
5105,2003,4257
5105,2002,72
5105,2001,599
5105,2000,21
5105,1999,3
5105,1998,2
5105,1997,2
5105,1996,3
5105,1995,58
5105,1994,0
5105,1993,150
5105,1992,0
5105,1991,30
5105,1990,256
5105,1989,0
5105,1988,32
5105,1987,23
5105,1966,0
5105,2004,5411
5105,1965,0
5105,1963,0
5104,1997,5
5104,1996,54
5104,1995,72
5104,1994,125
5104,1993,6
5104,1992,9
5104,1991,7
5104,1998,31
5104,1990,3
5104,1988,0
5104,1987,0
5104,1986,0
5104,1985,0
5104,1984,0
5104,1983,0
5104,1982,0
5104,1989,3
5104,1999,38
5104,2000,144
5104,2001,61
5105,1962,0
5105,1961,0
5104,2016,67
5104,2015,27
5104,2014,38
5104,2013,49
5104,2012,94
5104,2011,267
5104,2010,488
5104,2009,824
5104,2008,415
5104,2007,680
5104,2006,282
5104,2005,77
5104,2004,150
5104,2003,77
5104,2002,30
5105,1964,0
5105,2005,146
5105,1976,2
5105,2007,878
5200,1998,3066
5200,1997,4921
5200,1996,4405
5200,1995,2322
5200,1994,5298
5200,1993,544
5200,1992,187
5200,1991,114
5200,1990,404
5200,1989,664
5200,1988,1540
5200,1987,2112
5200,1999,12350
5200,1986,1544
5200,1984,348
5200,1983,301
5200,1982,218
5200,1981,221
5200,1980,439
5200,1979,832
5200,1978,458
5200,1977,808
5200,1976,1984
5200,1975,30298
5200,1974,11695
5200,1973,8147
5200,1985,1153
5200,1972,1897
5200,2000,9091
5200,2002,2442
5203,1972,1075
5203,1971,727
5203,1970,581
5203,1969,0
5203,1968,0
5203,1967,0
5203,1966,12
5203,1965,27
5203,1964,64
5105,2006,1171
5203,1962,0
5203,1961,0
5200,2001,2994
5200,2016,10484
5200,2014,12253
5200,2013,42842
5200,2012,60688
5200,2011,45041
5200,2010,2305
5200,2009,5921
5200,2008,11984
5200,2007,1747
5200,2006,1009
5200,2005,779
5200,2004,1395
5200,2003,1652
5200,2015,27160
5200,1971,1399
5203,1963,0
5200,1970,1328
5105,2010,2094
5105,2011,4697
5105,2012,1628
5105,2013,1017
5105,2014,20013
5105,2015,26088
5105,2009,203
5105,2016,3176
5200,1962,1
5200,1963,27
5200,1964,148
5200,1965,95
5200,1966,488
5200,1967,512
5200,1961,1
5200,1968,609
5200,1969,790
5105,2008,268
60,1995,0
167,2003,0
250,2014,1
250,2015,1
250,2016,1
56,2015,34
58,1994,0
58,1995,0
58,1996,0
58,1999,0
59,1991,0
59,1993,0
59,2013,563
59,1996,0
59,2010,68
66,1999,0
66,1998,0
64,2016,0
65,2016,0
238,2012,3
63,2009,0
59,2012,784
61,2016,0
61,2014,0
60,1998,0
60,1996,0
59,2003,0
63,1999,0
35,2006,0
66,2003,0
101,2006,0
102,2011,0
102,2014,32
102,2015,10
102,2016,1
104,1997,0
105,1998,1232
105,2002,25
105,2003,0
101,2001,0
105,2007,32
105,2011,0
105,2013,0
109,2012,1
109,2013,1
110,1997,0
110,2005,0
110,2008,0
110,2011,0
112,2012,0
105,2008,0
101,1993,124
100,1985,27750
99,1999,0
66,2012,5
74,2016,0
75,2007,330
75,2008,0
75,2011,0
75,2013,3
84,1993,0
86,2014,0
86,2015,0
89,2003,0
89,2006,10
175,2016,0
91,2002,0
91,2003,1
91,2004,0
91,2010,0
93,2016,3
95,1996,0
95,1998,0
95,2007,2
95,2015,4
167,1996,0
50,2005,0
48,2012,0
98,1996,0
19,2004,0
19,1997,0
53,2012,0
53,2011,0
23,1995,0
57,2008,0
14,2013,4
20,1999,22
14,2012,2
12,2013,1
12,2012,1
12,2002,2
52,2010,0
10,2012,0
10,2008,0
10,2001,3
12,2016,0
10,1998,0
20,2012,9
21,1998,0
115,2010,0
32,2006,0
37,2014,1
37,2015,5
37,2016,14
40,1997,0
40,2008,0
21,1996,0
40,2011,0
27,2007,0
27,2003,0
27,2001,101
27,2000,170
27,1999,0
239,2016,0
21,2010,0
233,2009,0
98,2006,0
10,1997,20
10,1994,171
44,1998,0
44,1999,0
46,1994,0
46,1995,0
47,2002,0
48,2003,0
48,2009,0
44,1996,0
48,2010,0
48,2013,31
107,2003,0
107,2009,0
107,2012,0
98,1993,0
98,1994,0
98,1995,0
35,2005,1
10,1995,0
214,2006,0
214,1999,0
1,2010,0
9,1994,0
8,2013,0
4,2013,0
4,2011,0
3,2012,0
96,2003,466
214,2003,0
96,2008,6
114,1997,0
96,2011,0
96,2013,0
128,1997,0
128,1998,1
128,1999,0
214,1998,0
96,2010,7
114,1999,0
194,1999,200
2,2014,0
117,1998,0
117,1999,0
183,2004,0
185,2003,0
230,2005,0
230,2002,19
230,1999,17
230,1998,269
174,2010,3
189,2002,0
114,2013,0
230,1997,131
195,1997,0
195,1998,0
195,1999,0
230,1996,194
197,2002,1
230,1995,67
190,2015,0
230,1994,16
173,2012,0
171,1995,0
165,1998,0
165,1999,0
165,2008,0
222,2007,0
165,2011,0
166,2011,0
166,2015,15
225,1987,0
230,2016,0
169,1997,0
169,1999,0
169,2009,0
169,2010,0
169,2011,0
169,2012,0
169,2013,0
170,1998,0
171,1994,0
169,1998,0
197,2016,0
200,2007,244
199,1994,0
212,2004,0
212,2014,6
212,2015,15
216,1997,0
216,1998,0
216,2013,1395
154,1998,0
176,2014,0
223,2007,0
176,2015,1
217,2004,0
217,2008,0
217,2011,0
217,2013,16
220,2006,0
223,1999,0
223,1998,0
222,2012,0
176,2016,1
212,2002,0
212,2001,1
212,2000,0
199,1995,0
199,1996,0
199,2009,0
199,2011,2
199,2012,16
199,2013,0
198,1999,0
198,2010,0
25,2016,0
226,2005,0
202,2001,26
203,2013,431
38,1997,0
38,2005,32
213,2015,0
276,2014,3
212,1993,0
212,1994,0
212,1999,0
165,1997,0
229,2005,2
222,2003,0
221,2003,0
236,1999,0
236,2002,0
236,2007,0
28,2014,5
236,2008,692
144,2013,4
143,2010,0
143,2005,0
143,2002,0
143,1999,0
123,2016,0
124,2001,7
165,1994,0
143,1997,0
124,2015,8
126,1999,0
143,1995,0
133,2002,0
133,2003,0
251,1997,0
133,2014,1
126,2002,0
249,2006,0
256,2009,15
133,2015,2
138,1994,0
138,1996,0
138,2007,0
138,2009,0
138,2013,0
143,1993,0
137,2002,4
149,2009,82
155,2016,0
251,2013,1
181,2011,2
234,1997,0
234,1998,0
234,1999,0
159,2016,160
114,2015,0
159,2015,0
159,2014,0
119,2003,0
123,2015,1
119,2009,0
119,2012,0
121,1994,270
228,1991,2900
121,1995,70
181,1994,4
156,2003,0
157,2013,1
121,2015,30
121,2006,0
129,1995,0
158,2008,0
159,2001,0
121,1996,70
237,2016,364147
237,2014,306874
14,2014,5
14,2015,2
75,2014,5
5,2014,0
8,2006,0
8,2007,1
181,2007,196
251,2016,0
7,2016,1
181,2006,0
237,2015,434863
22,2013,5
225,2013,5998
225,2011,4324
225,2010,4532
225,2009,2498
225,2006,1621
225,2004,1947
26,2004,7
155,2015,0
16,2016,3
16,2014,13
16,2013,5
26,2006,0
16,2012,16
16,2011,2
26,2007,0
26,2016,0
16,2010,1
16,2009,4
16,2008,10
16,2003,0
237,2013,329616
35,2003,0
115,2005,16
115,2006,177
249,2010,0
22,2012,2
225,2012,1304
114,2012,30
220,2014,21
144,2016,0
149,2005,1
149,2006,6
149,2007,29
149,2008,17
209,2016,0
81,2004,5089
209,2015,0
149,2016,26
61,2015,0
157,2016,5
159,2006,524
59,2016,3
59,2015,311
209,2014,0
81,2014,20002
81,2015,23850
89,2016,69
114,2011,34
114,2014,513
113,2014,0
120,2006,5
120,2007,3
121,2005,30
121,2010,22
122,2014,7
122,2015,1
122,2016,9
130,2016,0
95,2013,25
133,2013,357
93,2015,1
93,2014,6
59,2014,80
159,2010,12
159,2013,0
299,2006,0
184,2016,0
188,2010,0
194,2016,0
196,2010,0
196,2012,0
197,2003,8
197,2004,174
197,2005,2
197,2006,499
201,2013,19
38,2006,122
212,2003,16
220,2011,19
220,2012,7
220,2013,45
184,2015,0
220,2016,14
128,2005,1
46,2004,0
299,2007,0
299,2008,0
299,2009,0
56,2016,12
56,2014,25
250,2013,3
250,2010,2
166,2010,1
166,2014,10
166,2016,236
168,2015,0
168,2016,0
107,2016,44
48,2011,29
46,2005,6
171,2003,2
194,2008,0
