geo,year,forest_emissions_co2eq_eeb
2,1990,0
194,1994,0
194,1993,0
194,1992,0
194,1991,0
194,1990,0
193,2010,43.3925
193,2009,43.0108
194,1995,0
193,2008,42.6357
193,2006,41.9048
193,2005,0
193,2004,0
193,2003,0
193,2002,0
193,2001,0
193,2000,0
193,2007,42.2671
194,1996,0
194,1997,0
194,1998,0
195,1994,-1153.7006
195,1993,-1155.6931
195,1992,-1157.6663
195,1991,-1159.6206
195,1990,-1161.5561
194,2010,0
194,2009,0
194,2008,0
194,2007,0
194,2006,0
194,2005,0
194,2004,0
194,2003,0
194,2002,0
194,2001,0
194,2000,0
194,1999,0
193,1999,0
193,1998,0
193,1997,0
193,1996,0
244,1995,-2058.6132
244,1994,-2058.6132
244,1993,-2058.6132
244,1992,-2058.6132
244,1991,-2058.6132
244,1990,-2058.6132
191,2010,182.3983
191,2009,182.3983
191,2008,182.3983
191,2007,182.3983
191,2006,182.3983
191,2005,-48.8141
191,2004,-48.8141
191,2003,-48.8141
191,2002,-48.8141
191,2001,-48.8141
191,2000,-107.0516
244,1996,-2058.6132
195,1995,-1151.6885
244,1997,-2058.6132
244,1999,-2058.6132
193,1995,0
193,1994,0
193,1993,0
193,1992,0
193,1991,0
193,1990,0
244,2010,-541.2243
244,2009,-541.2243
244,2008,-541.2243
244,2007,-541.2243
244,2006,-541.2243
244,2005,-109.7556
244,2004,-109.7556
244,2003,-109.7556
244,2002,-109.7556
244,2001,-109.7556
244,2000,-2058.6132
244,1998,-2058.6132
195,1996,-1149.6565
195,1997,-1147.6045
195,1998,-1145.5319
197,2001,-190.0192
197,2000,-36.7369
197,1999,-36.7245
197,1998,-36.7123
197,1997,-36.7002
197,1996,-36.6883
197,1995,-36.6765
197,1994,-36.6649
197,1993,-36.6534
197,1992,-36.6421
197,1991,-36.6309
197,1990,-36.6199
196,2010,0
196,2009,0
196,2008,0
196,2007,0
196,2006,0
197,2002,-190.0067
196,2005,0
197,2003,-189.994
197,2005,-189.9681
200,2001,43.495
200,2000,-17.725
200,1999,-17.725
200,1998,-17.725
200,1997,-17.725
200,1996,-17.725
200,1995,-17.725
200,1994,-17.725
200,1993,-17.725
200,1992,-17.725
200,1991,-17.725
200,1990,-17.725
197,2010,-197.4499
197,2009,-197.4087
197,2008,-197.3679
197,2007,-197.3278
197,2006,-197.2882
197,2004,-189.9811
191,1999,-107.0516
196,2004,0
196,2002,0
186,1996,-5940
186,1995,-5940
186,1994,-5940
186,1993,-5940
186,1992,-5940
195,2010,-1695.9098
195,2009,-1695.798
195,2008,-1695.6872
195,2007,-1695.5774
195,2006,-1695.4687
195,2005,-2992.2826
195,2004,-2992.1305
195,2003,-2991.98
195,2002,-2991.831
195,2001,-2991.6835
195,2000,-1141.3243
195,1999,-1143.4387
186,1997,-5940
196,2003,0
186,1998,-5940
186,2000,-5940
196,2001,0
196,2000,0
196,1999,0
196,1998,0
196,1997,0
196,1996,0
196,1995,0
196,1994,0
196,1993,0
196,1992,0
196,1991,0
196,1990,0
186,2005,-6233.3333
186,2004,-6233.3333
186,2003,-6233.3333
186,2002,-6233.3333
186,2001,-6233.3333
186,1999,-5940
200,2002,43.495
191,1998,-107.0516
191,1996,-107.0516
184,1995,6211.0319
184,1994,6193.1564
184,1993,6174.9934
184,1992,6156.5358
184,1991,6137.7763
184,1990,6118.7076
185,2010,-212666.6667
184,1996,6228.6265
185,2009,-212666.6667
185,2007,-212666.6667
185,2006,-212666.6667
185,2005,-99603.2897
185,2004,-99576.1127
185,2003,-99548.9422
185,2002,-99521.778
185,2001,-99494.6203
185,2008,-212666.6667
184,1997,6245.9468
184,1998,6262.9993
184,1999,6279.79
187,1995,0.4714
187,1994,0.4714
187,1993,0.4714
187,1992,0.4714
187,1991,0.4714
187,1990,0.4714
184,2010,-3619
184,2009,-3619
184,2008,-3619
184,2007,-3619
184,2006,-3619
184,2005,-12442.4667
184,2004,-12442.4667
184,2003,-12442.4667
184,2002,-12442.4667
184,2001,-12442.4667
184,2000,6296.325
185,2000,92363.7531
185,1999,92324.7922
185,1998,92285.8282
185,1997,92246.8612
183,1994,-7.5078
183,1993,-7.5072
183,1992,-7.5066
183,1991,-7.506
183,1990,-7.5054
182,2010,-73.3333
182,2009,-73.3333
182,2008,-73.3333
182,2007,-73.3333
182,2006,-73.3333
182,2005,-28.3372
182,2004,-28.2051
182,2003,-28.0742
182,2002,-27.9446
182,2001,-27.8161
182,2000,0
182,1999,0
183,1995,-7.5083
187,1996,0.4714
183,1996,-7.5089
183,1998,-7.5101
185,1996,92207.8911
185,1995,92168.9179
185,1994,92129.9417
185,1993,92090.9624
185,1992,92051.98
183,2010,-5272.6667
183,2009,-5272.6667
183,2008,-5272.6667
183,2007,-5272.6667
183,2006,-5272.6667
183,2005,-1100
183,2004,-1100
183,2003,-1100
183,2002,-1100
183,2001,-1100
183,2000,-7.5113
183,1999,-7.5107
183,1997,-7.5095
187,1997,0.4714
187,1998,0.4714
187,1999,0.4714
190,1995,-2.2446
190,1994,-2.2312
190,1993,-2.2179
190,1992,-2.2048
190,1991,-2.1918
190,1990,-2.179
189,2010,198.6922
189,2009,198.1169
189,2008,197.5448
189,2007,196.9761
189,2006,196.4106
189,2005,-39.6883
189,2004,-39.575
189,2003,-39.4624
189,2002,-39.3504
189,2001,-39.239
189,2000,-61.2797
190,1996,-2.2582
189,1999,-61.1072
190,1997,-2.272
190,1999,-2.3
191,1995,-107.0516
191,1994,-107.0516
191,1993,-107.0516
191,1992,-107.0516
191,1991,-107.0516
191,1990,-107.0516
190,2010,-1.1902
190,2009,-1.1821
190,2008,-1.1741
190,2007,-1.1662
190,2006,-1.1585
190,2005,-1.2922
190,2004,-1.2754
190,2003,-1.259
190,2002,-1.2431
190,2001,-1.2276
190,2000,-2.3143
190,1998,-2.2859
191,1997,-107.0516
189,1998,-60.9357
189,1996,-60.5956
188,1995,-31.0084
188,1994,-31.0084
188,1993,-31.0084
188,1992,-31.0084
188,1991,-31.0084
188,1990,-31.0084
187,2010,0.038
187,2009,0.038
187,2008,0.038
187,2007,0.038
187,2006,0.038
187,2005,0.2235
187,2004,0.2235
187,2003,0.2235
187,2002,0.2235
187,2001,0.2235
187,2000,0.4714
188,1996,-31.0084
189,1997,-60.7652
188,1997,-31.0084
188,1999,-31.0084
189,1995,-60.427
189,1994,-60.2593
189,1993,-60.0925
189,1992,-59.9267
189,1991,-59.7617
189,1990,-59.5977
188,2010,104.8795
188,2009,104.8795
188,2008,104.8795
188,2007,104.8795
188,2006,104.8795
188,2005,-20.6521
188,2004,-20.6521
188,2003,-20.6521
188,2002,-20.6521
188,2001,-20.6521
188,2000,-31.0084
188,1998,-31.0084
200,2003,43.495
200,2004,43.495
200,2005,43.495
210,2005,-89012.2012
210,2004,-88552.7465
210,2003,-88092.9331
210,2002,-87632.7607
210,2001,-87172.2288
210,2000,-54853.7175
210,1999,-54664.3482
210,2006,-54025.1641
210,1998,-54474.8441
210,1996,-54095.4317
210,1995,-53905.5229
210,1994,-53715.4789
210,1993,-53525.2996
210,1992,-53334.9849
210,1991,-53144.5344
210,1990,-52953.9482
210,1997,-54285.2053
210,2007,-54167.6384
210,2008,-54310.4063
210,2009,-54453.4684
211,2005,-1833.3333
211,2004,-1833.3333
211,2003,-1833.3333
211,2002,-1833.3333
211,2001,-1833.3333
211,2000,-2200
211,1999,-2200
211,1998,-2200
211,1997,-2200
211,1996,-2200
211,1995,-2200
211,1994,-2200
211,1993,-2200
211,1992,-2200
211,1991,-2200
211,1990,-2200
210,2010,-54596.8258
209,2010,2.6519
209,2009,1.2438
209,2008,-0.1867
209,2007,-1.6404
207,2006,-59.6858
207,2005,-63.336
207,2004,-63.3195
207,2003,-63.3031
207,2002,-63.2866
207,2001,-63.2702
207,2000,-11.2139
207,1999,-11.2111
207,1998,-11.2082
207,1997,-11.2054
207,1996,-11.2026
207,1995,-11.1997
207,1994,-11.1969
207,1993,-11.1941
207,1992,-11.1912
207,1991,-11.1884
207,1990,-11.1856
207,2007,-59.7014
211,2006,-3666.6667
207,2008,-59.7169
207,2010,-59.748
209,2006,-3.1177
209,2005,-4.6756
209,2004,-6.2605
209,2003,-7.873
209,2002,-9.514
209,2001,-11.184
209,2000,-49.4793
209,1999,-51.1373
209,1998,-52.8256
209,1997,-54.545
209,1996,-56.2963
209,1995,-58.0805
209,1994,-59.8984
209,1993,-61.7512
209,1992,-63.6397
209,1991,-65.565
209,1990,-67.5282
207,2009,-59.7325
211,2007,-3666.6667
211,2008,-3666.6667
211,2009,-3666.6667
216,2007,-17880.5614
216,2006,-17898.8447
216,2005,-46248.4529
216,2004,-45748.5192
216,2003,-45259.5293
216,2002,-44781.1276
216,2001,-44312.974
216,2000,9900
216,1999,9900
216,1998,9900
216,1997,9900
216,1996,9900
216,1995,9900
216,1994,9900
216,1993,9900
216,1992,9900
216,1991,9900
216,2008,-17862.3456
216,1990,9900
216,2009,-17844.1968
154,1992,-733.3333
154,2009,0
154,2008,0
154,2007,0
154,2006,0
154,2005,1246.6667
154,2004,1246.6667
154,2003,1246.6667
154,2002,1246.6667
154,2001,1246.6667
154,2000,-733.3333
154,1999,-733.3333
154,1998,-733.3333
154,1997,-733.3333
154,1996,-733.3333
154,1995,-733.3333
154,1994,-733.3333
154,1993,-733.3333
216,2010,-17826.1147
206,2010,-31808.6273
208,2010,0
208,2008,0
212,2005,-1581.9853
212,2004,-1581.8622
212,2003,-1581.7359
212,2002,-1581.6062
212,2001,-1581.473
212,2000,-1534.1209
212,1999,-1534.1209
212,1998,-1534.1209
212,1997,-1534.1209
212,1996,-1534.1209
212,1995,-1534.1209
212,1994,-1534.1209
212,1993,-1534.1209
212,1992,-1534.1209
212,1991,-1534.1209
212,1990,-1534.1209
211,2010,-3666.6667
212,2006,-2244.8
208,2009,0
212,2007,-2244.8
212,2009,-2244.8
208,2007,0
208,2006,0
208,2005,0
208,2004,0
208,2003,0
208,2002,0
208,2001,0
208,2000,91.6667
208,1999,91.6667
208,1998,91.6667
208,1997,91.6667
208,1996,91.6667
208,1995,91.6667
208,1994,91.6667
208,1993,91.6667
208,1992,91.6667
212,2010,-2244.8
212,2008,-2244.8
206,2009,-31628.3274
206,2008,-31450.2929
206,2007,-31274.4815
25,2006,-73.497
25,2005,59.9359
25,2004,59.7922
25,2003,59.6491
25,2002,59.5068
25,2001,59.3651
25,2000,-0.9031
25,1999,-0.9009
25,1998,-0.8987
25,1997,-0.8965
25,1996,-0.8943
25,1995,-0.8921
25,1994,-0.89
25,1993,-0.8878
25,1992,-0.8857
25,1991,-0.8835
25,1990,-0.8814
25,2007,-73.6811
198,2010,-8302.6138
25,2008,-73.8661
25,2010,-74.239
201,2006,-988.1644
201,2005,1198.9234
201,2004,1186.2834
201,2003,1173.9071
201,2002,1161.7865
201,2001,1149.9135
201,2000,-655.3122
201,1999,-648.7577
201,1998,-642.333
201,1997,-636.0343
201,1996,-629.858
201,1995,-623.8004
201,1994,-617.8583
201,1993,-612.0283
201,1992,-606.3073
201,1991,-600.6923
201,1990,-595.1803
25,2009,-74.0521
201,2007,-998.9226
198,2009,-8296.5002
198,2007,-8284.2493
199,2004,-9240
199,2003,-9240
199,2002,-9240
199,2001,-9240
199,2000,-10008.0837
199,1999,-10007.0456
199,1998,-10006.0076
199,1997,-10004.9696
199,1996,-10003.9318
199,1995,-10002.8941
199,1994,-10001.8565
199,1993,-10000.819
200,2010,65.1541
200,2009,65.1541
200,2008,65.1541
200,2007,65.1541
200,2006,65.1541
199,2005,-9240
198,2008,-8290.3787
199,2006,-6683.8095
199,2008,-6687.4785
198,2006,-8278.1121
198,2005,-10413.3333
198,2004,-10413.3333
198,2003,-10413.3333
198,2002,-10413.3333
198,2001,-10413.3333
198,2000,-6893.3333
198,1999,-6893.3333
198,1998,-6893.3333
198,1997,-6893.3333
198,1996,-6893.3333
198,1995,-6893.3333
198,1994,-6893.3333
198,1993,-6893.3333
198,1992,-6893.3333
199,2010,-6691.1368
199,2009,-6689.309
199,2007,-6685.6453
182,1998,0
201,2008,-1009.9177
201,2010,-1032.6504
38,2006,199.565
38,2005,1465.1675
38,2004,1455.0705
38,2003,1445.1116
38,2002,1435.2881
38,2001,1425.5973
38,2000,930.4392
38,1999,926.5665
38,1998,922.726
38,1997,918.9172
38,1996,915.1397
38,1995,911.3931
38,1994,907.6771
38,1993,903.9913
38,1992,900.3353
38,1991,896.7087
38,1990,893.1112
38,2007,200.6525
203,2010,-33579.3333
38,2008,201.7431
38,2010,203.9335
206,2006,-31100.8517
206,2005,75288.1912
206,2004,74601.6889
206,2003,73923.5497
206,2002,73253.6218
206,2001,72591.7568
206,2000,-30460.3458
206,1999,-30307.2395
206,1998,-30155.9433
206,1997,-30006.4252
206,1996,-29858.6541
206,1995,-29712.5996
206,1994,-29568.2318
206,1993,-29425.5218
206,1992,-29284.4412
206,1991,-29144.9621
206,1990,-29007.0575
38,2009,202.8367
201,2009,-1021.1576
203,2009,-33579.3333
203,2007,-33579.3333
202,2006,-832.4258
202,2005,-1664.8516
202,2004,-1664.8516
202,2003,-1664.8516
202,2002,-1664.8516
202,2001,-1664.8516
202,2000,-3137.6049
202,1999,-3137.6049
202,1998,-3137.6049
202,1997,-3137.6049
202,1996,-3137.6049
202,1995,-3137.6049
202,1994,-3137.6049
202,1993,-3137.6049
202,1992,-3137.6049
202,1991,-3137.6049
202,1990,-3137.6049
202,2007,-832.4258
203,2008,-33579.3333
202,2008,-832.4258
202,2010,-832.4258
203,2006,-33579.3333
203,2005,-47190
203,2004,-47190
203,2003,-47190
203,2002,-47190
203,2001,-47190
203,2000,-47182.6667
203,1999,-47182.6667
203,1998,-47182.6667
203,1997,-47182.6667
203,1996,-47182.6667
203,1995,-47182.6667
203,1994,-47182.6667
203,1993,-47182.6667
203,1992,-47182.6667
203,1991,-47182.6667
203,1990,-47182.6667
202,2009,-832.4258
182,1997,0
182,1996,0
182,1995,0
158,1992,-295.4477
158,1991,-295.03
158,1990,-294.638
157,2010,-7493.5944
157,2009,-7493.1414
157,2008,-7492.7074
157,2007,-7492.2913
158,1993,-295.8937
157,2006,-7491.8921
157,2004,26.8159
157,2003,26.305
157,2002,25.8132
157,2001,25.3394
157,2000,-5.0021
157,1999,-4.9136
157,1998,-4.8281
157,2005,27.3471
158,1994,-296.371
158,1995,-296.883
158,1996,-297.4335
159,1992,5380.8747
159,1991,5183.6718
159,1990,4995.6273
158,2010,-788.0741
158,2009,-789.1927
158,2008,-790.289
158,2007,-791.3635
158,2006,-792.4171
158,2005,-770.849
158,2004,-771.8521
158,2003,-772.8361
158,2002,-773.8016
158,2001,-774.749
158,2000,-300.1247
158,1999,-299.3661
158,1998,-298.6694
158,1997,-298.0273
157,1997,-4.7455
157,1996,-4.6658
157,1995,-4.5886
157,1994,-4.514
156,1993,-25749.2683
156,1992,-25748.8013
156,1991,-25748.3295
156,1990,-25747.8531
153,2010,0
153,2009,0
153,2008,0
153,2007,0
153,2006,0
153,2005,0
153,2004,0
153,2003,0
153,2002,0
153,2001,0
153,2000,0
153,1999,0
153,1998,0
156,1994,-25749.7308
159,1993,5587.9217
156,1995,-25750.1888
156,1997,-25751.0915
157,1993,-4.4417
157,1992,-4.3718
157,1991,-4.304
157,1990,-4.2383
156,2010,-22201.2851
156,2009,-22187.3053
156,2008,-22173.343
156,2007,-22159.3984
156,2006,-22145.4712
156,2005,-18655.4487
156,2004,-18652.5534
156,2003,-18649.6531
156,2002,-18646.7477
156,2001,-18643.8373
156,2000,-25752.4132
156,1999,-25751.9769
156,1998,-25751.5363
156,1996,-25750.6424
159,1994,5805.5689
159,1995,6034.6517
159,1996,6276.0956
163,1993,0.0202
163,1992,0.0201
163,1991,0.02
161,2010,-0.8393
161,2009,-0.8393
161,2008,-0.8393
161,2007,-0.8393
161,2006,-0.8393
161,2005,-0.1139
161,2004,-0.1139
161,2003,-0.1139
161,2002,-0.1139
161,2001,-0.1139
161,2000,-0.0406
161,1999,-0.0406
161,1998,-0.0406
161,1997,-0.0406
163,1994,0.0203
161,1996,-0.0406
163,1995,0.0204
163,1997,0.0206
162,1993,-19128.8732
162,1992,-19093.775
162,1991,-19058.6878
162,1990,-19023.6115
163,2010,0.3502
163,2009,0.3483
163,2008,0.3465
163,2007,0.3446
163,2006,0.3428
163,2005,-0.3153
163,2004,-0.3137
163,2003,-0.3121
163,2002,-0.3104
163,2001,-0.3089
163,2000,0.0209
163,1999,0.0208
163,1998,0.0207
163,1996,0.0205
153,1997,0
161,1995,-0.0406
161,1993,-0.0406
160,1992,-23.2176
160,1991,-23.1049
160,1990,-22.9933
159,2010,-9666.0388
159,2009,-9264.5044
159,2008,-8894.9996
159,2007,-8553.8389
159,2006,-8237.8814
159,2005,-34844.7046
159,2004,-33726.6455
159,2003,-32682.9434
159,2002,-31706.4192
159,2001,-30790.7894
159,2000,7387.9137
159,1999,7085.4805
159,1998,6800.2972
159,1997,6530.929
160,1993,-23.3314
161,1994,-0.0406
160,1994,-23.4463
160,1996,-23.6796
161,1992,-0.0406
161,1991,-0.0406
161,1990,-0.0406
160,2010,-88.9608
160,2009,-88.449
160,2008,-87.9427
160,2007,-87.4417
160,2006,-86.946
160,2005,-12.5147
160,2004,-12.4498
160,2003,-12.3856
160,2002,-12.3221
160,2001,-12.2592
160,2000,-24.1604
160,1999,-24.0384
160,1998,-23.9176
160,1997,-23.798
160,1995,-23.5624
153,1996,0
153,1995,0
153,1994,0
147,1993,0.2392
147,1992,0.2372
147,1991,0.2352
147,1990,0.2332
28,2010,-5730.0053
28,2009,-5725.5883
28,2008,-5721.2549
28,2007,-5717.0028
28,2006,-5712.8297
28,2005,-6205.1953
28,2004,-6201.5215
28,2003,-6197.9141
28,2002,-6194.3713
28,2001,-6190.8914
28,2000,-5891.3216
28,1999,-5889.8704
28,1998,-5888.454
147,1994,0.2412
28,1997,-5887.0713
147,1995,0.2433
147,1997,0.2476
148,1993,0
148,1992,0
148,1991,0
148,1990,0
147,2010,41.0423
147,2009,40.6
147,2008,40.1665
147,2007,39.7414
147,2006,39.3246
147,2005,12.1908
147,2004,12.0659
147,2003,11.9434
147,2002,11.8232
147,2001,11.7051
147,2000,0.2542
147,1999,0.252
147,1998,0.2497
147,1996,0.2454
148,1994,0
28,1996,-5885.7211
28,1994,-5883.1136
144,1993,439.4877
144,1992,437.2576
144,1991,435.05
144,1990,432.8646
143,2010,733.3333
143,2009,733.3333
143,2008,733.3333
143,2007,733.3333
143,2006,733.3333
143,2005,-9533.3333
143,2004,-9533.3333
143,2003,-9533.3333
143,2002,-9533.3333
143,2001,-9533.3333
143,2000,-8899.0399
143,1999,-8898.0583
143,1998,-8897.0751
144,1994,441.7406
28,1995,-5884.4022
144,1995,444.0168
144,1997,448.6402
28,1993,-5881.8542
28,1992,-5880.6231
28,1991,-5879.4193
28,1990,-5878.2419
144,2010,-5149.0166
144,2009,-5120.0936
144,2008,-5091.4938
144,2007,-5063.2117
144,2006,-5035.2421
144,2005,763.7797
144,2004,759.5992
144,2003,755.4641
144,2002,751.3739
144,2001,747.3277
144,2000,455.7587
144,1999,453.3609
144,1998,450.9882
144,1996,446.3165
162,1994,-19163.9824
148,1995,0
148,1997,0
151,1993,-3.3264
151,1992,-3.3264
151,1991,-3.3264
151,1990,-3.3264
150,2010,-2713.3333
150,2009,-2713.3333
150,2008,-2713.3333
150,2007,-2713.3333
150,2006,-2713.3333
150,2005,-880
150,2004,-880
150,2003,-880
150,2002,-880
150,2001,-880
150,2000,-1283.3333
150,1999,-1283.3333
150,1998,-1283.3333
151,1994,-3.3264
150,1997,-1283.3333
151,1995,-3.3264
151,1997,-3.3264
153,1993,0
153,1992,0
153,1991,0
153,1990,0
151,2010,11.2507
151,2009,11.2507
151,2008,11.2507
151,2007,11.2507
151,2006,11.2507
151,2005,-2.2154
151,2004,-2.2154
151,2003,-2.2154
151,2002,-2.2154
151,2001,-2.2154
151,2000,-3.3264
151,1999,-3.3264
151,1998,-3.3264
151,1996,-3.3264
148,1996,0
150,1996,-1283.3333
150,1994,-1283.3333
149,1993,-12519.5902
149,1992,-12277.9055
149,1991,-12045.4225
149,1990,-11821.6255
148,2010,0
148,2009,0
148,2008,0
148,2007,0
148,2006,0
148,2005,0
148,2004,0
148,2003,0
148,2002,0
148,2001,0
148,2000,0
148,1999,0
148,1998,0
149,1994,-12771.0341
150,1995,-1283.3333
149,1995,-13032.8405
149,1997,-13590.2128
150,1993,-1283.3333
150,1992,-1283.3333
150,1991,-1283.3333
150,1990,-1283.3333
149,2010,0
149,2009,0
149,2008,0
149,2007,0
149,2006,0
149,2005,-252.8736
149,2004,-250.6771
149,2003,-248.5417
149,2002,-246.465
149,2001,-244.4444
149,2000,-14522.3038
149,1999,-14197.6523
149,1998,-13887.2618
149,1996,-13305.6633
154,2010,0
162,1995,-19199.1026
162,1997,-19269.3761
174,1992,-11.5563
174,1991,-11.525
174,1990,-11.4939
173,2010,-122466.6667
173,2009,-122466.6667
173,2008,-122466.6667
173,2007,-122466.6667
174,1993,-11.5878
173,2006,-122466.6667
173,2004,-39600
173,2003,-39600
173,2002,-39600
173,2001,-39600
173,2000,-28966.6667
173,1999,-28966.6667
173,1998,-28966.6667
173,2005,-39600
174,1994,-11.6194
174,1995,-11.6512
174,1996,-11.6831
177,1992,-1030.3333
177,1991,-1030.3333
177,1990,-1030.3333
174,2010,-2355.2851
174,2009,-2346.3519
174,2008,-2337.481
174,2007,-2328.6716
174,2006,-2319.9231
174,2005,3356.0017
174,2004,3334.6977
174,2003,3313.5142
174,2002,3292.4502
174,2001,3271.5046
174,2000,-11.8128
174,1999,-11.7801
174,1998,-11.7476
174,1997,-11.7153
173,1997,-28966.6667
173,1996,-28966.6667
173,1995,-28966.6667
173,1994,-28966.6667
172,1993,-4.1259
172,1992,-4.1259
172,1991,-4.1259
172,1990,-4.1259
171,2010,14486.3042
171,2009,14388.5254
171,2008,14292.0578
171,2007,14196.875
171,2006,14102.9517
171,2005,-6956.0724
171,2004,-7068.7463
171,2003,-7181.7207
171,2002,-7294.9971
171,2001,-7408.5764
171,2000,-2640
171,1999,-2640
171,1998,-2640
172,1994,-4.1259
177,1993,-1030.3333
172,1995,-4.1259
172,1997,-4.1259
173,1993,-28966.6667
173,1992,-28966.6667
173,1991,-28966.6667
173,1990,-28966.6667
172,2010,-11.0777
172,2009,-11.0777
172,2008,-11.0777
172,2007,-11.0777
172,2006,-11.0777
172,2005,-2.2465
172,2004,-2.2465
172,2003,-2.2465
172,2002,-2.2465
172,2001,-2.2465
172,2000,-4.1259
172,1999,-4.1259
172,1998,-4.1259
172,1996,-4.1259
177,1994,-1030.3333
177,1995,-1030.3333
177,1996,-1030.3333
146,1994,-1400.6667
146,1993,-1400.6667
146,1992,-1400.6667
117,2010,-51506.4766
117,2009,-51386.7526
117,2008,-51267.2819
117,2007,-51148.0635
117,2006,-51029.0967
117,2005,-45822.9803
117,2004,-45715.3696
117,2003,-45607.9854
117,2002,-45500.8268
117,2001,-45393.8931
117,2000,-35567.8663
117,1999,-35521.604
117,1998,-35475.4618
117,1997,-35429.4393
146,1995,-1400.6667
117,1996,-35383.5361
146,1996,-1400.6667
146,1998,-1400.6667
182,1994,0
182,1993,0
182,1992,0
182,1991,0
182,1990,0
146,2010,-1026.6667
146,2009,-1026.6667
146,2008,-1026.6667
146,2007,-1026.6667
146,2006,-1026.6667
146,2005,-1034
146,2004,-1034
146,2003,-1034
146,2002,-1034
146,2001,-1034
146,2000,-1400.6667
146,1999,-1400.6667
146,1997,-1400.6667
171,1997,-2640
117,1995,-35337.7517
117,1993,-35246.5374
179,1992,0
179,1991,0
179,1990,0
177,2010,-2200
177,2009,-2200
177,2008,-2200
177,2007,-2200
177,2006,-2200
177,2005,-1496
177,2004,-1496
177,2003,-1496
177,2002,-1496
177,2001,-1496
177,2000,-1030.3333
177,1999,-1030.3333
177,1998,-1030.3333
177,1997,-1030.3333
179,1993,0
117,1994,-35292.0856
179,1994,0
179,1996,0
117,1992,-35201.1066
117,1991,-35155.7928
117,1990,-35110.5955
179,2010,0
179,2009,0
179,2008,0
179,2007,0
179,2006,0
179,2005,0
179,2004,0
179,2003,0
179,2002,0
179,2001,0
179,2000,0
179,1999,0
179,1998,0
179,1997,0
179,1995,0
171,1996,-2640
171,1995,-2640
171,1994,-2640
180,1993,-143
180,1992,-143
180,1991,-143
165,2010,-1.2717
165,2009,-55.8376
165,2008,-107.8194
165,2007,-157.3964
165,2006,-204.7319
165,2005,-1589.4419
165,2004,-1600.6708
165,2003,-1611.4263
165,2002,-1621.7377
165,2001,-1631.632
165,2000,-629.7467
165,1999,-678.9889
165,1998,-726.4234
165,1997,-772.1482
180,1994,-143
165,1996,-816.2539
180,1995,-143
180,1997,-143
166,1993,-1521.8916
166,1992,-1521.4174
166,1991,-1520.9464
166,1990,-1520.4787
180,2010,0
180,2009,0
180,2008,0
180,2007,0
180,2006,0
180,2005,-139.3333
180,2004,-139.3333
180,2003,-139.3333
180,2002,-139.3333
180,2001,-139.3333
180,2000,-143
180,1999,-143
180,1998,-143
180,1996,-143
166,1994,-1522.369
165,1995,-858.825
165,1993,-939.6733
221,1993,-1.7556
221,1992,-1.7556
221,1991,-1.7556
221,1990,-1.7556
162,2010,-26334.4606
162,2009,-26312.8462
162,2008,-26291.2246
162,2007,-26269.5959
162,2006,-26247.9601
162,2005,-25809.8025
162,2004,-25771.7541
162,2003,-25733.7321
162,2002,-25695.7364
162,2001,-25657.7671
162,2000,-19374.869
162,1999,-19339.6936
162,1998,-19304.5294
221,1994,-1.7556
165,1994,-899.9404
221,1995,-1.7556
221,1997,-1.7556
165,1992,-978.0924
165,1991,-1015.2618
165,1990,-1051.2415
164,1990,-444.2687
221,2010,-4.1233
221,2009,-4.1233
221,2008,-4.1233
221,2007,-4.1233
221,2006,-4.1233
221,2005,-1.664
221,2004,-1.664
221,2003,-1.664
221,2002,-1.664
221,2001,-1.664
221,2000,-1.7556
221,1999,-1.7556
221,1998,-1.7556
221,1996,-1.7556
162,1996,-19234.2339
166,1995,-1522.8498
166,1997,-1523.8216
170,1993,-49410.2968
170,1992,-49322.7045
170,1991,-49235.5112
170,1990,-49148.7139
169,2010,-9663.2394
169,2009,-9514.332
169,2008,-9370.5091
169,2007,-9231.5145
169,2006,-9097.1093
169,2005,-7439.9067
169,2004,-7374.749
169,2003,-7310.8156
169,2002,-7248.0723
169,2001,-7186.4861
169,2000,-9182.0611
169,1999,-9103.4426
169,1998,-9026.2373
170,1994,-49498.2905
169,1997,-8950.4074
170,1995,-49586.6887
170,1997,-49764.7092
171,1993,-2640
171,1992,-2640
171,1991,-2640
171,1990,-2640
170,2010,-11306.2619
170,2009,-11328.5488
170,2008,-11350.7507
170,2007,-11372.8682
170,2006,-11394.9017
170,2005,-12006.8015
170,2004,-11991.6388
170,2003,-11976.5256
170,2002,-11961.4616
170,2001,-11946.4466
170,2000,-50034.8432
170,1999,-49944.3809
170,1998,-49854.3372
170,1996,-49675.4939
166,1996,-1523.334
169,1996,-8875.9166
169,1994,-8730.8126
168,1993,-335.7425
168,1992,-335.7155
168,1991,-335.6886
168,1990,-335.6616
166,2010,-1710.9608
166,2009,-1710.2588
166,2008,-1709.5617
166,2007,-1708.8695
166,2006,-1708.1821
166,2005,-1229.4267
166,2004,-1231.0833
166,2003,-1232.7283
166,2002,-1234.3618
166,2001,-1235.9838
166,2000,-1525.305
166,1999,-1524.807
166,1998,-1524.3125
168,1994,-335.7695
169,1995,-8802.7296
168,1995,-335.7964
168,1997,-335.8504
169,1993,-8660.1327
169,1992,-8590.6583
169,1991,-8522.3588
169,1990,-8455.2047
168,2010,-269.1498
168,2009,-269.129
168,2008,-269.1081
168,2007,-269.0873
168,2006,-269.0665
168,2005,330.7214
168,2004,330.6938
168,2003,330.6662
168,2002,330.6387
168,2001,330.6111
168,2000,-335.9313
168,1999,-335.9043
168,1998,-335.8774
168,1996,-335.8234
143,1997,-8896.0903
176,1990,-1476.2923
176,1992,-1500.4474
5303,2009,-153968.7791
5303,2008,-153958.8895
5303,2007,-153946.8176
5303,2006,-153932.7251
5303,2005,-183578.8566
5303,2004,-183596.5235
5303,2003,-183613.6452
5303,2010,-153976.3081
5303,2002,-183630.2512
5303,2000,-75282.1779
5303,1999,-75011.973
5303,1998,-74754.1847
5303,1997,-74507.9917
5303,1996,-74272.6432
5303,1995,-74047.4514
5303,1994,-73831.785
5303,2001,-183646.3687
5304,1990,-595291.1459
5304,1991,-604426.1005
5304,1992,-613862.7031
5304,2009,538242.6
5304,2008,533432.837
5304,2007,528689.5938
5304,2006,524011.3625
5304,2005,336491.2551
5304,2004,333513.3891
5304,2003,330549.1273
5304,2002,327598.4808
5304,2001,324661.4546
5304,2000,-702266.0408
5304,1999,-689774.2925
5304,1998,-677739.3203
5304,1997,-666136.6319
5304,1996,-654943.4548
5304,1995,-644138.5879
5304,1994,-633702.2685
5304,1993,-623616.0517
5303,1993,-73625.064
5303,1992,-73426.7538
5303,1991,-73236.3618
5303,1990,-73053.4325
5301,2010,7836.5525
5301,2009,7319.7444
5301,2008,6853.7288
5301,2007,6431.4496
5301,2006,6047.0997
5301,2005,-9998.9863
5301,2004,-9983.9528
5301,2003,-9968.8814
5301,2002,-9953.7709
5301,2001,-9938.62
5301,2000,-5603.6635
5301,1999,-5599.7861
5301,1998,-5595.8762
5301,1997,-5591.9329
5301,1996,-5587.9554
5301,1995,-5583.943
5301,1994,-5579.8948
5302,1990,-443123.0036
5304,2010,543120.4313
5302,1991,-443226.5834
5302,1993,-443436.1654
5302,2010,-584017.2567
5302,2009,-583860.2736
5302,2008,-583703.726
5302,2007,-583547.6209
5302,2006,-583391.9672
5302,2005,-436278.993
5302,2004,-436120.8925
5302,2003,-435964.7306
5302,2002,-435810.4131
5302,2001,-435657.8525
5302,2000,-444199.0905
5302,1999,-444086.9532
5302,1998,-443975.9468
5302,1997,-443866.019
5302,1996,-443757.1211
5302,1995,-443649.2074
5302,1994,-443542.2355
5302,1992,-443330.9597
5305,1990,-25202.3792
5305,1991,-25202.0924
5305,1992,-30309.6148
5401,2009,-462424.4932
5401,2008,-462352.1598
5401,2007,-462279.6271
5401,2006,-462206.8916
5401,2005,-262349.5303
5401,2004,-262305.1087
5401,2003,-262260.1473
5401,2002,-262214.6197
5401,2001,-262168.4978
5401,2000,-74328.6006
5401,1999,-74336.7844
5401,1998,-74344.8765
5401,1997,-74352.8762
5401,1996,-74360.7834
5401,1995,-74368.5974
5401,1994,-74376.3179
5401,1993,-74383.9445
5401,2010,-462496.6307
5401,1992,-74423.0674
5402,1990,-122095.6511
5402,1992,-148380.0263
5402,2009,-183936.263
5402,2008,-183513.779
5402,2007,-183090.6326
5402,2006,-182666.8088
5402,2005,-196535.7543
5402,2004,-195696.5713
5402,2003,-194859.0425
5402,2002,-194023.1457
5402,2001,-193188.8591
5402,2000,-150229.722
5402,1999,-149999.0356
5402,1998,-149768.1997
5402,1997,-149537.2139
5402,1996,-149306.078
5402,1995,-149074.7916
5402,1994,-148843.3544
5402,1993,-148611.7661
5402,1991,-122321.3135
5301,1993,-5575.81
5401,1991,-102880.515
5400,2010,-928138.5317
5305,2009,-75833.2026
5305,2008,-75774.3194
5305,2007,-75714.2488
5305,2006,-75652.9546
5305,2005,-37191.3151
5305,2004,-37191.1692
5305,2003,-37191.0199
5305,2002,-37190.867
5305,2001,-37190.7103
5305,2000,-30306.9989
5305,1999,-30307.3022
5305,1998,-30307.6118
5305,1997,-30307.9277
5305,1996,-30308.2504
5305,1995,-30308.5801
5305,1994,-30308.9172
5305,1993,-30309.262
5305,2010,-75890.9331
5401,1990,-102852.8592
5400,1990,-461190.6788
5400,1992,-458988.0967
5400,2009,-927580.1336
5400,2008,-927020.3347
5400,2007,-926459.1036
5400,2006,-925896.408
5400,2005,-710529.1536
5400,2004,-709545.8152
5400,2003,-708562.8463
5400,2002,-707580.1882
5400,2001,-706597.7803
5400,2000,-461224.1199
5400,1999,-460966.5353
5400,1998,-460680.0237
5400,1997,-460393.3028
5400,1996,-460106.3711
5400,1995,-459819.2271
5400,1994,-459531.8692
5400,1993,-459244.296
5400,1991,-461500.1936
5402,2010,-184358.0994
5301,1992,-5571.6878
5300,2009,-268099.9109
5200,2008,-956870.4901
5200,2007,-955207.9374
5200,2006,-953571.0991
5200,2005,-805898.3285
5200,2004,-804126.0518
5200,2003,-802380.6886
5200,2002,-800661.5889
5200,2009,-958559.5069
5200,2001,-798968.1245
5200,1999,-1076903.2347
5200,1998,-1074435.8568
5200,1997,-1071992.0265
5200,1996,-1069571.224
5200,1995,-1067172.9464
5200,1994,-1064796.7069
5200,1993,-1062442.0335
5200,2000,-1079394.6982
5200,2010,-960275.7732
5203,1990,-597111.4922
5203,1991,-597631.1532
5203,2008,-464108.7497
5203,2007,-464251.1491
5203,2006,-464393.5037
5203,2005,-403444.0782
5203,2004,-403539.8077
5203,2003,-403635.1553
5203,2002,-403730.1203
5203,2001,-403824.7021
5203,2000,-602291.3831
5203,1999,-601775.0611
5203,1998,-601258.3697
5203,1997,-600741.3086
5203,1996,-600223.8772
5203,1995,-599706.0752
5203,1994,-599187.9022
5203,1993,-598669.3578
5203,1992,-598150.4416
5200,1992,-1060108.4688
5200,1991,-1057795.5685
5200,1990,-1055502.9013
5105,2010,-34245.1623
5104,2009,-18568.1796
5104,2008,-18390.6467
5104,2007,-18216.7211
5104,2006,-18046.2966
5104,2005,-19464.6133
5104,2004,-19293.6133
5104,2003,-19125.9642
5104,2002,-18961.5715
5104,2001,-18800.3447
5104,2000,-19784.2277
5104,1999,-19632.5594
5104,1998,-19483.7357
5104,1997,-19337.6806
5104,1996,-19194.321
5104,1995,-19053.5865
5104,1994,-18915.4091
5104,1993,-18779.7234
5104,2010,-18749.4302
5203,2009,-463966.3055
5105,1990,13460.8558
5105,1992,13865.3198
5105,2009,-33858.8108
5105,2008,-33504.2305
5105,2007,-33177.7494
5105,2006,-32876.2386
5105,2005,-18214.2887
5105,2004,-17087.8347
5105,2003,-16035.7462
5105,2002,-15050.8666
5105,2001,-14126.9298
5105,2000,15964.1977
5105,1999,15648.639
5105,1998,15350.881
5105,1997,15069.4421
5105,1996,14803.0013
5105,1995,14550.377
5105,1994,14310.509
5105,1993,14082.4435
5105,1991,13658.3593
5203,2010,-463823.8165
5204,1990,-10008.8833
5204,1991,-10053.6709
5207,2008,-510528.4079
5207,2007,-508669.6308
5207,2006,-506837.6833
5207,2005,-351230.7811
5207,2004,-349341.739
5207,2003,-347480.5568
5207,2002,-345646.5564
5207,2001,-343839.0839
5207,2000,-418519.3715
5207,1999,-416603.2992
5207,1998,-414710.5468
5207,1997,-412840.6427
5207,1996,-410993.1288
5207,1995,-409167.5607
5207,1994,-407363.5064
5207,1993,-405580.5464
5207,1992,-403818.2731
5207,2009,-512414.7968
5207,1991,-402076.2901
5207,2010,-514329.6167
5300,1991,-1146091.1381
5300,2008,-273150.3692
5300,2007,-278087.6438
5300,2006,-282919.1846
5300,2005,-330556.8959
5300,2004,-333379.1489
5300,2003,-336189.1498
5300,2002,-338986.8213
5300,2001,-341772.0968
5300,2000,-1257657.9715
5300,1999,-1244780.307
5300,1998,-1232372.9397
5300,1997,-1220410.5032
5300,1996,-1208869.4248
5300,1995,-1197727.7698
5300,1994,-1186965.101
5300,1993,-1176562.3531
5300,1992,-1166501.7193
5300,1990,-1136669.9612
5300,2010,-262927.5142
5207,1990,-400354.212
5206,2009,32858.879
5204,2008,-15089.2483
5204,2007,-15140.1388
5204,2006,-15189.9871
5204,2005,-7070.0221
5204,2004,-7094.1143
5204,2003,-7117.5668
5204,2002,-7140.4118
5204,2001,-7162.6791
5204,2000,-10500.5534
5204,1999,-10446.4746
5204,1998,-10393.6213
5204,1997,-10341.9366
5204,1996,-10291.3679
5204,1995,-10241.8664
5204,1994,-10193.3868
5204,1993,-10145.8869
5204,1992,-10099.3272
5204,2009,-15037.2836
5206,2010,32861.8714
5204,2010,-14984.2114
5206,1991,-48034.4543
5206,2008,32855.9158
5206,2007,32852.9813
5206,2006,32850.075
5206,2005,-44153.4471
5206,2004,-44150.3908
5206,2003,-44147.4097
5206,2002,-44144.5003
5206,2001,-44141.6594
5206,2000,-48083.3902
5206,1999,-48078.3998
5206,1998,-48073.3189
5206,1997,-48068.1387
5206,1996,-48062.8501
5206,1995,-48057.4441
5206,1994,-48051.9114
5206,1993,-48046.2423
5206,1992,-48040.4268
5206,1990,-48028.3138
5403,1990,-119692.0507
5403,1991,-119710.4645
5403,1992,-119559.3169
5803,2008,31744.6342
5803,2007,31692.8878
5803,2006,31642.4228
5803,2005,-45750.4908
5803,2004,-45787.7769
5803,2003,-45824.2057
5803,2002,-45859.8084
5803,2009,31797.7163
5803,2001,-45894.6145
5803,1999,-61449.8819
5803,1998,-61396.4432
5803,1997,-61343.9495
5803,1996,-61292.3577
5803,1995,-61241.6263
5803,1994,-61191.7146
5803,1993,-61142.5832
5803,2000,-61504.3101
5803,2010,31852.1914
5815,1990,-81029.3875
5815,1991,-81160.8186
5815,2008,-258154.6615
5815,2007,-257970.545
5815,2006,-257778.6519
5815,2005,-187396.4065
5815,2004,-186966.5117
5815,2003,-186603.0484
5815,2002,-186298.952
5815,2001,-186048.0509
5815,2000,-85357.3185
5815,1999,-85250.0331
5815,1998,-85139.2361
5815,1997,-85025.7363
5815,1996,-84910.2135
5815,1995,-84793.2405
5815,1994,-84675.3013
5815,1993,-84556.806
5815,1992,-85997.1426
5803,1992,-61094.1933
5803,1991,-61046.5071
5803,1990,-60474.85
5802,2010,-69992.5936
5801,2009,-67735.203
5801,2008,-67524.6415
5801,2007,-67317.312
5801,2006,-67112.927
5801,2005,67355.2666
5801,2004,66552.6626
5801,2003,65761.206
5801,2002,64980.6286
5801,2001,64210.6746
5801,2000,-65807.9812
5801,1999,-65322.6884
5801,1998,-64850.7422
5801,1997,-64391.6212
5801,1996,-63944.8185
5801,1995,-63509.8445
5801,1994,-63086.2299
5801,1993,-62673.5256
5801,2010,-67949.3417
5815,2009,-258328.6919
5802,1990,-46644.8348
5802,1992,-56404.67
5802,2009,-69678.509
5802,2008,-69333.8088
5802,2007,-68964.5933
5802,2006,-68575.8073
5802,2005,-36194.9972
5802,2004,-35959.9551
5802,2003,-35729.4035
5802,2002,-35503.2003
5802,2001,-35281.2095
5802,2000,-57692.3068
5802,1999,-57105.3771
5802,1998,-56534.894
5802,1997,-55980.1981
5802,1996,-55440.6544
5802,1995,-54915.6548
5802,1994,-54404.619
5802,1993,-53906.9947
5802,1991,-47128.4401
5815,2010,-258489.6865
5817,1990,-211038.354
5817,1991,-211738.3605
5849,2008,-786716.1746
5849,2007,-789230.2992
5849,2006,-791698.8006
5849,2005,-688343.066
5849,2004,-688752.5271
5849,2003,-689245.5423
5849,2002,-689814.2976
5849,2001,-690451.9026
5849,2000,-1682483.0148
5849,1999,-1667753.7335
5849,1998,-1653502.8299
5849,1997,-1639706.1435
5849,1996,-1626341.1143
5849,1995,-1613386.6571
5849,1994,-1600823.0456
5849,1993,-1588631.8074
5849,1992,-1578354.6677
5849,2009,-784153.2959
5849,1991,-1574730.8939
5849,2010,-781537.8757
5873,1991,-1143651.2649
5873,2008,-1474057.5857
5873,2007,-1471991.2021
5873,2006,-1469944.529
5873,2005,-1070900.8487
5873,2004,-1069917.5522
5873,2003,-1068935.1812
5873,2002,-1067953.7012
5873,2001,-1066973.0781
5873,2000,-1187435.8084
5873,1999,-1186593.4846
5873,1998,-1185722.1649
5873,1997,-1184850.5668
5873,1996,-1183978.6886
5873,1995,-1183106.5284
5873,1994,-1182234.0847
5873,1993,-1181361.3558
5873,1992,-1157743.3951
5873,1990,-1142773.5065
5801,1992,-63830.3442
5849,1990,-1563020.3826
5848,2009,-1769763.3711
5817,2008,-108999.975
5817,2007,-108682.1976
5817,2006,-108368.7346
5817,2005,-90509.3759
5817,2004,-91052.0625
5817,2003,-91587.1552
5817,2002,-92114.8667
5817,2001,-92635.3967
5817,2000,-216981.9553
5817,1999,-216165.4048
5817,1998,-215365.8401
5817,1997,-214582.6496
5817,1996,-213815.2407
5817,1995,-213063.0421
5817,1994,-212325.5056
5817,1993,-211602.1064
5817,1992,-212451.3836
5817,2009,-109322.2861
5848,2010,-1771886.7686
5817,2010,-109649.3982
5848,1991,-1165086.796
5848,2008,-1767659.8632
5848,2007,-1765575.7069
5848,2006,-1763510.3751
5848,2005,-1247359.2213
5848,2004,-1246418.4131
5848,2003,-1245477.8225
5848,2002,-1244537.3852
5848,2001,-1243597.0357
5848,2000,-1188228.9195
5848,1999,-1187433.642
5848,1998,-1186609.0672
5848,1997,-1185783.9098
5848,1996,-1184958.1658
5848,1995,-1184131.8314
5848,1994,-1183304.9031
5848,1993,-1182477.3776
5848,1992,-1181680.8425
5848,1990,-1164236.2495
5801,1991,-63421.7807
5801,1990,-63023.222
5706,2010,-513239.3586
5500,2009,-251099.847
5500,2008,-249511.0047
5500,2007,-247944.1909
5500,2006,-246398.9474
5500,2005,-59486.8433
5500,2004,-59446.6511
5500,2003,-59406.5934
5500,2002,-59366.6692
5500,2001,-59326.8779
5500,2000,-40539.187
5500,1999,-40538.5512
5500,1998,-40537.9122
5500,1997,-40537.2698
5500,1996,-40536.6239
5500,1995,-40535.9745
5500,1994,-40535.3215
5500,1993,-40534.6648
5500,2010,-252711.1895
5500,1992,-40534.0042
5501,1990,-32587.409
5501,1992,-32588.3572
5501,2009,-245574.3171
5501,2008,-243986.323
5501,2007,-242420.351
5501,2006,-240875.9429
5501,2005,-53796.7325
5501,2004,-53756.4682
5501,2003,-53716.3386
5501,2002,-53676.343
5501,2001,-53636.4805
5501,2000,-32591.9692
5501,1999,-32591.5328
5501,1998,-32591.0923
5501,1997,-32590.6475
5501,1996,-32590.1983
5501,1995,-32589.7448
5501,1994,-32589.2868
5501,1993,-32588.8243
5501,1991,-32587.8855
5501,2010,-247184.8047
5500,1991,-40533.3398
5404,2010,-107055.465
5403,2009,-174207.2753
5403,2008,-174186.2537
5403,2007,-174165.271
5403,2006,-174144.3266
5403,2005,-108738.1087
5403,2004,-108754.1396
5403,2003,-108770.03
5403,2002,-108785.7807
5403,2001,-108801.3927
5403,2000,-119766.3883
5403,1999,-119740.4118
5403,1998,-119714.4624
5403,1997,-119688.5397
5403,1996,-119662.6435
5403,1995,-119636.7735
5403,1994,-119610.9292
5403,1993,-119585.1105
5403,2010,-174228.3367
5500,1990,-40452.3029
5404,1990,-116550.1178
5404,1992,-116625.6861
5404,2009,-107012.1021
5404,2008,-106968.1423
5404,2007,-106923.5729
5404,2006,-106878.3811
5404,2005,-142905.7603
5404,2004,-142789.9955
5404,2003,-142673.6265
5404,2002,-142556.642
5404,2001,-142439.0307
5404,2000,-116899.409
5404,1999,-116890.3034
5404,1998,-116852.4852
5404,1997,-116814.6729
5404,1996,-116776.8662
5404,1995,-116739.0646
5404,1994,-116701.2677
5404,1993,-116663.475
5404,1991,-116587.9005
5104,1992,-18646.4663
5502,1990,-2845.3675
5502,1992,-2845.5524
5504,2009,-3629.3781
5504,2008,-3628.8737
5504,2007,-3628.3747
5504,2006,-3627.8809
5504,2005,-2566.526
5504,2004,-2566.4611
5504,2003,-2566.3969
5504,2002,-2566.3334
5504,2001,-2566.2705
5504,2000,-4568.9007
5504,1999,-4568.7796
5504,1998,-4568.6597
5504,1997,-4568.541
5504,1996,-4568.4235
5504,1995,-4568.3072
5504,1994,-4568.1921
5504,1993,-4568.0781
5504,2010,-3629.8878
5504,1992,-4567.9652
5706,1990,-349304.2627
5706,1992,-394594.6711
5706,2009,-512748.5945
5706,2008,-512256.3948
5706,2007,-511762.7284
5706,2006,-511267.5631
5706,2005,-498609.2172
5706,2004,-497691.0315
5706,2003,-496773.1823
5706,2002,-495855.6109
5706,2001,-494938.2568
5706,2000,-419479.1774
5706,1999,-419237.819
5706,1998,-418967.4705
5706,1997,-418696.8498
5706,1996,-418425.9554
5706,1995,-418154.7862
5706,1994,-417883.3407
5706,1993,-417611.6178
5706,1991,-349568.4732
5502,1991,-2845.4601
5504,1991,-4567.8534
5503,2010,-386.814
5502,2009,-1509.3249
5502,2008,-1508.968
5502,2007,-1508.6124
5502,2006,-1508.2579
5502,2005,-2595.0668
5502,2004,-2595.1932
5502,2003,-2595.3186
5502,2002,-2595.443
5502,2001,-2595.5663
5502,2000,-2846.2781
5502,1999,-2846.1886
5502,1998,-2846.0987
5502,1997,-2846.0085
5502,1996,-2845.9179
5502,1995,-2845.8271
5502,1994,-2845.7358
5502,1993,-2845.6443
5502,2010,-1509.683
5504,1990,-4567.7427
5503,1990,-451.7837
5503,1992,-532.1294
5503,2009,-386.8269
5503,2008,-386.8399
5503,2007,-386.8528
5503,2006,-386.8657
5503,2005,-528.518
5503,2004,-528.5286
5503,2003,-528.5392
5503,2002,-528.5498
5503,2001,-528.5605
5503,2000,-532.039
5503,1999,-532.0502
5503,1998,-532.0615
5503,1997,-532.0728
5503,1996,-532.0841
5503,1995,-532.0954
5503,1994,-532.1068
5503,1993,-532.1181
5503,1991,-532.1408
5104,1991,-18515.5768
5104,1990,-18386.9964
5103,2010,-38567.0047
226,2010,-1464.3561
226,2009,-1426.2332
226,2008,-1391.3738
226,2007,-1359.3762
226,2006,-1329.9018
226,2005,-151.108
226,2004,-147.4193
230,1992,-59766.6667
226,2003,-143.9065
226,2001,-137.3602
226,2000,-88.4885
226,1999,-86.5592
226,1998,-84.7123
226,1997,-82.9425
226,1996,-81.2452
226,1995,-79.6159
226,2002,-140.5572
230,1993,-59766.6667
230,1994,-59766.6667
230,1995,-59766.6667
225,1991,-1191.6667
225,1990,-1191.6667
230,2010,-37433.3375
230,2009,-37390.0727
230,2008,-37346.8567
230,2007,-37303.6895
230,2006,-37260.5709
230,2005,-36300
230,2004,-36300
230,2003,-36300
230,2002,-36300
230,2001,-36300
230,2000,-59766.6667
230,1999,-59766.6667
230,1998,-59766.6667
230,1997,-59766.6667
230,1996,-59766.6667
226,1994,-78.0507
226,1993,-76.5459
226,1992,-75.0979
226,1991,-73.7038
227,1990,-1.1788
224,2010,327.9867
224,2009,327.9867
224,2008,327.9867
224,2007,327.9867
224,2006,327.9867
224,2005,-64.5848
224,2004,-64.5848
224,2003,-64.5848
224,2002,-64.5848
224,2001,-64.5848
224,2000,-96.9719
224,1999,-96.9719
224,1998,-96.9719
224,1997,-96.9719
224,1996,-96.9719
224,1995,-96.9719
227,1991,-1.1788
225,1992,-1191.6667
227,1992,-1.1788
227,1994,-1.1788
226,1990,-72.3604
227,2010,-3.1651
227,2009,-3.1651
227,2008,-3.1651
227,2007,-3.1651
227,2006,-3.1651
227,2005,-0.6418
227,2004,-0.6418
227,2003,-0.6418
227,2002,-0.6418
227,2001,-0.6418
227,2000,-1.1788
227,1999,-1.1788
227,1998,-1.1788
227,1997,-1.1788
227,1996,-1.1788
227,1995,-1.1788
227,1993,-1.1788
225,1993,-1191.6667
225,1994,-1191.6667
225,1995,-1191.6667
231,1991,-525035.2409
231,1990,-524515.8744
215,2010,-869.9831
215,2009,-869.9492
215,2008,-869.9158
215,2007,-869.8829
215,2006,-869.8506
215,2005,-2594.2774
215,2004,-2594.304
215,2003,-2594.3302
215,2002,-2594.356
215,2001,-2594.3814
215,2000,-2165.111
215,1999,-2165.1075
215,1998,-2165.1042
215,1997,-2165.1009
215,1996,-2165.0976
231,1992,-525554.2345
215,1995,-2165.0944
231,1993,-526072.8557
231,1995,-527108.9824
240,1991,0
240,1990,0
231,2010,-494266.6667
231,2009,-494266.6667
231,2008,-494266.6667
231,2007,-494266.6667
231,2006,-494266.6667
231,2005,-525345.575
231,2004,-525154.0983
231,2003,-524962.314
231,2002,-524770.2214
231,2001,-524577.8197
231,2000,-529692.8095
231,1999,-529176.7842
231,1998,-528660.3892
231,1997,-528143.6242
231,1996,-527626.4887
231,1994,-526591.1049
224,1994,-96.9719
215,1994,-2165.0913
215,1992,-2165.0851
229,1991,-15400
229,1990,-15400
225,2010,-212.6667
225,2009,-212.6667
225,2008,-212.6667
225,2007,-212.6667
225,2006,-212.6667
225,2005,-51.3333
225,2004,-51.3333
225,2003,-51.3333
225,2002,-51.3333
225,2001,-51.3333
225,2000,-1191.6667
225,1999,-1191.6667
225,1998,-1191.6667
225,1997,-1191.6667
225,1996,-1191.6667
229,1992,-15400
215,1993,-2165.0882
229,1993,-15400
229,1995,-15400
215,1991,-2165.0821
215,1990,-2165.0791
229,2010,-14666.6667
229,2009,-14666.6667
229,2008,-14666.6667
229,2007,-14666.6667
229,2006,-14666.6667
229,2005,-15400
229,2004,-15400
229,2003,-15400
229,2002,-15400
229,2001,-15400
229,2000,-15400
229,1999,-15400
229,1998,-15400
229,1997,-15400
229,1996,-15400
229,1994,-15400
224,1993,-96.9719
224,1992,-96.9719
224,1991,-96.9719
218,2009,0
218,2008,0
218,2007,0
218,2006,0
218,2005,0
218,2004,0
218,2003,0
218,2002,0
218,2001,0
218,2000,0
218,1999,0
218,1998,0
218,1997,0
218,1996,0
218,1995,0
218,1994,0
218,1993,0
218,2010,0
218,1992,0
219,1990,0
219,1992,0
219,2009,-506
219,2008,-506
219,2007,-506
219,2006,-506
219,2005,0
219,2004,0
219,2003,0
219,2002,0
219,2001,0
219,2000,0
219,1999,0
219,1998,0
219,1997,0
219,1996,0
219,1995,0
219,1994,0
219,1993,0
219,1991,0
219,2010,-506
218,1991,0
217,2010,-253.7081
176,2009,3086.8123
176,2008,3042.2374
176,2007,2998.9316
176,2006,2956.8413
176,2005,2240.4026
176,2004,2209.8169
176,2003,2180.0551
176,2002,2151.0842
176,2001,2122.8733
176,2000,-1609.5753
176,1999,-1594.714
176,1998,-1580.2278
176,1997,-1566.1026
176,1996,-1552.3251
176,1995,-1538.8827
176,1994,-1525.7631
176,1993,-1512.955
176,2010,3132.7129
218,1990,0
217,1990,-217.5339
217,1992,-210.5378
217,2009,-254.1404
217,2008,-254.5233
217,2007,-254.8648
217,2006,-255.1712
217,2005,-209.0811
217,2004,-211.6027
217,2003,-213.8982
217,2002,-215.9966
217,2001,-217.9223
217,2000,-171.5456
217,1999,-177.7109
217,1998,-183.4266
217,1997,-188.74
217,1996,-193.6923
217,1995,-198.3189
217,1994,-202.6511
217,1993,-206.7161
217,1991,-214.1374
240,1992,0
220,1990,35.9969
220,1992,36.4512
223,2009,-59860.7605
223,2008,-59801.6974
223,2007,-59741.4475
223,2006,-59679.9749
223,2005,-29905.3333
223,2004,-29905.3333
223,2003,-29905.3333
223,2002,-29905.3333
223,2001,-29905.3333
223,2000,-21475.6667
223,1999,-21475.6667
223,1998,-21475.6667
223,1997,-21475.6667
223,1996,-21475.6667
223,1995,-21475.6667
223,1994,-21475.6667
223,1993,-21475.6667
223,2010,-59918.6716
223,1992,-21475.6667
213,1992,0
213,1994,0
224,1990,-96.9719
213,2010,0
213,2009,0
213,2008,0
213,2007,0
213,2006,0
213,2005,-293.3333
213,2004,-293.3333
213,2003,-293.3333
213,2002,-293.3333
213,2001,-293.3333
213,2000,0
213,1999,0
213,1998,0
213,1997,0
213,1996,0
213,1995,0
213,1993,0
220,1991,36.2234
223,1991,-21475.6667
222,2010,-526.5108
220,2009,43.5095
220,2008,43.0837
220,2007,42.6605
220,2006,42.24
220,2005,-191.9088
220,2004,-191.3942
220,2003,-190.8827
220,2002,-190.3744
220,2001,-189.8693
220,2000,38.3239
220,1999,38.0848
220,1998,37.8473
220,1997,37.6111
220,1996,37.3763
220,1995,37.143
220,1994,36.911
220,1993,36.6805
220,2010,43.938
223,1990,-21475.6667
222,1990,-765.743
222,1992,-765.9259
222,2009,-526.5028
222,2008,-526.4945
222,2007,-526.486
222,2006,-526.4772
222,2005,-440
222,2004,-440
222,2003,-440
222,2002,-440
222,2001,-440
222,2000,-766.484
222,1999,-766.4261
222,1998,-766.3653
222,1997,-766.3015
222,1996,-766.2342
222,1995,-766.1634
222,1994,-766.0886
222,1993,-766.0096
222,1991,-765.8372
176,1991,-1488.2299
240,1993,0
240,1995,0
181,2009,-87.1756
181,2008,-85.4588
181,2007,-83.8084
181,2006,-82.2205
181,2005,27.2629
181,2004,26.7653
181,2003,26.2854
181,2010,-88.9627
181,2002,25.8225
181,2000,39.361
181,1999,38.7026
181,1998,38.0658
181,1997,37.4497
181,1996,36.8531
181,1995,36.2753
181,1994,35.7153
181,2001,25.3756
5000,1990,-2727708.8713
5000,1991,-2739825.6604
5000,1992,-2760043.4807
5000,2009,-2553935.5723
5000,2008,-2554394.943
5000,2007,-2554824.9113
5000,2006,-2555228.081
5000,2005,-1935713.5396
5000,2004,-1935182.1926
5000,2003,-1934734.6172
5000,2002,-1934362.9352
5000,2001,-1934060.1907
5000,2000,-2870719.9049
5000,1999,-2855195.3461
5000,1998,-2840119.8677
5000,1997,-2825498.0239
5000,1996,-2811307.2507
5000,1995,-2797526.459
5000,1994,-2784135.9192
5000,1993,-2771117.1556
181,1993,35.1724
181,1992,34.6457
181,1991,34.1345
181,1990,33.6383
248,1991,-34614.182
248,1990,-34596.9895
249,2010,0
249,2009,0
249,2008,0
249,2007,0
249,2006,0
249,2005,0
249,2004,0
249,2003,0
249,2002,0
249,2001,0
249,2000,0
249,1999,0
249,1998,0
249,1997,0
249,1996,0
251,1990,1.7661
5000,2010,-2553443.5495
251,1991,1.7717
251,1993,1.7829
251,2010,-81.0782
251,2009,-81.0465
251,2008,-81.015
251,2007,-80.9838
251,2006,-80.9527
251,2005,-9.2917
251,2004,-9.2611
251,2003,-9.2308
251,2002,-9.2006
251,2001,-9.1706
251,2000,1.8234
251,1999,1.8175
251,1998,1.8117
251,1997,1.8059
251,1996,1.8001
251,1995,1.7943
251,1994,1.7886
251,1992,1.7773
5100,1990,-33893.0271
5100,1991,-33905.4204
5100,1992,-33911.1918
5102,2009,3059.3698
5102,2008,3057.303
5102,2007,3055.2228
5102,2006,3053.1264
5102,2005,6321.0149
5102,2004,6316.1171
5102,2003,6311.2413
5102,2002,6306.3869
5102,2001,6301.5534
5102,2000,7466.5015
5102,1999,7454.7316
5102,1998,7443.0833
5102,1997,7431.5536
5102,1996,7420.1396
5102,1995,7408.8387
5102,1994,7397.648
5102,1993,7386.565
5102,2010,3061.4262
5102,1992,7375.5873
5103,1990,-39247.0389
5103,1992,-39525.7211
5103,2009,-38386.6968
5103,2008,-38208.6541
5103,2007,-38032.8342
5103,2006,-37859.1956
5103,2005,63993.7556
5103,2004,63309.6836
5103,2003,62633.9479
5103,2002,61966.3972
5103,2001,61306.8835
5103,2000,-40706.3903
5103,1999,-40552.7236
5103,1998,-40400.8572
5103,1997,-40250.7591
5103,1996,-40102.398
5103,1995,-39955.7433
5103,1994,-39810.765
5103,1993,-39667.4339
5103,1991,-39385.5986
249,1995,0
5102,1991,7364.7123
5101,2010,-60890.37
5100,2009,-148596.1739
5100,2008,-147842.7443
5100,2007,-147126.0355
5100,2006,-146442.4418
5100,2005,-29242.3183
5100,2004,-28684.5256
5100,2003,-28195.3391
5100,2002,-27767.6676
5100,2001,-27395.3111
5100,2000,-31903.9283
5100,1999,-32006.7179
5100,1998,-32093.1353
5100,1997,-32164.9216
5100,1996,-32223.6068
5100,1995,-32270.5411
5100,1994,-32306.9206
5100,1993,-32333.8082
5100,2010,-149390.541
5102,1990,7353.9379
5101,1990,2926.2145
5101,1992,3020.0885
5101,2009,-60841.8563
5101,2008,-60796.5159
5101,2007,-60753.9537
5101,2006,-60713.8374
5101,2005,-61878.1868
5101,2004,-61928.8783
5101,2003,-61978.818
5101,2002,-62028.0135
5101,2001,-62076.4735
5101,2000,5155.9906
5101,1999,5075.1945
5101,1998,4997.4932
5101,1997,4922.5224
5101,1996,4849.9714
5101,1995,4779.5731
5101,1994,4711.0966
5101,1993,4644.3406
5101,1991,2972.6834
249,1994,0
249,1993,0
249,1992,0
155,1991,-25.3992
155,1990,-25.3992
235,2010,-1576.2373
235,2009,-1571.0683
235,2008,-1565.9116
235,2007,-1560.7671
235,2006,-1555.6348
235,2005,-2743.2894
235,2004,-2736.7915
235,2003,-2730.2272
235,2002,-2723.5954
235,2001,-2716.895
235,2000,-2417.6591
235,1999,-2411.6945
235,1998,-2405.6668
235,1997,-2399.5752
235,1996,-2393.4186
155,1992,-25.3992
235,1995,-2387.1958
155,1993,-25.3992
155,1995,-25.3992
236,1991,-20177.9105
236,1990,-20067.0185
155,2010,-25.6486
155,2009,-25.6486
155,2008,-25.6486
155,2007,-25.6486
155,2006,-25.6486
155,2005,-15.922
155,2004,-15.922
155,2003,-15.922
155,2002,-15.922
155,2001,-15.922
155,2000,-25.3992
155,1999,-25.3992
155,1998,-25.3992
155,1997,-25.3992
155,1996,-25.3992
155,1994,-25.3992
236,1992,-20290.0349
235,1994,-2380.9059
235,1992,-2368.1203
234,1991,-25692.1724
234,1990,-25692.1724
240,2010,-97.7443
240,2009,-97.1384
240,2008,-96.5398
240,2007,-95.9486
240,2006,-95.3647
240,2005,-101.2667
240,2004,-99.4526
240,2003,-97.7024
240,2002,-96.0127
240,2001,-94.3804
240,2000,0
240,1999,0
240,1998,0
240,1997,0
240,1996,0
234,1992,-25692.1724
235,1993,-2374.5478
234,1993,-25692.1724
234,1995,-25692.1724
228,1991,-32804.1273
228,1990,-32807.8988
234,2010,-19468.6891
234,2009,-19468.6891
234,2008,-19468.6891
234,2007,-19468.6891
234,2006,-19468.6891
234,2005,-14112.6465
234,2004,-14112.5853
234,2003,-14112.5215
234,2002,-14112.4549
234,2001,-14112.3854
234,2000,-25692.1724
234,1999,-25692.1724
234,1998,-25692.1724
234,1997,-25692.1724
234,1996,-25692.1724
234,1994,-25692.1724
240,1994,0
236,1993,-20403.4124
236,1995,-20634.0116
205,1991,0
205,1990,0
243,2010,-5.7477
243,2009,-5.7497
243,2008,-5.7516
243,2007,-5.7536
243,2006,-5.7556
243,2005,-5.7556
243,2004,-5.7556
243,2003,-5.7556
243,2002,-5.7556
243,2001,-5.7556
243,2000,-5.3968
243,1999,-5.3977
243,1998,-5.3987
243,1997,-5.3996
243,1996,-5.4005
205,1992,0
243,1995,-5.4014
205,1993,0
205,1995,0
249,1991,0
249,1990,0
205,2010,0
205,2009,0
205,2008,0
205,2007,0
205,2006,0
205,2005,0
205,2004,0
205,2003,0
205,2002,0
205,2001,0
205,2000,0
205,1999,0
205,1998,0
205,1997,0
205,1996,0
205,1994,0
236,1994,-20518.0641
243,1994,-5.4024
243,1992,-5.4042
237,1991,-54633.3333
237,1990,-54633.3333
236,2010,-22329.1285
236,2009,-22309.6091
236,2008,-22290.1238
236,2007,-22270.6725
236,2006,-22251.2552
236,2005,-17362.411
236,2004,-17259.0021
236,2003,-17156.8177
236,2002,-17055.8362
236,2001,-16956.0364
236,2000,-21233.977
236,1999,-21111.2089
236,1998,-20989.8522
236,1997,-20869.8827
236,1996,-20751.2769
237,1992,-54633.3333
243,1993,-5.4033
237,1993,-54633.3333
237,1995,-54633.3333
243,1991,-5.4052
243,1990,-5.4061
237,2010,-19391.7449
237,2009,-19426.8814
237,2008,-19463.1124
237,2007,-19500.4897
237,2006,-19539.0686
237,2005,-27133.3333
237,2004,-27133.3333
237,2003,-27133.3333
237,2002,-27133.3333
237,2001,-27133.3333
237,2000,-54633.3333
237,1999,-54633.3333
237,1998,-54633.3333
237,1997,-54633.3333
237,1996,-54633.3333
237,1994,-54633.3333
143,1996,-8895.1041
143,1995,-8894.1162
143,1994,-8893.1269
45,1990,1.1134
44,2010,-14195.4025
44,2009,-14120.3775
44,2008,-14046.1413
44,2007,-13972.6817
44,2006,-13899.9864
44,2005,-15730.4425
45,1991,1.1224
44,2004,-15673.8198
44,2002,-15562.3395
44,2001,-15507.4636
44,2000,-715.3332
44,1999,-715.3332
44,1998,-715.3332
44,1997,-715.3332
44,1996,-715.3332
44,2003,-15617.7885
45,1992,1.1317
45,1993,1.1411
45,1994,1.1506
46,1990,-30.8578
45,2010,-7.7778
45,2009,-7.6617
45,2008,-7.549
45,2007,-7.4396
45,2006,-7.3333
45,2005,0
45,2004,0
45,2003,0
45,2002,0
45,2001,0
45,2000,1.2115
45,1999,1.2009
45,1998,1.1905
45,1997,1.1803
45,1996,1.1702
45,1995,1.1603
44,1995,-715.3332
44,1994,-715.3332
44,1993,-715.3332
44,1992,-715.3332
41,1991,-323620
41,1990,-323620
351,2010,-397393.3333
351,2009,-397393.3333
351,2008,-397393.3333
351,2007,-397393.3333
351,2006,-397393.3333
351,2005,-341073.3333
351,2004,-341073.3333
351,2003,-341073.3333
351,2002,-341073.3333
351,2001,-341073.3333
351,2000,-323620
351,1999,-323620
351,1998,-323620
351,1997,-323620
351,1996,-323620
41,1992,-323620
46,1991,-30.8809
41,1993,-323620
41,1995,-323620
44,1991,-715.3332
44,1990,-715.3332
41,2010,-397393.3333
41,2009,-397393.3333
41,2008,-397393.3333
41,2007,-397393.3333
41,2006,-397393.3333
41,2005,-341073.3333
41,2004,-341073.3333
41,2003,-341073.3333
41,2002,-341073.3333
41,2001,-341073.3333
41,2000,-323620
41,1999,-323620
41,1998,-323620
41,1997,-323620
41,1996,-323620
41,1994,-323620
46,1992,-30.904
46,1993,-30.9272
46,1994,-30.9504
107,1990,-7764.9532
48,2010,-7700
48,2009,-7700
48,2008,-7700
48,2007,-7700
48,2006,-7700
48,2005,-7700
48,2004,-7700
48,2003,-7700
48,2002,-7700
48,2001,-7700
48,2000,-201.6146
48,1999,-200.0442
48,1998,-198.4981
48,1997,-196.9756
48,1996,-195.4764
48,1995,-193.9998
107,1991,-7764.9612
48,1994,-192.5453
107,1992,-7764.9692
107,1994,-7764.985
98,1992,-12035.7147
107,2010,-5427.2193
107,2009,-5431.8038
107,2008,-5436.3879
107,2007,-5440.9716
107,2006,-5445.555
107,2005,-11000
107,2004,-11000
107,2003,-11000
107,2002,-11000
107,2001,-11000
107,2000,-7765.0322
107,1999,-7765.0244
107,1998,-7765.0165
107,1997,-7765.0087
107,1996,-7765.0008
107,1995,-7764.9929
107,1993,-7764.9771
351,1995,-323620
48,1993,-191.1125
48,1991,-188.3099
47,1990,-49.5057
46,2010,-2116.9632
46,2009,-2117.3999
46,2008,-2117.8361
46,2007,-2118.2718
46,2006,-2118.7071
46,2005,-31.2078
46,2004,-31.1842
46,2003,-31.1606
46,2002,-31.1371
46,2001,-31.1137
46,2000,-31.0902
46,1999,-31.0668
46,1998,-31.0435
46,1997,-31.0202
46,1996,-30.9969
46,1995,-30.9736
47,1991,-49.5057
48,1992,-189.7009
47,1992,-49.5057
47,1994,-49.5057
48,1990,-186.9392
47,2010,-47.7923
47,2009,-47.7923
47,2008,-47.7923
47,2007,-47.7923
47,2006,-47.7923
47,2005,-9.6919
47,2004,-9.6919
47,2003,-9.6919
47,2002,-9.6919
47,2001,-9.6919
47,2000,-49.5057
47,1999,-49.5057
47,1998,-49.5057
47,1997,-49.5057
47,1996,-49.5057
47,1995,-49.5057
47,1993,-49.5057
98,1993,-12041.8045
351,1994,-323620
351,1992,-323620
33,1991,-72593.0356
33,1990,-72592.7539
32,2010,-1242.3634
32,2009,-1235.2279
32,2008,-1228.2449
32,2007,-1221.4098
32,2006,-1214.7177
33,1992,-72593.3174
32,2005,103.0451
32,2003,100.9534
32,2002,99.9391
32,2001,98.945
32,2000,461.0255
32,1999,456.5289
32,1998,452.1192
32,1997,447.7938
32,2004,101.9886
33,1993,-72593.5993
33,1994,-72593.8812
33,1995,-72594.1632
36,1991,-35.8007
36,1990,-35.8007
33,2010,30444.4398
33,2009,30301.9427
33,2008,30159.4905
33,2007,30017.0833
33,2006,29874.7209
33,2005,121903.1981
33,2004,121615.9752
33,2003,121328.8269
33,2002,121041.7533
33,2001,120754.7543
33,2000,-72595.5744
33,1999,-72595.292
33,1998,-72595.0097
33,1997,-72594.7274
33,1996,-72594.4453
32,1996,443.5504
32,1995,439.3867
32,1994,435.3004
32,1993,431.2894
115,1992,2100.895
115,1991,2075.7571
115,1990,2051.1564
35,2010,-73.3333
35,2009,-73.3333
35,2008,-73.3333
35,2007,-73.3333
35,2006,-73.3333
35,2005,0
35,2004,0
35,2003,0
35,2002,0
35,2001,0
35,2000,-403.3333
35,1999,-403.3333
35,1998,-403.3333
35,1997,-403.3333
115,1993,2126.5879
36,1992,-35.8007
115,1994,2152.8544
115,1996,2207.1866
32,1992,427.3517
32,1991,423.4852
32,1990,419.6881
115,2010,1244.4871
115,2009,1229.1667
115,2008,1214.2189
115,2007,1199.6303
115,2006,1185.3881
115,2005,3182.4674
115,2004,3135.5521
115,2003,3090
115,2002,3045.7524
115,2001,3002.7542
115,2000,2323.6509
115,1999,2293.5022
115,1998,2264.058
115,1997,2235.2939
115,1995,2179.7138
36,1993,-35.8007
36,1994,-35.8007
36,1995,-35.8007
40,1991,-12760
40,1990,-12760
39,2010,46.9835
39,2009,44.169
39,2008,41.4756
39,2007,38.8955
39,2006,36.4219
39,2005,-173.3031
39,2004,-172.5074
39,2003,-171.721
39,2002,-170.944
39,2001,-170.176
39,2000,358.9172
39,1999,356.4143
39,1998,353.9409
39,1997,351.4964
39,1996,349.0804
40,1992,-12760
39,1995,346.6923
40,1993,-12760
40,1995,-12760
351,1991,-323620
351,1990,-323620
40,2010,-15675.918
40,2009,-15682.2884
40,2008,-15688.6888
40,2007,-15695.1193
40,2006,-15701.58
40,2005,-7186.6667
40,2004,-7186.6667
40,2003,-7186.6667
40,2002,-7186.6667
40,2001,-7186.6667
40,2000,-12760
40,1999,-12760
40,1998,-12760
40,1997,-12760
40,1996,-12760
40,1994,-12760
351,1993,-323620
39,1994,344.3317
39,1992,339.6909
37,1991,6489.2199
37,1990,6484.7357
36,2010,121.0881
36,2009,121.0881
36,2008,121.0881
36,2007,121.0881
36,2006,121.0881
36,2005,-23.8438
36,2004,-23.8438
36,2003,-23.8438
36,2002,-23.8438
36,2001,-23.8438
36,2000,-35.8007
36,1999,-35.8007
36,1998,-35.8007
36,1997,-35.8007
36,1996,-35.8007
37,1992,6493.7102
39,1993,341.998
37,1993,6498.2067
37,1995,6507.2185
39,1991,337.4099
39,1990,335.1545
37,2010,5840.2235
37,2009,5836.1342
37,2008,5832.0505
37,2007,5827.9726
37,2006,5823.9004
37,2005,6552.6551
37,2004,6548.0829
37,2003,6543.5171
37,2002,6538.9577
37,2001,6534.4046
37,2000,6529.8578
37,1999,6525.3174
37,1998,6520.7832
37,1997,6516.2554
37,1996,6511.7338
37,1994,6502.7095
98,1994,-12047.8713
98,1995,-12053.9153
98,1996,-12059.9366
59,1991,-547.4333
59,1990,-547.4333
58,2010,-538.3323
58,2009,-535.0965
58,2008,-531.8993
58,2007,-528.7402
58,2006,-525.6183
59,1992,-547.4333
58,2005,-522.5331
58,2003,-516.47
58,2002,-513.491
58,2001,-510.5461
58,2000,1922.2665
58,1999,1901.9863
58,1998,1881.9673
58,1997,1862.2047
58,2004,-519.4839
59,1993,-547.4333
59,1994,-547.4333
59,1995,-547.4333
60,1991,51.2905
60,1990,50.0919
59,2010,-218.5333
59,2009,-218.5333
59,2008,-218.5333
59,2007,-218.5333
59,2006,-218.5333
59,2005,-583.7333
59,2004,-583.7333
59,2003,-583.7333
59,2002,-583.7333
59,2001,-583.7333
59,2000,-547.4333
59,1999,-547.4333
59,1998,-547.4333
59,1997,-547.4333
59,1996,-547.4333
58,1996,1842.6935
58,1995,1823.4289
58,1994,1804.4063
58,1993,1785.6212
56,1992,-10010
56,1991,-10010
56,1990,-10010
55,2010,435.8952
55,2009,433.3295
55,2008,430.7939
55,2007,428.2877
55,2006,425.8106
55,2005,-88.3456
55,2004,-87.8367
55,2003,-87.3337
55,2002,-86.8363
55,2001,-86.3446
55,2000,-143.785
55,1999,-142.9739
55,1998,-142.1718
55,1997,-141.3785
56,1993,-10010
60,1992,52.5182
56,1994,-10010
56,1996,-10010
58,1992,1767.0691
58,1991,1748.7457
58,1990,1730.6469
56,2010,-8726.6667
56,2009,-8726.6667
56,2008,-8726.6667
56,2007,-8726.6667
56,2006,-8726.6667
56,2005,-8653.3333
56,2004,-8653.3333
56,2003,-8653.3333
56,2002,-8653.3333
56,2001,-8653.3333
56,2000,-10010
56,1999,-10010
56,1998,-10010
56,1997,-10010
56,1995,-10010
60,1993,53.7758
60,1994,55.0646
60,1995,56.3857
63,1996,-6321.3333
63,1995,-6321.3333
63,1994,-6321.3333
63,1993,-6321.3333
63,1992,-6321.3333
178,2010,-821.0975
178,2009,-819.1901
178,2008,-817.2936
178,2007,-815.4079
178,2006,-813.5329
178,2005,-821.4854
178,2004,-819.7011
178,2003,-817.9268
178,2002,-816.1624
178,2001,-814.408
178,2000,-179.9613
178,1999,-180.3039
63,1997,-6321.3333
178,1998,-180.6446
63,1998,-6321.3333
63,2000,-6321.3333
238,1999,3192.7222
238,1998,3160.8802
238,1997,3129.667
238,1996,3099.0643
238,1995,3069.0542
238,1994,3039.6198
238,1993,3010.7446
63,2010,-5567.8733
63,2009,-5558.9297
63,2008,-5550.0148
63,2007,-5541.1285
63,2006,-5532.2706
63,2005,1012
63,2004,1012
63,2003,1012
63,2002,1012
63,2001,1012
63,1999,-6321.3333
55,1996,-140.5939
178,1997,-180.9834
178,1995,-181.6552
61,1991,-37.709
61,1990,-37.5088
60,2010,61.3343
60,2009,59.7455
60,2008,58.2033
60,2007,56.7056
60,2006,55.2506
60,2005,58.3915
60,2004,56.8321
60,2003,55.3172
60,2002,53.8448
60,2001,52.4132
60,2000,63.5211
60,1999,62.0187
60,1998,60.5554
60,1997,59.1297
60,1996,57.7403
61,1992,-37.9118
178,1996,-181.3202
61,1993,-38.1171
61,1995,-38.5357
178,1994,-181.9883
178,1993,-182.3194
61,2010,32.7309
61,2009,32.4968
61,2008,32.266
61,2007,32.0384
61,2006,31.814
61,2005,49.5776
61,2004,49.2409
61,2003,48.9088
61,2002,48.5811
61,2001,48.2578
61,2000,-39.6311
61,1999,-39.4062
61,1998,-39.1843
61,1997,-38.9652
61,1996,-38.7491
61,1994,-38.325
55,1995,-139.8179
55,1994,-139.0503
55,1993,-138.2911
167,1995,-12729.602
167,1994,-12734.7844
167,1993,-12739.9714
50,2010,-401.982
50,2009,-401.533
50,2008,-401.0839
50,2007,-400.6349
50,2006,-400.1859
50,2005,-121.3746
50,2004,-121.3019
50,2003,-121.2291
50,2002,-121.156
50,2001,-121.0827
50,2000,-66.3667
50,1999,-66.3667
50,1998,-66.3667
50,1997,-66.3667
167,1996,-12724.4244
50,1996,-66.3667
167,1997,-12719.2515
167,1999,-12708.9198
116,1992,-1472.216
116,1991,-1449.4533
116,1990,-1427.3838
51,1992,-22776.5356
51,1991,-22780.9166
51,1990,-22785.2998
167,2010,-6966.6667
167,2009,-6966.6667
167,2008,-6966.6667
167,2007,-6966.6667
167,2006,-6966.6667
167,2005,-12466.6667
167,2004,-12466.6667
167,2003,-12466.6667
167,2002,-12466.6667
167,2001,-12466.6667
167,2000,-12703.761
167,1998,-12714.0833
116,1993,-1495.7051
50,1995,-66.3667
50,1993,-66.3667
49,1992,-34984.5665
49,1991,-34979.5546
49,1990,-34974.3556
98,2010,-10153.3103
98,2009,-10148.3092
98,2008,-10143.2902
98,2007,-10138.2533
98,2006,-10133.1985
98,2005,-12075.1901
98,2004,-12069.917
98,2003,-12064.6239
98,2002,-12059.3106
98,2001,-12053.977
98,2000,-12083.7981
98,1999,-12077.8661
98,1998,-12071.9119
98,1997,-12065.9355
49,1993,-34989.4013
50,1994,-66.3667
49,1994,-34994.0681
49,1996,-35002.932
50,1992,-66.3667
50,1991,-66.3667
50,1990,-66.3667
49,2010,37693.3333
49,2009,37693.3333
49,2008,37693.3333
49,2007,37693.3333
49,2006,37693.3333
49,2005,-32706.6667
49,2004,-32706.6667
49,2003,-32706.6667
49,2002,-32706.6667
49,2001,-32706.6667
49,2000,-35018.9869
49,1999,-35015.1656
49,1998,-35011.2201
49,1997,-35007.1444
49,1995,-34998.5757
35,1996,-403.3333
116,1994,-1519.9558
116,1996,-1570.8956
72,1992,0
72,1991,0
72,1990,0
54,2010,-857.3346
54,2009,-857.9391
54,2008,-858.5561
54,2007,-859.1859
54,2006,-859.8291
54,2005,-1339.1802
54,2004,-1326.0903
54,2003,-1313.2537
54,2002,-1300.6633
54,2001,-1288.312
54,2000,-1100
54,1999,-1100
54,1998,-1100
54,1997,-1100
72,1993,0
54,1996,-1100
72,1994,0
72,1996,0
55,1992,-137.5399
55,1991,-136.7968
55,1990,-136.0616
72,2010,0
72,2009,0
72,2008,0
72,2007,0
72,2006,0
72,2005,0
72,2004,0
72,2003,0
72,2002,0
72,2001,0
72,2000,0
72,1999,0
72,1998,0
72,1997,0
72,1995,0
116,1995,-1545.0059
54,1995,-1100
54,1993,-1100
250,1992,35.1788
250,1991,35.0197
250,1990,34.8612
116,2010,-74.5664
116,2009,-72.9716
116,2008,-71.4435
116,2007,-69.9782
116,2006,-68.5717
116,2005,-2245.4895
116,2004,-2202.0369
116,2003,-2160.234
116,2002,-2119.9886
116,2001,-2081.2154
116,2000,-1683.754
116,1999,-1654.046
116,1998,-1625.368
116,1997,-1597.6676
250,1993,35.3385
54,1994,-1100
250,1994,35.4988
250,1996,35.8214
54,1992,-1100
54,1991,-1100
54,1990,-1100
250,2010,303.2599
250,2009,302.3519
250,2008,301.4475
250,2007,300.5468
250,2006,299.6496
250,2005,-332.2905
250,2004,-331.7215
250,2003,-331.1546
250,2002,-330.5901
250,2001,-330.0277
250,2000,36.4741
250,1999,36.31
250,1998,36.1465
250,1997,35.9836
250,1995,35.6598
35,1995,-403.3333
35,1994,-403.3333
35,1993,-403.3333
10,2008,-221812.1407
10,2007,-220260.1133
10,2006,-218729.6323
10,2005,-35141.1698
10,2004,-35103.8008
10,2003,-35066.5716
10,2002,-35029.4814
10,2009,-223386.1725
10,2001,-34992.5293
10,1999,-6839.5154
10,1998,-6839.5154
10,1997,-6839.5154
10,1996,-6839.5154
10,1995,-6839.5154
10,1994,-6839.5154
10,1993,-6839.5154
10,2000,-6839.5154
10,2010,-224982.6802
11,1990,-13971.2275
11,1991,-13986.7408
11,2008,-4689.4827
11,2007,-4688.7043
11,2006,-4687.9252
11,2005,-7978.1727
11,2004,-7975.1764
11,2003,-7972.176
11,2002,-7969.1715
11,2001,-7966.1629
11,2000,-14124.1018
11,1999,-14109.0374
11,1998,-14093.924
11,1997,-14078.7615
11,1996,-14063.5496
11,1995,-14048.2881
11,1994,-14032.9767
11,1993,-14017.6152
11,1992,-14002.2033
10,1992,-6839.5154
10,1991,-6839.5154
10,1990,-6839.5154
22,2010,4.0045
1,2009,-284.7431
1,2008,-285.3985
1,2007,-286.053
1,2006,-286.7068
1,2005,83.0022
1,2004,82.9523
1,2003,82.9024
1,2002,82.8526
1,2001,82.8028
1,2000,76.4531
1,1999,76.3687
1,1998,76.2845
1,1997,76.2003
1,1996,76.1163
1,1995,76.0323
1,1994,75.9485
1,1993,75.8647
1,2010,-284.087
11,2009,-4690.2603
22,1990,-1.184
22,1992,-1.184
22,2009,4.0045
22,2008,4.0045
22,2007,4.0045
22,2006,4.0045
22,2005,-0.7885
22,2004,-0.7885
22,2003,-0.7885
22,2002,-0.7885
22,2001,-0.7885
22,2000,-1.184
22,1999,-1.184
22,1998,-1.184
22,1997,-1.184
22,1996,-1.184
22,1995,-1.184
22,1994,-1.184
22,1993,-1.184
22,1991,-1.184
11,2010,-4691.0373
52,1992,-1150.2479
52,1993,-1150.2479
13,2010,-4.289
13,2009,-4.289
13,2008,-4.289
13,2007,-4.289
13,2006,-4.289
13,2005,-3.4722
13,2004,-3.4722
13,2003,-3.4722
13,2002,-3.4722
13,2001,-3.4722
13,2000,-3.3092
13,1999,-3.3092
13,1998,-3.3092
13,1997,-3.3092
13,1996,-3.3092
13,1995,-3.3092
13,1994,-3.3092
16,1990,-328.0067
13,1993,-3.3092
16,1991,-326.7162
16,1993,-324.1217
16,2010,-12476.2448
16,2009,-12413.0531
16,2008,-12350.088
16,2007,-12287.3484
16,2006,-12224.833
16,2005,-821.3776
16,2004,-819.9151
16,2003,-818.4578
16,2002,-817.0056
16,2001,-815.5586
16,2000,-314.8965
16,1999,-316.2283
16,1998,-317.5555
16,1997,-318.878
16,1996,-320.1958
16,1995,-321.509
16,1994,-322.8177
16,1992,-325.4212
1,1992,75.7811
13,1992,-3.3092
13,1990,-3.3092
52,2010,-7464.9266
52,2009,-7464.9266
52,2008,-7464.9266
52,2007,-7464.9266
52,2006,-7464.9266
52,2005,-947.2092
52,2004,-947.2092
52,2003,-947.2092
52,2002,-947.2092
52,2001,-947.2092
52,2000,-1150.2479
52,1999,-1150.2479
52,1998,-1150.2479
52,1997,-1150.2479
52,1996,-1150.2479
52,1995,-1150.2479
52,1994,-1150.2479
12,1990,-1451.7592
13,1991,-3.3092
12,1991,-1451.7592
12,1993,-1451.7592
12,2010,4910.2654
12,2009,4910.2654
12,2008,4910.2654
12,2007,4910.2654
12,2006,4910.2654
12,2005,-966.8947
12,2004,-966.8947
12,2003,-966.8947
12,2002,-966.8947
12,2001,-966.8947
12,2000,-1451.7592
12,1999,-1451.7592
12,1998,-1451.7592
12,1997,-1451.7592
12,1996,-1451.7592
12,1995,-1451.7592
12,1994,-1451.7592
12,1992,-1451.7592
9,2010,-36121.1888
9,2009,-35737.0954
9,2008,-35361.2688
4,2007,-6746.6667
4,2006,-6746.6667
4,2005,-737.3689
4,2004,-734.9386
4,2003,-732.5351
4,2002,-730.1579
4,2001,-727.8066
4,2000,-33.0873
4,1999,-33.5663
4,1998,-34.0401
4,1997,-34.5087
4,1996,-34.9723
4,1995,-35.4308
4,1994,-35.8844
4,1993,-36.3332
4,1992,-36.7772
4,1991,-37.2166
4,2008,-6746.6667
4,1990,-37.6513
4,2009,-6746.6667
5,1990,-0.0058
5,2007,-0.006
5,2006,-0.006
5,2005,-0.006
5,2004,-0.006
5,2003,-0.006
5,2002,-0.006
5,2001,-0.0059
5,2000,-0.0059
5,1999,-0.0059
5,1998,-0.0059
5,1997,-0.0059
5,1996,-0.0059
5,1995,-0.0059
5,1994,-0.0059
5,1993,-0.0059
5,1992,-0.0058
5,1991,-0.0058
4,2010,-6746.6667
5,2008,-0.006
3,2010,-646.8541
3,2008,-644.8305
2,2007,0
2,2006,0
2,2005,0
2,2004,0
2,2003,0
2,2002,0
2,2001,0
2,2000,0
2,1999,0
2,1998,0
2,1997,0
2,1996,0
2,1995,0
2,1994,0
2,1993,0
2,1992,0
2,1991,0
2,2008,0
3,2009,-645.8407
2,2009,0
3,1990,-481.445
3,2007,-643.8234
3,2006,-642.8195
3,2005,733.3333
3,2004,733.3333
3,2003,733.3333
3,2002,733.3333
3,2001,733.3333
3,2000,-493.6177
3,1999,-492.3728
3,1998,-491.1342
3,1997,-489.9018
3,1996,-488.6755
3,1995,-487.4554
3,1994,-486.2414
3,1993,-485.0333
3,1992,-483.8313
3,1991,-482.6352
2,2010,0
14,1990,-17.7594
5,2009,-0.006
7,1990,147.8649
8,2007,93.4381
8,2006,93.4381
8,2005,-18.6983
8,2004,-18.6226
8,2003,-18.5475
8,2002,-18.4731
8,2001,-18.3992
8,2000,-28.9483
8,1999,-28.862
8,1998,-28.7762
8,1997,-28.6909
8,1996,-28.6061
8,1995,-28.5218
8,1994,-28.438
8,1993,-28.3547
8,1992,-28.2718
8,1991,-28.1895
8,2008,93.4381
8,1990,-28.1076
8,2009,93.4381
9,1990,-61442.0481
9,2007,-34993.4449
9,2006,-34633.3709
9,2005,-60439.9605
9,2004,-59833.95
9,2003,-59240.9494
9,2002,-58660.5442
9,2001,-58092.3373
9,2000,-66481.1222
9,1999,-65936.2193
9,1998,-65401.0794
9,1997,-64875.4425
9,1996,-64359.0576
9,1995,-63851.6826
9,1994,-63353.0838
9,1993,-62863.0354
9,1992,-62381.3193
9,1991,-61907.7247
8,2010,93.4381
5,2010,-0.0061
258,2010,52.4397
258,2008,52.4397
7,2007,153.1839
7,2006,152.8605
7,2005,152.5384
7,2004,152.2177
7,2003,151.8983
7,2002,151.5802
7,2001,151.2635
7,2000,150.9481
7,1999,150.634
7,1998,150.3212
7,1997,150.0097
7,1996,149.6995
7,1995,149.3906
7,1994,149.083
7,1993,148.7766
7,1992,148.4715
7,1991,148.1676
7,2008,153.5088
258,2009,52.4397
7,2009,153.835
258,1990,-15.5042
258,2007,52.4397
258,2006,52.4397
258,2005,-10.3261
258,2004,-10.3261
258,2003,-10.3261
258,2002,-10.3261
258,2001,-10.3261
258,2000,-15.5042
258,1999,-15.5042
258,1998,-15.5042
258,1997,-15.5042
258,1996,-15.5042
258,1995,-15.5042
258,1994,-15.5042
258,1993,-15.5042
258,1992,-15.5042
258,1991,-15.5042
7,2010,154.1626
238,2000,3225.2123
14,1991,-17.7594
14,1993,-17.7594
239,1992,-10.3567
239,1991,-10.3455
239,1990,-10.3344
21,2010,-325925.277
21,2009,-325129.4373
21,2008,-324338.8308
21,2007,-323553.4061
239,1993,-10.3679
21,2006,-322773.1125
21,2004,-215287.248
21,2003,-214260.6077
21,2002,-213245.4861
21,2001,-212241.6906
21,2000,-234559.2257
21,1999,-233458.0008
21,1998,-232367.3657
21,2005,-216325.6043
239,1994,-10.3791
239,1995,-10.3904
239,1996,-10.4016
26,1992,286.359
26,1991,285.0234
26,1990,283.6981
239,2010,34.8579
239,2009,34.8197
239,2008,34.7816
239,2007,34.7435
239,2006,34.7056
239,2005,-6.8865
239,2004,-6.8828
239,2003,-6.879
239,2002,-6.8753
239,2001,-6.8715
239,2000,-10.4469
239,1999,-10.4356
239,1998,-10.4242
239,1997,-10.4129
21,1997,-231287.1686
21,1996,-230217.2602
21,1995,-229157.4944
21,1994,-228107.7274
20,1993,-15536.4032
20,1992,-15401.2564
20,1991,-15268.4405
20,1990,-15137.8957
80,2010,0
80,2009,0
80,2008,0
80,2007,0
80,2006,0
80,2005,0
80,2004,0
80,2003,0
80,2002,0
80,2001,0
80,2000,-9008.3708
80,1999,-8989.6038
80,1998,-8970.8797
20,1994,-15673.9429
26,1993,287.705
20,1995,-15813.9396
20,1997,-16101.5718
21,1993,-227067.8186
21,1992,-226037.6296
21,1991,-225017.0248
21,1990,-224005.8712
20,2010,-17920.1644
20,2009,-17737.0625
20,2008,-17557.6646
20,2007,-17381.8593
20,2006,-17209.5398
20,2005,-17766.738
20,2004,-17594.0273
20,2003,-17424.6421
20,2002,-17258.4873
20,2001,-17095.4713
20,2000,-16553.189
20,1999,-16399.8612
20,1998,-16249.3477
20,1996,-15956.4596
26,1994,289.0616
26,1995,290.4289
26,1996,291.8069
29,1992,332.21
29,1991,309.1546
29,1990,287.5068
233,2010,-1633.8857
233,2009,-1645.6463
233,2008,-1657.1648
233,2007,-1668.4485
233,2006,-1679.5047
233,2005,-2284.5808
233,2004,-2270.6531
233,2003,-2256.9971
233,2002,-2243.6051
233,2001,-2230.4695
233,2000,-294.0198
233,1999,-299.8872
233,1998,-305.6453
233,1997,-311.297
29,1993,356.8149
233,1996,-316.8454
29,1994,383.1309
29,1996,441.6639
35,1992,-403.3333
35,1991,-403.3333
35,1990,-403.3333
29,2010,-5177.3333
29,2009,-5177.3333
29,2008,-5177.3333
29,2007,-5177.3333
29,2006,-5177.3333
29,2005,-583.2068
29,2004,-572.6482
29,2003,-562.4651
29,2002,-552.6379
29,2001,-543.1481
29,2000,589.5933
29,1999,547.9411
29,1998,509.6536
29,1997,474.339
29,1995,411.3431
80,1997,-8952.1982
233,1995,-322.2931
233,1993,-332.8975
27,1992,-14103.6719
27,1991,-14067.9651
27,1990,-14032.1552
26,2010,114.3024
26,2009,113.2117
26,2008,112.1311
26,2007,111.0606
26,2006,110
26,2005,258.4127
26,2004,256.8723
26,2003,255.3445
26,2002,253.829
26,2001,252.3258
26,2000,297.4298
26,1999,296.0072
26,1998,294.596
26,1997,293.1959
27,1993,-14139.2759
233,1994,-327.6429
27,1994,-14174.7776
27,1996,-14245.476
233,1992,-338.0593
233,1991,-343.1308
233,1990,-348.1143
27,2010,-13550.0475
27,2009,-13525.1931
27,2008,-13500.1067
27,2007,-13474.7851
27,2006,-13449.2249
27,2005,-17318.9072
27,2004,-17301.6626
27,2003,-17283.8718
27,2002,-17265.5083
27,2001,-17246.5442
27,2000,-14385.6644
27,1999,-14350.7672
27,1998,-14315.7704
27,1997,-14280.6735
27,1995,-14210.1775
80,1996,-8933.5593
80,1995,-8914.9627
80,1994,-8896.4083
23,1991,-2905.3249
23,1990,-2877.4437
15,1999,-5420.9261
15,1998,-5398.2212
15,1997,-5375.5714
15,1996,-5352.9766
15,1995,-5330.4366
15,1994,-5307.951
15,1993,-5285.5198
15,1992,-5263.1428
15,1991,-5240.8197
15,1990,-5218.5504
255,2010,-2867.3333
255,2009,-2867.3333
255,2008,-2867.3333
255,2007,-2867.3333
255,2006,-2867.3333
23,1992,-2933.7521
255,2005,-4272.7136
23,1993,-2962.7416
23,1995,-3022.4757
53,1991,-59.7938
53,1990,-59.8363
23,2010,2117.6038
23,2009,2109.944
23,2008,2102.3389
23,2007,2094.788
23,2006,2087.2906
23,2005,1206.8374
23,2004,1199.6364
23,2003,1192.5209
23,2002,1185.4893
23,2001,1178.5402
23,2000,-3182.9183
23,1999,-3149.4803
23,1998,-3116.738
23,1997,-3084.6701
23,1996,-3053.256
23,1994,-2992.3103
53,1992,-59.7504
255,2004,-4262.5076
255,2002,-4241.9695
14,2010,58.7462
14,2009,58.7088
14,2008,58.6714
14,2007,58.634
14,2006,58.5967
14,2005,-11.828
14,2004,-11.828
14,2003,-11.828
14,2002,-11.828
14,2001,-11.828
14,2000,-17.7594
14,1999,-17.7594
14,1998,-17.7594
14,1997,-17.7594
14,1996,-17.7594
14,1995,-17.7594
14,1994,-17.7594
57,1992,-35200
255,2003,-4252.2597
57,1993,-35200
57,1995,-35200
255,2001,-4231.6366
255,2000,-4677.9671
57,2010,-51656.1089
57,2009,-51653.9185
57,2008,-51651.718
57,2007,-51649.5072
57,2006,-51647.2862
57,2005,-43120
57,2004,-43120
57,2003,-43120
57,2002,-43120
57,2001,-43120
57,2000,-35200
57,1999,-35200
57,1998,-35200
57,1997,-35200
57,1996,-35200
57,1994,-35200
14,1992,-17.7594
53,1993,-59.7058
53,1995,-59.6133
19,1991,363.9924
19,1990,362.4317
18,2010,-2933.3333
18,2009,-2933.3333
18,2008,-2933.3333
18,2007,-2933.3333
18,2006,-2933.3333
18,2005,-4400
18,2004,-4400
18,2003,-4400
18,2002,-4400
18,2001,-4400
18,2000,-4106.6667
18,1999,-4106.6667
18,1998,-4106.6667
18,1997,-4106.6667
18,1996,-4106.6667
19,1992,365.5665
18,1995,-4106.6667
19,1993,367.1543
19,1995,370.3718
80,1993,-8877.896
80,1992,-8859.4256
19,2010,-58538.1258
19,2009,-58021.4835
19,2008,-57513.881
19,2007,-57015.083
19,2006,-56524.8624
19,2005,-275.9939
19,2004,-274.7303
19,2003,-273.4782
19,2002,-272.2374
19,2001,-271.0079
19,2000,378.6675
19,1999,376.9787
19,1998,375.305
19,1997,373.646
19,1996,372.0017
19,1994,368.756
53,1994,-59.6601
18,1994,-4106.6667
18,1992,-4106.6667
17,1991,-0.6849
17,1990,-0.6849
53,2010,-184.5128
53,2009,-184.3422
53,2008,-184.1752
53,2007,-184.0117
53,2006,-183.8516
53,2005,-106.5293
53,2004,-106.3024
53,2003,-106.0801
53,2002,-105.8622
53,2001,-105.6487
53,2000,-59.3598
53,1999,-59.4133
53,1998,-59.4653
53,1997,-59.5159
53,1996,-59.5652
17,1992,-0.6849
18,1993,-4106.6667
17,1993,-0.6849
17,1995,-0.6849
18,1991,-4106.6667
18,1990,-4106.6667
17,2010,-0.3995
17,2009,-0.3995
17,2008,-0.3995
17,2007,-0.3995
17,2006,-0.3995
17,2005,-0.4092
17,2004,-0.4092
17,2003,-0.4092
17,2002,-0.4092
17,2001,-0.4092
17,2000,-0.6849
17,1999,-0.6849
17,1998,-0.6849
17,1997,-0.6849
17,1996,-0.6849
17,1994,-0.6849
238,2001,3618.2415
238,2002,3655.8537
238,2003,3694.2561
119,2001,-7245.451
119,2000,-15345.0442
119,1999,-15338.9025
119,1998,-15332.7349
119,1997,-15326.5412
119,1996,-15320.3212
119,1995,-15314.0747
119,2002,-7249.1991
119,1994,-15307.8017
119,1992,-15295.1752
120,2010,16199.3333
120,2009,16199.3333
120,2008,16199.3333
120,2007,16199.3333
120,2006,16199.3333
120,2005,16199.3333
119,1993,-15301.5019
119,2003,-7252.9215
119,2004,-7256.6184
119,2005,-7260.2901
121,2001,-49.0501
121,2000,0
121,1999,0
121,1998,0
121,1997,0
121,1996,0
121,1995,0
121,1994,0
121,1993,0
121,1992,0
121,1991,0
121,1990,0
119,2010,-21467.8693
119,2009,-21412.422
119,2008,-21356.5938
119,2007,-21300.3808
119,2006,-21243.7792
120,2004,16199.3333
120,2003,16199.3333
120,2002,16199.3333
120,2001,16199.3333
113,2000,-2399.9944
113,1999,-2403.3699
113,1998,-2406.7714
113,1997,-2410.1992
113,1996,-2413.6535
113,1995,-2417.1348
113,1994,-2420.6432
113,1993,-2424.1789
113,1992,-2427.7424
118,2010,-41.6444
118,2009,-41.6444
118,2008,-41.6444
118,2007,-41.6444
118,2006,-41.6444
118,2005,-32.7944
118,2004,-32.7944
118,2003,-32.7944
113,2001,-2420
121,2002,-49.0501
113,2002,-2420
113,2004,-2420
120,2000,-19879.9287
120,1999,-19747.9485
120,1998,-19617.7199
120,1997,-19489.2083
120,1996,-19362.3799
120,1995,-19237.2019
120,1994,-19113.6422
120,1993,-18991.6697
120,1992,-18871.254
120,1991,-18752.3655
120,1990,-18634.9753
113,2010,10260.1785
113,2009,9736.7722
113,2008,9264.1754
113,2007,8835.3321
113,2006,8444.435
113,2005,-2420
113,2003,-2420
121,2003,-49.0501
121,2004,-49.0501
121,2005,-49.0501
124,2001,0
124,2000,0
124,1999,0
124,1998,0
124,1997,0
124,1996,0
124,1995,0
124,1994,0
124,1993,0
124,1992,0
124,1991,0
124,1990,0
123,2010,1.3173
123,2009,1.3083
123,2008,1.2994
123,2007,1.2906
123,2006,1.282
124,2002,0
123,2005,1.2735
124,2003,0
124,2005,0
126,2003,-3813.3333
126,2002,-3813.3333
126,2001,-3813.3333
126,2000,-4216.6667
126,1999,-4216.6667
126,1998,-4216.6667
126,1997,-4216.6667
126,1996,-4216.6667
126,1995,-4216.6667
126,1994,-4216.6667
126,1993,-4216.6667
126,1992,-4216.6667
124,2010,0
124,2009,0
124,2008,0
124,2007,0
124,2006,0
124,2004,0
118,2002,-32.7944
123,2004,1.265
123,2002,1.2485
122,2001,-40.5429
122,2000,-44.2088
122,1999,-44.208
122,1998,-44.2072
122,1997,-44.2065
122,1996,-44.2057
122,1995,-44.2049
122,1994,-44.2041
122,1993,-44.2033
122,1992,-44.2025
122,1991,-44.2017
122,1990,-44.2008
121,2010,-53.5333
121,2009,-53.5333
121,2008,-53.5333
121,2007,-53.5333
121,2006,-53.5333
122,2002,-40.5419
123,2003,1.2567
122,2003,-40.5409
122,2005,-40.5389
123,2001,1.2404
123,2000,1.2325
123,1999,1.2246
123,1998,1.2168
123,1997,1.2091
123,1996,1.2015
123,1995,1.194
123,1994,1.1866
123,1993,1.1793
123,1992,1.1721
123,1991,1.1649
123,1990,1.1579
122,2010,-40.5342
122,2009,-40.5352
122,2008,-40.5361
122,2007,-40.537
122,2006,-40.538
122,2004,-40.5399
118,2001,-32.7944
118,2000,-31.2052
118,1999,-31.2052
110,1996,-83605.6222
110,1995,-83566.4238
110,1994,-83527.2486
110,1993,-83488.0966
110,1992,-83448.9679
110,1991,-83409.8624
110,1990,-83370.7801
109,2010,-85.5766
109,2009,-85.4702
109,2008,-85.3641
109,2007,-85.2583
109,2006,-85.1527
109,2005,-7.1165
109,2004,-7.1094
109,2003,-7.1023
109,2002,-7.0952
109,2001,-7.0881
110,1997,-83644.844
109,2000,-62.861
110,1998,-83684.0891
110,2000,-83762.6493
112,1996,0
112,1995,0
112,1994,0
112,1993,0
112,1992,0
112,1991,0
112,1990,0
110,2010,-151111.0548
110,2009,-151073.0615
110,2008,-151035.0492
110,2007,-150997.0181
110,2006,-150958.968
110,2005,-46494.8198
110,2004,-46492.3631
110,2003,-46489.904
110,2002,-46487.4426
110,2001,-46484.9788
110,1999,-83723.3575
112,1997,0
109,1999,-62.7929
109,1997,-62.6572
106,1996,-35200
106,1995,-35200
106,1994,-35200
106,1993,-35200
106,1992,-35200
106,1991,-35200
106,1990,-35200
105,2010,-20.4496
105,2009,-20.4231
105,2008,-20.3967
105,2007,-20.3704
105,2006,-20.3441
105,2005,-73.3333
105,2004,-73.3333
105,2003,-73.3333
105,2002,-73.3333
105,2001,-73.3333
106,1997,-35200
109,1998,-62.725
106,1998,-35200
106,2000,-35200
109,1996,-62.5895
109,1995,-62.5221
109,1994,-62.4547
109,1993,-62.3875
109,1992,-62.3204
109,1991,-62.2535
109,1990,-62.1868
106,2010,-35200
106,2009,-35200
106,2008,-35200
106,2007,-35200
106,2006,-35200
106,2005,-35933.3333
106,2004,-35933.3333
106,2003,-35933.3333
106,2002,-35933.3333
106,2001,-35933.3333
106,1999,-35200
126,2004,-3813.3333
112,1998,0
112,2000,0
83,1998,-7.515
83,1997,-7.515
83,1996,-7.515
83,1995,-7.515
83,1994,-7.515
83,1993,-7.515
83,1992,-7.515
83,1991,-7.515
83,1990,-7.515
114,2010,-30800
114,2009,-30800
114,2008,-30800
114,2007,-30800
114,2006,-30800
114,2005,-47666.6667
114,2004,-47666.6667
114,2003,-47666.6667
83,1999,-7.515
114,2002,-47666.6667
83,2000,-7.515
83,2002,-7.268
118,1998,-31.2052
118,1997,-31.2052
118,1996,-31.2052
118,1995,-31.2052
118,1994,-31.2052
118,1993,-31.2052
118,1992,-31.2052
118,1991,-31.2052
118,1990,-31.2052
83,2010,-5.6194
83,2009,-5.6194
83,2008,-5.6194
83,2007,-5.6194
83,2006,-5.6194
83,2005,-7.268
83,2004,-7.268
83,2003,-7.268
83,2001,-7.268
112,1999,0
114,2001,-47666.6667
114,1999,-272.9879
108,1998,-875.1047
108,1997,-873.8252
108,1996,-872.55
108,1995,-871.279
108,1994,-870.0124
108,1993,-868.7499
108,1992,-867.4917
112,2010,0
112,2009,0
112,2008,0
112,2007,0
112,2006,0
112,2005,0
112,2004,0
112,2003,0
112,2002,0
112,2001,0
108,1999,-876.3885
114,2000,-281.6597
108,2000,-877.6767
108,2002,-4516.8422
114,1998,-264.8341
114,1997,-257.1533
114,1996,-249.9054
114,1995,-243.0549
114,1994,-236.57
114,1993,-230.4221
114,1992,-224.5856
114,1991,-219.0375
114,1990,-213.757
108,2010,-847.3887
108,2009,-845.9595
108,2008,-844.535
108,2007,-843.1154
108,2006,-841.7005
108,2005,-4542.3635
108,2004,-4533.828
108,2003,-4525.3209
108,2001,-4508.3917
105,2000,99.7217
126,2005,-3813.3333
126,2007,-5793.3333
270,1992,-3.4397
270,1991,-3.4502
270,1990,-3.4603
137,2010,-7.3333
137,2009,-7.3333
137,2008,-7.3333
137,2007,-7.3333
270,1993,-3.4288
137,2006,-7.3333
137,2004,0.7577
137,2003,0.7439
137,2002,0.7305
137,2001,0.7176
137,2000,-25.6667
137,1999,-25.6667
137,1998,-25.6667
137,2005,0.7721
270,1994,-3.4176
270,1995,-3.4058
270,1996,-3.3936
138,1992,-4034.2188
138,1991,-4023.9985
138,1990,-4013.8338
270,2010,-2.5735
270,2009,-2.5039
270,2008,-2.438
270,2007,-2.3755
270,2006,-2.3161
270,2005,-17.1107
270,2004,-17.0294
270,2003,-16.9518
270,2002,-16.8777
270,2001,-16.807
270,2000,-3.3395
270,1999,-3.3539
270,1998,-3.3677
270,1997,-3.3809
137,1997,-25.6667
137,1996,-25.6667
137,1995,-25.6667
137,1994,-25.6667
136,1993,-69.7353
136,1992,-70.2205
136,1991,-70.6827
136,1990,-71.1237
135,2010,0
135,2009,0
135,2008,0
135,2007,0
135,2006,0
135,2005,0
135,2004,0
135,2003,0
135,2002,0
135,2001,0
135,2000,0
135,1999,0
135,1998,0
136,1994,-69.2254
138,1993,-4044.4952
136,1995,-68.689
136,1997,-67.5276
137,1993,-25.6667
137,1992,-25.6667
137,1991,-25.6667
137,1990,-25.6667
136,2010,-127.2497
136,2009,-126.3545
136,2008,-125.4942
136,2007,-124.6667
136,2006,-123.8702
136,2005,-86.5704
136,2004,-86.6202
136,2003,-86.6667
136,2002,-86.7101
136,2001,-86.7508
136,2000,-65.5243
136,1999,-66.2309
136,1998,-66.8976
136,1996,-68.1239
138,1994,-4054.8281
138,1995,-4065.2181
138,1996,-4075.6656
142,1993,-7.4745
142,1992,-7.2547
142,1991,-7.0474
142,1990,-6.8516
141,2010,16068.1744
141,2009,16065.8454
141,2008,16063.382
141,2007,16060.7722
141,2006,16058.0026
141,2005,-642.3701
141,2004,-637.7896
141,2003,-633.2739
141,2002,-628.8217
141,2001,-624.4317
141,2000,435.1791
141,1999,432.0542
141,1998,428.9721
142,1994,-7.7081
141,1997,425.932
142,1995,-7.9567
142,1997,-8.5055
143,1993,-8892.1359
143,1992,-8891.1434
143,1991,-8890.1494
143,1990,-8889.1538
142,2010,23.8362
142,2009,23.8362
142,2008,23.8362
142,2007,23.8362
142,2006,23.8362
142,2005,-4.6937
142,2004,-4.6937
142,2003,-4.6937
142,2002,-4.6937
142,2001,-4.6937
142,2000,-9.4869
142,1999,-9.1355
142,1998,-8.8092
142,1996,-8.2219
135,1997,0
141,1996,422.9328
141,1994,417.0545
145,1993,-381.6233
145,1992,-381.6346
145,1991,-381.6458
138,2010,-2338.2011
138,2009,-2334.728
138,2008,-2331.267
138,2007,-2327.8181
138,2006,-2324.3812
138,2005,435.8712
138,2004,434.6101
138,2003,433.3548
138,2002,432.1053
138,2001,430.8614
138,2000,-4118.0402
138,1999,-4107.3579
138,1998,-4096.735
138,1997,-4086.1711
145,1994,-381.6121
141,1995,419.974
145,1995,-381.6009
145,1997,-381.5785
141,1993,414.1737
141,1992,411.3308
141,1991,408.525
141,1990,405.7557
145,2010,-381.5447
145,2009,-381.5558
145,2008,-381.5669
145,2007,-381.578
145,2006,-381.5891
145,2005,-381.6013
145,2004,-381.6136
145,2003,-381.6258
145,2002,-381.638
145,2001,-381.6503
145,2000,-381.545
145,1999,-381.5561
145,1998,-381.5673
145,1996,-381.5897
135,1996,0
135,1995,0
135,1994,0
131,1992,45258.0215
131,1991,45099.2462
131,1990,44941.5811
130,2010,-2855.5148
130,2009,-2851.8519
130,2008,-2848.2614
130,2007,-2844.7413
130,2006,-2841.2894
130,2005,-2375.6584
130,2004,-2382.8258
130,2003,-2389.8581
130,2002,-2396.7591
130,2001,-2403.5324
130,2000,-1303.6381
130,1999,-1301.0167
130,1998,-1298.4423
130,1997,-1295.9138
131,1993,45417.9186
130,1996,-1293.4298
131,1994,45578.9496
131,1996,45904.4617
132,1992,-0.0033
132,1991,-0.0033
132,1990,-0.0033
131,2010,-60133.3333
131,2009,-60133.3333
131,2008,-60133.3333
131,2007,-60133.3333
131,2006,-60133.3333
131,2005,44861.0221
131,2004,44563.932
131,2003,44270.751
131,2002,43981.4024
131,2001,43695.8115
131,2000,46569.6363
131,1999,46401.5419
131,1998,46234.6566
131,1997,46068.9675
131,1995,45741.1265
132,1993,-0.0033
130,1995,-1290.9893
130,1993,-1286.234
129,1992,-800.0944
129,1991,-806.0668
129,1990,-811.9811
256,2010,0
256,2009,0
256,2008,0
256,2007,0
256,2006,0
256,2005,0
256,2004,0
256,2003,0
256,2002,0
256,2001,0
256,2000,-737
126,2010,-5793.3333
126,2009,-5793.3333
126,2008,-5793.3333
129,1993,-794.0631
130,1994,-1288.591
129,1994,-787.972
129,1996,-775.6067
130,1992,-1283.9171
130,1991,-1281.6393
130,1990,-1279.3997
129,2010,-11812.6566
129,2009,-11813.0523
129,2008,-11813.4444
129,2007,-11813.833
129,2006,-11814.2182
129,2005,-952.8492
129,2004,-955.2303
129,2003,-957.5978
129,2002,-959.9517
129,2001,-962.2924
129,2000,-750.1178
129,1999,-756.5872
129,1998,-762.9912
129,1997,-769.3307
129,1995,-781.8202
126,2006,-5793.3333
132,1994,-0.0033
132,1996,-0.0033
127,1993,0
127,1992,0
127,1991,0
134,2010,0
134,2009,0
134,2008,0
134,2007,0
134,2006,0
134,2005,0
134,2004,0
134,2003,0
134,2002,0
134,2001,0
134,2000,0
134,1999,0
134,1998,0
134,1997,0
127,1994,0
134,1996,0
127,1995,0
127,1997,0
135,1993,0
135,1992,0
135,1991,0
135,1990,0
127,2010,0
127,2009,0
127,2008,0
127,2007,0
127,2006,0
127,2005,0
127,2004,0
127,2003,0
127,2002,0
127,2001,0
127,2000,0
127,1999,0
127,1998,0
127,1996,0
132,1995,-0.0033
134,1995,0
134,1993,0
133,1992,-411.8774
133,1991,-411.8999
133,1990,-411.9218
132,2010,-0.7252
132,2009,-0.7252
132,2008,-0.7252
132,2007,-0.7252
132,2006,-0.7252
132,2005,-0.331
132,2004,-0.331
132,2003,-0.331
132,2002,-0.331
132,2001,-0.331
132,2000,-0.0033
132,1999,-0.0033
132,1998,-0.0033
132,1997,-0.0033
133,1993,-411.8545
134,1994,0
133,1994,-411.8309
133,1996,-411.7821
134,1992,0
134,1991,0
134,1990,0
133,2010,-5379.5278
133,2009,-5379.4761
133,2008,-5379.4258
133,2007,-5379.3771
133,2006,-5379.3297
133,2005,-2483.6939
133,2004,-2483.66
133,2003,-2483.6271
133,2002,-2483.595
133,2001,-2483.5638
133,2000,-411.6767
133,1999,-411.7041
133,1998,-411.7308
133,1997,-411.7568
133,1995,-411.8068
5873,2009,-1476144.1994
105,1999,99.5027
105,1997,99.0456
79,1997,-63066.6667
79,1996,-63066.6667
79,1995,-63066.6667
79,1994,-63066.6667
79,1993,-63066.6667
79,1992,-63066.6667
79,1991,-63066.6667
79,1998,-63066.6667
79,1990,-63066.6667
73,2009,-3520
73,2008,-3520
73,2007,-3520
73,2006,-3520
73,2005,-3527.3333
73,2004,-3527.3333
73,2003,-3527.3333
73,2010,-3520
79,1999,-63066.6667
79,2000,-63066.6667
79,2001,-40096.4242
81,1997,20320.6667
81,1996,20320.6667
81,1995,20320.6667
81,1994,20320.6667
81,1993,20320.6667
81,1992,20320.6667
81,1991,20320.6667
81,1990,20320.6667
79,2010,-26400
79,2009,-26400
79,2008,-26400
79,2007,-26400
79,2006,-26400
79,2005,-40375.6653
79,2004,-40305.9655
79,2003,-40236.1922
79,2002,-40166.3451
73,2002,-3527.3333
73,2001,-3527.3333
73,2000,-4033.3333
73,1999,-4033.3333
75,1996,-451
75,1995,-451
75,1994,-451
75,1993,-451
75,1992,-451
75,1991,-451
75,1990,-451
74,2010,0
74,2009,0
74,2008,0
74,2007,0
74,2006,0
74,2005,0
74,2004,0
74,2003,0
74,2002,0
74,2001,0
75,1997,-451
81,1998,20320.6667
75,1998,-451
75,2000,-451
73,1998,-4033.3333
73,1997,-4033.3333
73,1996,-4033.3333
73,1995,-4033.3333
73,1994,-4033.3333
73,1993,-4033.3333
73,1992,-4033.3333
75,2010,-454.6667
75,2009,-454.6667
75,2008,-454.6667
75,2007,-454.6667
75,2006,-454.6667
75,2005,-454.6667
75,2004,-454.6667
75,2003,-454.6667
75,2002,-454.6667
75,2001,-454.6667
75,1999,-451
81,1999,20320.6667
81,2000,20320.6667
81,2001,37392.6667
85,1997,0
85,1996,0
85,1995,0
85,1994,0
85,1993,0
85,1992,0
85,1991,0
85,1990,0
84,2010,-2200
84,2009,-2200
84,2008,-2200
84,2007,-2200
84,2006,-2200
84,2005,-2200
84,2004,-2200
84,2003,-2200
84,2002,-2200
85,1998,0
84,2001,-2200
85,1999,0
85,2001,0
86,1997,0
86,1996,0
86,1995,0
86,1994,0
86,1993,0
86,1992,0
86,1991,0
86,1990,0
85,2010,0
85,2009,0
85,2008,0
85,2007,0
85,2006,0
85,2005,0
85,2004,0
85,2003,0
85,2002,0
85,2000,0
74,2000,0
84,2000,-2200
84,1998,-2200
82,1997,0
82,1996,0
82,1995,0
82,1994,0
82,1993,0
82,1992,0
82,1991,0
82,1990,0
81,2010,-7304
81,2009,-7304
81,2008,-7304
81,2007,-7304
81,2006,-7304
81,2005,37392.6667
81,2004,37392.6667
81,2003,37392.6667
81,2002,37392.6667
82,1998,0
84,1999,-2200
82,1999,0
82,2001,0
84,1997,-2200
84,1996,-2200
84,1995,-2200
84,1994,-2200
84,1993,-2200
84,1992,-2200
84,1991,-2200
84,1990,-2200
82,2010,0
82,2009,0
82,2008,0
82,2007,0
82,2006,0
82,2005,0
82,2004,0
82,2003,0
82,2002,0
82,2000,0
74,1999,0
74,1998,0
74,1997,0
66,1996,-2483.801
66,1995,-2483.7393
66,1994,-2483.6772
66,1993,-2483.6148
66,1992,-2483.5519
66,1991,-2483.4888
66,1990,-2483.4252
64,2010,0
64,2009,0
64,2008,0
64,2007,0
64,2006,0
64,2005,0
64,2004,0
64,2003,0
64,2002,0
64,2001,0
66,1997,-2483.8624
64,2000,0
66,1998,-2483.9234
66,2000,-2484.0445
67,1996,-30286.6667
67,1995,-30286.6667
67,1994,-30286.6667
67,1993,-30286.6667
67,1992,-30286.6667
67,1991,-30286.6667
67,1990,-30286.6667
66,2010,-1140.6455
66,2009,-1140.4952
66,2008,-1140.3451
66,2007,-1140.1953
66,2006,-1140.0458
66,2005,-2969.8021
66,2004,-2969.7572
66,2003,-2969.7119
66,2002,-2969.6664
66,2001,-2969.6205
66,1999,-2483.9841
67,1997,-30286.6667
64,1999,0
64,1997,0
65,1996,0
65,1995,0
65,1994,0
65,1993,0
65,1992,0
65,1991,0
65,1990,0
62,1992,1240.7244
62,1991,1229.0124
62,1990,1217.5023
238,2010,2972.2973
238,2009,2935.0592
238,2008,2898.6455
238,2007,2863.0293
238,2006,2828.1846
238,2005,3773.5332
238,2004,3733.4739
65,1997,0
64,1998,0
65,1998,0
65,2000,0
64,1996,0
64,1995,0
64,1994,0
64,1993,0
64,1992,0
64,1991,0
64,1990,0
65,2010,0
65,2009,0
65,2008,0
65,2007,0
65,2006,0
65,2005,0
65,2004,0
65,2003,0
65,2002,0
65,2001,0
65,1999,0
86,1998,0
67,1998,-30286.6667
67,2000,-30286.6667
70,1996,-2425.914
70,1995,-2425.914
70,1994,-2425.914
70,1993,-2425.914
70,1992,-2425.914
70,1991,-2425.914
70,1990,-2425.914
69,2010,-92.9273
69,2009,-92.8589
69,2008,-92.7906
69,2007,-92.7224
69,2006,-92.6543
69,2005,103.3926
69,2004,103.3571
69,2003,103.3218
69,2002,103.2864
69,2001,103.251
70,1997,-2425.914
69,2000,-129.0966
70,1998,-2425.914
70,2000,-2425.914
74,1996,0
74,1995,0
74,1994,0
74,1993,0
74,1992,0
74,1991,0
74,1990,0
70,2010,-2425.914
70,2009,-2425.914
70,2008,-2425.914
70,2007,-2425.914
70,2006,-2425.914
70,2005,-2425.914
70,2004,-2425.914
70,2003,-2425.914
70,2002,-2425.914
70,2001,-2425.914
70,1999,-2425.914
67,1999,-30286.6667
69,1999,-129.0399
69,1997,-128.9265
68,1996,-30800
68,1995,-30800
68,1994,-30800
68,1993,-30800
68,1992,-30800
68,1991,-30800
68,1990,-30800
67,2010,-46227.9389
67,2009,-46055.7053
67,2008,-45883.2387
67,2007,-45710.5386
67,2006,-45537.6045
67,2005,-52074.9817
67,2004,-51750.0636
67,2003,-51426.9037
67,2002,-51105.4878
67,2001,-50785.8017
68,1997,-30800
69,1998,-128.9832
68,1998,-30800
68,2000,-30800
69,1996,-128.8699
69,1995,-128.8134
69,1994,-128.7569
69,1993,-128.7004
69,1992,-128.644
69,1991,-128.5877
69,1990,-128.5313
68,2010,-66717.0944
68,2009,-66674.5084
68,2008,-66631.3262
68,2007,-66587.5353
68,2006,-66543.1225
68,2005,-87565.8754
68,2004,-87533.0126
68,2003,-87499.6653
68,2002,-87465.8227
68,2001,-87431.4736
68,1999,-30800
105,1998,99.2774
86,1999,0
86,2001,351.2667
100,1996,-56466.6667
100,1995,-56466.6667
100,1994,-56466.6667
100,1993,-56466.6667
100,1992,-56466.6667
100,1991,-56466.6667
100,1990,-56466.6667
100,1997,-56466.6667
99,2010,-73.3333
99,2008,-73.3333
99,2007,-73.3333
99,2006,-73.3333
99,2005,-51.3333
99,2004,-51.3333
99,2003,-51.3333
99,2002,-51.3333
99,2009,-73.3333
100,1998,-56466.6667
100,1999,-56466.6667
100,2000,-56466.6667
101,1996,-629155.4255
101,1995,-618298.312
101,1994,-607809.5567
101,1993,-597670.7259
101,1992,-587864.5956
101,1991,-578375.0542
101,1990,-569187.0136
100,2010,-135666.6667
100,2009,-135666.6667
100,2008,-135666.6667
100,2007,-135666.6667
100,2006,-135666.6667
100,2005,-174533.3333
100,2004,-174533.3333
100,2003,-174533.3333
100,2002,-174533.3333
100,2001,-174533.3333
99,2001,-51.3333
99,2000,-22
99,1999,-22
99,1998,-22
97,1997,-4253.3333
97,1996,-4253.3333
97,1995,-4253.3333
97,1994,-4253.3333
97,1993,-4253.3333
97,1992,-4253.3333
97,1991,-4253.3333
97,1990,-4253.3333
95,2010,-97.1888
95,2009,-95.0417
95,2008,-92.9875
95,2007,-91.0202
95,2006,-89.1344
95,2005,631.1231
95,2004,618.5676
95,2003,606.502
95,2002,594.898
97,1998,-4253.3333
101,1997,-640400.6486
97,1999,-4253.3333
97,2001,-2566.6667
99,1997,-22
99,1996,-22
99,1995,-22
99,1994,-22
99,1993,-22
99,1992,-22
99,1991,-22
99,1990,-22
97,2010,-4766.6667
97,2009,-4766.6667
97,2008,-4766.6667
97,2007,-4766.6667
97,2006,-4766.6667
97,2005,-2566.6667
97,2004,-2566.6667
97,2003,-2566.6667
97,2002,-2566.6667
97,2000,-4253.3333
101,1998,-652055.1708
101,1999,-664141.7526
101,2000,-676684.8739
104,1996,-3303.6821
104,1995,-3303.6821
104,1994,-3303.6821
104,1993,-3303.6821
104,1992,-3303.6821
104,1991,-3303.6821
104,1990,-3303.6821
103,2010,-1700.8544
103,2009,-1700.8544
103,2008,-1700.8544
103,2007,-1700.8544
103,2006,-1700.8544
103,2005,-968.1818
103,2004,-968.1818
103,2003,-968.1818
103,2002,-968.1818
103,2001,-968.1818
104,1997,-3303.6821
103,2000,-987.531
104,1998,-3303.6821
104,2000,-3303.6822
105,1996,98.807
105,1995,98.5613
105,1994,98.308
105,1993,98.047
105,1992,97.7778
105,1991,97.5
105,1990,97.2132
104,2010,-8766.3428
104,2009,-8745.4983
104,2008,-8724.2907
104,2007,-8702.7103
104,2006,-8680.7473
104,2005,-2779.3333
104,2004,-2779.3333
104,2003,-2779.3333
104,2002,-2779.3333
104,2001,-2779.3333
104,1999,-3303.6821
95,2001,583.7297
103,1999,-987.531
103,1997,-987.531
102,1996,-172.3333
102,1995,-172.3333
102,1994,-172.3333
102,1993,-172.3333
102,1992,-172.3333
102,1991,-172.3333
102,1990,-172.3333
101,2010,610959.3354
101,2009,606290.3963
101,2008,601687.7505
101,2007,597149.9962
101,2006,592675.7704
101,2005,356249.176
101,2004,353256.5078
101,2003,350282.6459
101,2002,347327.4137
101,2001,344390.6367
102,1997,-172.3333
103,1998,-987.531
102,1998,-172.3333
102,2000,-172.3333
103,1996,-987.531
103,1995,-987.531
103,1994,-987.531
103,1993,-987.531
103,1992,-987.531
103,1991,-987.531
103,1990,-987.531
102,2010,-3102
102,2009,-3102
102,2008,-3102
102,2007,-3102
102,2006,-3102
102,2005,-3446.6667
102,2004,-3446.6667
102,2003,-3446.6667
102,2002,-3446.6667
102,2001,-3446.6667
102,1999,-172.3333
95,2000,-373.4568
95,1999,-363.7946
95,1998,-354.6198
89,1997,-1158.786
89,1996,-1159.1187
89,1995,-1159.4434
89,1994,-1159.7604
89,1993,-1160.0701
89,1992,-1160.3727
89,1991,-1160.6684
89,1990,-1160.9574
88,2010,0
88,2009,0
88,2008,0
88,2007,0
88,2006,0
88,2005,0
88,2004,0
88,2003,0
88,2002,0
89,1998,-1158.4452
88,2001,0
89,1999,-1158.0958
89,2001,-497.5792
90,1997,-434.0484
90,1996,-433.9545
90,1995,-433.8614
90,1994,-433.7693
90,1993,-433.6782
90,1992,-433.5879
90,1991,-433.4985
90,1990,-433.41
89,2010,2176.7956
89,2009,2126.1968
89,2008,2076.7331
89,2007,2028.3667
89,2006,1981.0615
89,2005,-500.1657
89,2004,-499.4932
89,2003,-498.8384
89,2002,-498.2006
89,2000,-1157.7375
90,1998,-434.1434
88,2000,0
88,1998,0
87,1997,169.4288
87,1996,169.3911
87,1995,169.3535
87,1994,169.3159
87,1993,169.2783
87,1992,169.2408
87,1991,169.2032
87,1990,169.1657
86,2010,-175.2667
86,2009,-175.2667
86,2008,-175.2667
86,2007,-175.2667
86,2006,-175.2667
86,2005,351.2667
86,2004,351.2667
86,2003,351.2667
86,2002,351.2667
87,1998,169.4664
88,1999,0
87,1999,169.5041
87,2001,123.4608
88,1997,0
88,1996,0
88,1995,0
88,1994,0
88,1993,0
88,1992,0
88,1991,0
88,1990,0
87,2010,6.5104
87,2009,6.4891
87,2008,6.468
87,2007,6.4469
87,2006,6.426
87,2005,123.6809
87,2004,123.6258
87,2003,123.5708
87,2002,123.5158
87,2000,169.5418
86,2000,0
90,1999,-434.2393
90,2001,-711.8772
93,1997,-154.9249
93,1996,-154.9778
93,1995,-155.03
93,1994,-155.0817
93,1993,-155.1326
93,1992,-155.183
93,1991,-155.2328
93,1990,-155.2819
91,2010,-415.3781
91,2009,-415.2478
91,2008,-415.1177
91,2007,-414.9876
91,2006,-414.8576
91,2005,132.1289
91,2004,132.0971
91,2003,132.0653
91,2002,132.0335
93,1998,-154.8713
91,2001,132.0018
93,1999,-154.817
93,2001,-163.5535
95,1997,-345.8963
95,1996,-337.5918
95,1995,-329.6766
95,1994,-322.1241
95,1993,-314.9099
95,1992,-308.0118
95,1991,-301.4094
95,1990,-295.0841
93,2010,-156.4348
93,2009,-156.473
93,2008,-156.5106
93,2007,-156.5477
93,2006,-156.5841
93,2005,-163.8425
93,2004,-163.7686
93,2003,-163.6958
93,2002,-163.6242
93,2000,-154.7621
90,2000,-434.3362
91,2000,-21.2601
91,1998,-21.2504
175,1997,-209.2744
175,1996,-208.3582
175,1995,-207.4501
175,1994,-206.5499
175,1993,-205.6576
175,1992,-204.7731
175,1991,-203.8963
175,1990,-203.027
90,2010,-782.1925
90,2009,-782.0818
90,2008,-781.9723
90,2007,-781.864
90,2006,-781.7569
90,2005,-712.288
90,2004,-712.1836
90,2003,-712.0804
90,2002,-711.9783
175,1998,-210.1987
91,1999,-21.2553
175,1999,-211.1314
175,2001,517.0796
91,1997,-21.2456
91,1996,-21.2407
91,1995,-21.2359
91,1994,-21.231
91,1993,-21.2262
91,1992,-21.2213
91,1991,-21.2165
91,1990,-21.2116
175,2010,-278.749
175,2009,-277.4083
175,2008,-276.0807
175,2007,-274.766
175,2006,-273.464
175,2005,526.762
175,2004,524.3081
175,2003,521.8766
175,2002,519.4671
175,2000,-212.0725
5873,2010,-1478251.5739
