geo,year,sorghum_and_products_food_supply_quantity_tonnes_fce
4,1961,371.0
4,1962,822.0
4,1963,665.0
4,1964,277.0
4,1965,164.0
4,1966,403.0
4,1967,217.0
4,1968,1190.0
4,1969,999.0
4,1970,539.0
4,1971,499.0
4,1972,343.0
4,1973,835.0
4,1974,467.0
4,1975,876.0
4,1976,620.0
4,1977,540.0
4,1978,268.0
4,1979,354.0
4,1980,546.0
4,1981,213.0
4,1982,570.0
4,1983,343.0
4,1984,587.0
4,1985,379.0
4,1986,181.0
4,1987,466.0
4,1988,1001.0
4,1989,653.0
4,1990,3401.0
4,1991,4126.0
4,1992,3701.0
4,1993,4743.0
4,1994,4649.0
4,1995,4806.0
4,1996,4180.0
4,1997,9477.0
4,1998,306.0
4,1999,374.0
4,2000,1076.0
4,2001,1162.0
4,2002,3790.0
4,2003,595.0
4,2004,1085.0
4,2005,1255.0
4,2006,2927.0
4,2007,3036.0
4,2008,1954.0
4,2009,1271.0
4,2010,468.0
4,2011,1441.0
4,2012,2050.0
4,2013,2715.0
7,1961,0.0
7,1962,0.0
7,1963,0.0
7,1964,0.0
7,1965,0.0
7,1966,0.0
7,1967,0.0
7,1968,0.0
7,1969,0.0
7,1970,0.0
7,1971,0.0
7,1972,0.0
7,1973,0.0
7,1974,0.0
7,1975,0.0
7,1976,0.0
7,1977,0.0
7,1978,0.0
7,1979,0.0
7,1980,0.0
7,1981,0.0
7,1982,0.0
7,1983,5000.0
7,1984,7000.0
7,1985,0.0
7,1986,0.0
7,1987,0.0
7,1988,0.0
7,1989,0.0
7,1990,0.0
7,1991,0.0
7,1992,0.0
7,1993,0.0
7,1994,0.0
7,1995,0.0
7,1996,0.0
7,1997,0.0
7,1998,0.0
7,1999,0.0
7,2000,0.0
7,2001,0.0
7,2002,0.0
7,2003,0.0
7,2004,0.0
7,2005,0.0
7,2006,0.0
7,2007,0.0
7,2008,0.0
7,2009,0.0
7,2010,0.0
7,2011,0.0
7,2012,0.0
7,2013,0.0
16,1961,890.0
16,1962,890.0
16,1963,890.0
16,1964,890.0
16,1965,890.0
16,1966,616.0
16,1967,517.0
16,1968,425.0
16,1969,424.0
16,1970,792.0
16,1971,667.0
16,1972,641.0
16,1973,621.0
16,1974,630.0
16,1975,588.0
16,1976,536.0
16,1977,1804.0
16,1978,9424.0
16,1979,5554.0
16,1980,5949.0
16,1981,5024.0
16,1982,1849.0
16,1983,849.0
16,1984,1119.0
16,1985,1105.0
16,1986,1165.0
16,1987,1004.0
16,1988,1888.0
16,1989,1060.0
16,1990,720.0
16,1991,423.0
16,1992,472.0
16,1993,423.0
16,1994,400.0
16,1995,9508.0
16,1996,43288.0
16,1997,412.0
16,1998,583.0
16,1999,903.0
16,2000,876.0
16,2001,1056.0
16,2002,876.0
16,2003,879.0
16,2004,712.0
16,2005,494.0
16,2006,220.0
16,2007,214.0
16,2008,393.0
16,2009,234.0
16,2010,221.0
16,2011,193.0
16,2012,199.0
16,2013,133.0
23,1961,0.0
23,1962,0.0
23,1963,0.0
23,1964,0.0
23,1965,0.0
23,1966,0.0
23,1967,0.0
23,1968,0.0
23,1969,0.0
23,1970,0.0
23,1971,0.0
23,1972,0.0
23,1973,0.0
23,1974,0.0
23,1975,0.0
23,1976,0.0
23,1977,0.0
23,1978,0.0
23,1979,0.0
23,1980,0.0
23,1981,0.0
23,1982,0.0
23,1983,0.0
23,1984,0.0
23,1985,0.0
23,1986,0.0
23,1987,0.0
23,1988,0.0
23,1989,237.0
23,1990,325.0
23,1991,378.0
23,1992,453.0
23,1993,481.0
23,1994,527.0
23,1995,520.0
23,1996,506.0
23,1997,563.0
23,1998,535.0
23,1999,632.0
23,2000,645.0
23,2001,769.0
23,2002,902.0
23,2003,674.0
23,2004,1115.0
23,2005,736.0
23,2006,784.0
23,2007,786.0
23,2008,1211.0
23,2009,1091.0
23,2010,1206.0
23,2011,886.0
23,2012,1359.0
23,2013,1592.0
53,1961,49784.53
53,1962,44861.7
53,1963,48481.58
53,1964,45906.37
53,1965,45281.46
53,1966,44335.12
53,1967,46933.2
53,1968,47508.58
53,1969,46352.11
53,1970,39785.25
53,1971,39409.3
53,1972,40114.18
53,1973,56274.75
53,1974,57562.7
53,1975,54417.42
53,1976,58682.35
53,1977,57429.24
53,1978,54885.0
53,1979,51490.01
53,1980,48223.77
53,1981,57330.42
53,1982,56351.16
53,1983,55850.22
53,1984,74045.36
53,1985,75707.24
53,1986,72328.55
53,1987,75723.13
53,1988,78646.29
53,1989,79068.89
53,1990,84387.66
53,1991,86242.01
53,1992,88816.06
53,1993,85224.01
53,1994,86271.99
53,1995,93667.23
53,1996,86021.69
53,1997,93693.06
53,1998,108299.57
53,1999,97893.35
53,2000,121967.6
53,2001,128389.99
53,2002,128771.76
53,2003,126829.76
53,2004,127303.18
53,2005,127368.0
53,2006,122849.95
53,2007,123248.72
53,2008,114224.25
53,2009,112546.37
53,2010,116010.93
53,2011,114781.64
53,2012,84303.99
53,2013,89612.59
20,1961,33936.78
20,1962,32386.88
20,1963,36301.9
20,1964,34911.76
20,1965,39309.76
20,1966,43129.0
20,1967,42554.21
20,1968,39701.89
20,1969,43199.78
20,1970,44813.55
20,1971,45599.0
20,1972,53584.66
20,1973,51698.54
20,1974,33862.9
20,1975,34203.23
20,1976,34108.34
20,1977,34711.11
20,1978,19510.22
20,1979,22127.78
20,1980,23126.77
20,1981,21556.99
20,1982,19609.0
20,1983,23612.77
20,1984,32037.56
20,1985,47866.34
20,1986,47556.88
20,1987,44283.66
20,1988,44470.24
20,1989,52229.43
20,1990,49998.89
20,1991,37912.66
20,1992,34430.79
20,1993,34638.32
20,1994,43570.11
20,1995,46098.89
20,1996,56836.01
20,1997,49641.76
20,1998,50058.78
20,1999,40862.55
20,2000,41818.67
20,2001,45574.99
20,2002,46504.44
20,2003,46431.22
20,2004,38438.56
20,2005,43111.0
20,2006,47994.01
20,2007,45573.44
20,2008,40601.0
20,2009,42416.22
20,2010,48036.67
20,2011,38064.23
20,2012,43519.11
20,2013,41199.89
26,1961,0.0
26,1962,0.0
26,1963,0.0
26,1964,0.0
26,1965,0.0
26,1966,0.0
26,1967,0.0
26,1968,0.0
26,1969,0.0
26,1970,0.0
26,1971,0.0
26,1972,0.0
26,1973,0.0
26,1974,0.0
26,1975,0.0
26,1976,0.0
26,1977,0.0
26,1978,0.0
26,1979,0.0
26,1980,0.0
26,1981,0.0
26,1982,0.0
26,1983,0.0
26,1984,0.0
26,1985,0.0
26,1986,0.0
26,1987,0.0
26,1988,0.0
26,1989,0.0
26,1990,0.0
26,1991,0.0
26,1992,0.0
26,1993,0.0
26,1994,0.0
26,1995,0.0
26,1996,0.0
26,1997,88.0
26,1998,30.0
26,1999,0.0
26,2000,0.0
26,2001,0.0
26,2002,0.0
26,2003,2.0
26,2004,0.0
26,2005,0.0
26,2006,0.0
26,2007,0.0
26,2008,0.0
26,2009,0.0
26,2010,0.0
26,2011,0.0
26,2012,0.0
26,2013,0.0
233,1961,213577.23
233,1962,223629.02
233,1963,262531.49
233,1964,241344.0
233,1965,243859.73
233,1966,260768.75
233,1967,292159.48
233,1968,309787.5
233,1969,280155.5
233,1970,289639.75
233,1971,286166.01
233,1972,251778.48
233,1973,264776.25
233,1974,285306.49
233,1975,343320.52
233,1976,366785.0
233,1977,293533.75
233,1978,351332.01
233,1979,348545.26
233,1980,343622.5
233,1981,302157.5
233,1982,350385.76
233,1983,322068.51
233,1984,331308.75
233,1985,339926.75
233,1986,442875.24
233,1987,534127.99
233,1988,467922.01
233,1989,541589.48
233,1990,499821.98
233,1991,488482.02
233,1992,644987.5
233,1993,683108.75
233,1994,658226.49
233,1995,660884.52
233,1996,713135.26
233,1997,678266.5
233,1998,635001.25
233,1999,677205.0
233,2000,539196.25
233,2001,720849.74
233,2002,723911.25
233,2003,768143.75
233,2004,791270.24
233,2005,832407.25
233,2006,805639.51
233,2007,865051.25
233,2008,878493.27
233,2009,917696.47
233,2010,962345.0
233,2011,932659.03
233,2012,972917.98
233,2013,980933.22
32,1961,186122.91
32,1962,181579.11
32,1963,197968.46
32,1964,203762.0
32,1965,190196.01
32,1966,206733.74
32,1967,189624.69
32,1968,191468.62
32,1969,218823.99
32,1970,178670.0
32,1971,196996.0
32,1972,185062.0
32,1973,179927.99
32,1974,182382.92
32,1975,185334.44
32,1976,185980.0
32,1977,197839.13
32,1978,215743.73
32,1979,231342.91
32,1980,237470.72
32,1981,217998.65
32,1982,221106.01
32,1983,205411.11
32,1984,203589.6
32,1985,215758.23
32,1986,261613.99
32,1987,259316.78
32,1988,265877.69
32,1989,288819.36
32,1990,336232.0
32,1991,317967.98
32,1992,292740.0
32,1993,364357.5
32,1994,323135.56
32,1995,359525.98
32,1996,343069.0
32,1997,309291.01
32,1998,399867.01
32,1999,210331.99
32,2000,328440.0
32,2001,399039.02
32,2002,427656.99
32,2003,452012.99
32,2004,460907.99
32,2005,476447.0
32,2006,502942.0
32,2007,518160.0
32,2008,535440.99
32,2009,554595.98
32,2010,567528.02
32,2011,589946.03
32,2012,613149.02
32,2013,627407.01
37,1961,15680.0
37,1962,32970.0
37,1963,32810.0
37,1964,36180.0
37,1965,33810.0
37,1966,28860.0
37,1967,28350.0
37,1968,22060.0
37,1969,21530.0
37,1970,24140.0
37,1971,19970.0
37,1972,10156.67
37,1973,9554.44
37,1974,16820.0
37,1975,27870.0
37,1976,28150.0
37,1977,27990.0
37,1978,26880.0
37,1979,31470.0
37,1980,30320.0
37,1981,33236.67
37,1982,32763.33
37,1983,32897.78
37,1984,34186.67
37,1985,34407.78
37,1986,34231.0
37,1987,33797.0
37,1988,35549.0
37,1989,37302.0
37,1990,35879.0
37,1991,29559.0
37,1992,27162.0
37,1993,26168.0
37,1994,29742.0
37,1995,26490.64
37,1996,31076.0
37,1997,28570.0
37,1998,28954.44
37,1999,36300.0
37,2000,32874.44
37,2001,34978.0
37,2002,41971.0
37,2003,36424.0
37,2004,36531.0
37,2005,41150.0
37,2006,38982.0
37,2007,43240.0
37,2008,35104.0
37,2009,43696.0
37,2010,43860.0
37,2011,42122.0
37,2012,39936.0
37,2013,41210.0
39,1961,304162.91
39,1962,331211.16
39,1963,332234.99
39,1964,321777.94
39,1965,312129.41
39,1966,302512.04
39,1967,302438.24
39,1968,310116.76
39,1969,305191.76
39,1970,284768.24
39,1971,272988.24
39,1972,235793.24
39,1973,223571.48
39,1974,237924.71
39,1975,241643.25
39,1976,234287.67
39,1977,236739.39
39,1978,240427.96
39,1979,223028.24
39,1980,202624.71
39,1981,188919.72
39,1982,235708.4
39,1983,249459.4
39,1984,229875.24
39,1985,225778.93
39,1986,242890.36
39,1987,241543.58
39,1988,226866.59
39,1989,220618.65
39,1990,234227.01
39,1991,238881.72
39,1992,289476.78
39,1993,246536.24
39,1994,404653.36
39,1995,339270.47
39,1996,319071.25
39,1997,357430.88
39,1998,355336.23
39,1999,369531.81
39,2000,408137.6
39,2001,406798.11
39,2002,402783.99
39,2003,418559.06
39,2004,455597.59
39,2005,411569.36
39,2006,463264.87
39,2007,517318.35
39,2008,528043.41
39,2009,532265.44
39,2010,577079.22
39,2011,614891.91
39,2012,688452.08
39,2013,683761.73
351,1961,5361818.75
351,1962,5467895.0
351,1963,5792505.0
351,1964,5918082.5
351,1965,6256815.0
351,1966,6795675.0
351,1967,7110200.0
351,1968,7130690.0
351,1969,6616287.5
351,1970,6670540.0
351,1971,6857750.0
351,1972,6426510.0
351,1973,6678180.0
351,1974,6346575.0
351,1975,6194565.0
351,1976,5787616.25
351,1977,5505165.0
351,1978,4967510.0
351,1979,4860860.0
351,1980,4559613.75
351,1981,4244555.26
351,1982,4465440.7
351,1983,4490219.02
351,1984,4429447.5
351,1985,3686100.22
351,1986,3385345.0
351,1987,2982642.5
351,1988,2702172.01
351,1989,2606877.5
351,1990,2485070.49
351,1991,2021906.25
351,1992,2167135.0
351,1993,2648453.43
351,1994,2627642.82
351,1995,1980656.53
351,1996,2367537.07
351,1997,1333112.99
351,1998,1455986.78
351,1999,1251511.51
351,2000,1165041.46
351,2001,1020431.5
351,2002,1732373.22
351,2003,1306575.49
351,2004,1060046.51
351,2005,1098960.0
351,2006,1130109.03
351,2007,738142.73
351,2008,925441.48
351,2009,859041.5
351,2010,966770.0
351,2011,948814.02
351,2012,1538391.25
351,2013,1854666.25
128,1961,0.0
128,1962,0.0
128,1963,0.0
128,1964,0.0
128,1965,0.0
128,1966,0.0
128,1967,0.0
128,1968,0.0
128,1969,0.0
128,1970,0.0
128,1971,0.0
128,1972,0.0
128,1973,0.0
128,1974,0.0
128,1975,0.0
128,1976,0.0
128,1977,0.0
128,1978,0.0
128,1979,0.0
128,1980,0.0
128,1981,0.0
128,1982,0.0
128,1983,0.0
128,1984,0.0
128,1985,0.0
128,1986,0.0
128,1987,0.0
128,1988,0.0
128,1989,0.0
128,1990,0.0
128,1991,0.0
128,1992,0.0
128,1993,0.0
128,1994,0.0
128,1995,0.0
128,1996,0.0
128,1997,0.0
128,1998,0.0
128,1999,0.0
128,2000,0.0
128,2001,0.0
128,2002,5.0
128,2003,9.0
128,2004,0.0
128,2005,0.0
128,2006,0.0
128,2007,0.0
128,2008,0.0
128,2009,4.0
128,2010,0.0
128,2011,0.0
128,2012,0.0
128,2013,0.0
41,1961,5359018.75
41,1962,5465295.0
41,1963,5791005.0
41,1964,5916982.5
41,1965,6255315.0
41,1966,6793875.0
41,1967,7108200.0
41,1968,7128990.0
41,1969,6614487.5
41,1970,6668640.0
41,1971,6855750.0
41,1972,6424110.0
41,1973,6664680.0
41,1974,6328575.0
41,1975,6136465.0
41,1976,5740416.25
41,1977,5504965.0
41,1978,4966810.0
41,1979,4859460.0
41,1980,4557613.75
41,1981,4243555.26
41,1982,4465440.7
41,1983,4486219.02
41,1984,4429447.5
41,1985,3686100.22
41,1986,3385345.0
41,1987,2982642.5
41,1988,2702172.01
41,1989,2606877.5
41,1990,2485070.49
41,1991,2021906.25
41,1992,2167135.0
41,1993,2648453.43
41,1994,2627642.82
41,1995,1980656.53
41,1996,2367537.07
41,1997,1333112.99
41,1998,1455986.78
41,1999,1251511.51
41,2000,1165041.46
41,2001,1020431.5
41,2002,1732368.22
41,2003,1306566.49
41,2004,1060046.51
41,2005,1098960.0
41,2006,1130109.03
41,2007,738142.73
41,2008,925441.48
41,2009,859037.5
41,2010,966770.0
41,2011,948814.02
41,2012,1538391.25
41,2013,1854666.25
214,1961,2800.0
214,1962,2600.0
214,1963,1500.0
214,1964,1100.0
214,1965,1500.0
214,1966,1800.0
214,1967,2000.0
214,1968,1700.0
214,1969,1800.0
214,1970,1900.0
214,1971,2000.0
214,1972,2400.0
214,1973,13500.0
214,1974,18000.0
214,1975,58100.0
214,1976,47200.0
214,1977,200.0
214,1978,700.0
214,1979,1400.0
214,1980,2000.0
214,1981,1000.0
214,1982,0.0
214,1983,4000.0
214,1984,0.0
214,1985,0.0
214,1986,0.0
214,1987,0.0
214,1988,0.0
214,1989,0.0
214,1990,0.0
214,1991,0.0
214,1992,0.0
214,1993,0.0
214,1994,0.0
214,1995,0.0
214,1996,0.0
214,1997,0.0
214,1998,0.0
214,1999,0.0
214,2000,0.0
214,2001,0.0
214,2002,0.0
214,2003,0.0
214,2004,0.0
214,2005,0.0
214,2006,0.0
214,2007,0.0
214,2008,0.0
214,2009,0.0
214,2010,0.0
214,2011,0.0
214,2012,0.0
214,2013,0.0
107,1961,6585.0
107,1962,6585.0
107,1963,9143.75
107,1964,8350.0
107,1965,8350.0
107,1966,9033.02
107,1967,9022.23
107,1968,9305.0
107,1969,9516.25
107,1970,11376.74
107,1971,10739.24
107,1972,12522.99
107,1973,11386.74
107,1974,12587.75
107,1975,7323.02
107,1976,21550.0
107,1977,21695.49
107,1978,19703.5
107,1979,21072.01
107,1980,20964.27
107,1981,11385.49
107,1982,12029.0
107,1983,9364.75
107,1984,7691.74
107,1985,12613.51
107,1986,12363.5
107,1987,11352.75
107,1988,12045.76
107,1989,12896.25
107,1990,14236.76
107,1991,26034.76
107,1992,13414.24
107,1993,14003.75
107,1994,17883.99
107,1995,20505.27
107,1996,22045.0
107,1997,22914.49
107,1998,21740.25
107,1999,25595.73
107,2000,24206.25
107,2001,24330.74
107,2002,24247.01
107,2003,25325.52
107,2004,23830.52
107,2005,27022.75
107,2006,20557.01
107,2007,18962.5
107,2008,25178.26
107,2009,25581.74
107,2010,31583.99
107,2011,30415.76
107,2012,32565.0
107,2013,34529.02
116,1961,26200.0
116,1962,29600.0
116,1963,27700.0
116,1964,26850.0
116,1965,27700.0
116,1966,27900.0
116,1967,28750.0
116,1968,28000.0
116,1969,26200.0
116,1970,23650.0
116,1971,22800.0
116,1972,22050.0
116,1973,21300.0
116,1974,21300.0
116,1975,20450.0
116,1976,19700.0
116,1977,16300.0
116,1978,16350.0
116,1979,15500.0
116,1980,14700.0
116,1981,13000.0
116,1982,15550.0
116,1983,14800.0
116,1984,12250.0
116,1985,12200.0
116,1986,12150.0
116,1987,12250.0
116,1988,12250.0
116,1989,13100.0
116,1990,14546.0
116,1991,11570.0
116,1992,8000.0
116,1993,16520.0
116,1994,2750.0
116,1995,16275.0
116,1996,4204.0
116,1997,42587.0
116,1998,6740.0
116,1999,7675.0
116,2000,8166.0
116,2001,11299.0
116,2002,16100.0
116,2003,24058.0
116,2004,25502.0
116,2005,24624.0
116,2006,26221.0
116,2007,24504.0
116,2008,24557.0
116,2009,22800.0
116,2010,22800.0
116,2011,28750.0
116,2012,27900.0
116,2013,33000.0
72,1961,0.0
72,1962,0.0
72,1963,0.0
72,1964,0.0
72,1965,0.0
72,1966,0.0
72,1967,0.0
72,1968,0.0
72,1969,0.0
72,1970,0.0
72,1971,0.0
72,1972,0.0
72,1973,0.0
72,1974,0.0
72,1975,0.0
72,1976,0.0
72,1977,0.0
72,1978,0.0
72,1979,1345.5
72,1980,1348.26
72,1981,1381.25
72,1982,1386.25
72,1983,1553.0
72,1984,1572.75
72,1985,1603.75
72,1986,1682.5
72,1987,1980.0
72,1988,2138.75
72,1989,1980.0
72,1990,2331.25
72,1991,2278.26
72,1992,2476.0
72,1993,2227.5
72,1994,2078.75
72,1995,1920.0
72,1996,1762.5
72,1997,1603.75
72,1998,1148.75
72,1999,990.0
72,2000,1138.75
72,2001,1010.0
72,2002,996.0
72,2003,1262.5
72,2004,1088.75
72,2005,990.0
72,2006,932.01
72,2007,1835.5
72,2008,2376.25
72,2009,2376.25
72,2010,55.0
72,2011,1410.25
72,2012,2167.5
72,2013,2753.26
59,1961,250843.32
59,1962,251438.9
59,1963,258565.27
59,1964,261815.27
59,1965,273386.58
59,1966,282481.12
59,1967,298799.71
59,1968,299099.01
59,1969,313662.91
59,1970,318535.9
59,1971,323383.83
59,1972,279629.08
59,1973,283358.91
59,1974,265611.79
59,1975,242379.35
59,1976,193858.37
59,1977,192786.96
59,1978,188348.99
59,1979,179665.47
59,1980,171739.04
59,1981,128644.73
59,1982,183066.05
59,1983,157847.41
59,1984,162212.63
59,1985,158330.27
59,1986,167438.67
59,1987,171225.38
59,1988,187928.04
59,1989,182999.2
59,1990,202791.26
59,1991,218714.85
59,1992,247329.09
59,1993,269655.78
59,1994,275141.3
59,1995,263432.19
59,1996,276660.49
59,1997,277288.92
59,1998,310041.9
59,1999,419542.97
59,2000,379140.94
59,2001,288842.39
59,2002,315142.26
59,2003,313075.32
59,2004,222184.24
59,2005,211555.61
59,2006,243074.54
59,2007,204092.98
59,2008,240505.95
59,2009,233236.96
59,2010,203836.65
59,2011,254901.34
59,2012,237121.28
59,2013,240909.99
60,1961,54550.0
60,1962,57316.0
60,1963,57345.0
60,1964,58272.0
60,1965,58813.0
60,1966,66463.0
60,1967,64776.0
60,1968,68692.0
60,1969,68034.0
60,1970,69959.0
60,1971,80731.0
60,1972,84751.0
60,1973,79617.0
60,1974,79533.0
60,1975,96401.0
60,1976,83099.0
60,1977,82812.0
60,1978,75134.0
60,1979,86194.0
60,1980,90232.0
60,1981,97102.0
60,1982,82244.0
60,1983,88194.0
60,1984,89670.0
60,1985,90458.0
60,1986,76946.0
60,1987,25546.0
60,1988,63649.0
60,1989,58045.0
60,1990,90444.0
60,1991,117661.0
60,1992,122432.0
60,1993,123432.0
60,1994,120089.0
60,1995,127409.0
60,1996,125115.0
60,1997,133673.0
60,1998,129365.0
60,1999,101861.0
60,2000,101422.0
60,2001,102878.0
60,2002,102953.0
60,2003,103528.0
60,2004,99762.0
60,2005,93889.0
60,2006,101114.79
60,2007,100966.0
60,2008,101634.0
60,2009,103008.0
60,2010,103903.0
60,2011,113187.0
60,2012,101694.01
60,2013,102262.0
238,1993,885718.98
238,1994,1031767.0
238,1995,1152316.06
238,1996,1235884.0
238,1997,1278173.06
238,1998,1387442.01
238,1999,1436070.02
238,2000,1458972.06
238,2001,1551590.0
238,2002,1583503.93
238,2003,1691179.07
238,2004,1670874.99
238,2005,1590092.99
238,2006,1875294.95
238,2007,1832810.91
238,2008,1931636.94
238,2009,2189956.03
238,2010,2235788.89
238,2011,2248552.95
238,2012,2200685.08
238,2013,2400904.11
62,1961,732910.03
62,1962,748580.04
62,1963,766273.99
62,1964,739211.07
62,1965,602681.01
62,1966,570060.03
62,1967,552514.99
62,1968,536268.03
62,1969,582871.01
62,1970,700290.03
62,1971,678176.02
62,1972,676556.94
62,1973,741183.05
62,1974,740692.02
62,1975,630107.03
62,1976,816532.0
62,1977,750393.05
62,1978,924167.01
62,1979,1077569.06
62,1980,940181.06
62,1981,1032903.05
62,1982,1176310.06
62,1983,1101594.02
62,1984,978976.98
62,1985,891979.03
62,1986,1064972.04
62,1987,1095645.08
62,1988,1061004.92
62,1989,1040746.05
62,1990,1016897.04
62,1991,935797.93
62,1992,927023.06
75,1961,3227.12
75,1962,3227.12
75,1963,3227.12
75,1964,3227.12
75,1965,2484.39
75,1966,5339.77
75,1967,4870.18
75,1968,5207.12
75,1969,5448.24
75,1970,7595.7
75,1971,5751.36
75,1972,5753.37
75,1973,5667.69
75,1974,5646.71
75,1975,6094.46
75,1976,6488.06
75,1977,2632.05
75,1978,4971.65
75,1979,7764.19
75,1980,16360.89
75,1981,3624.88
75,1982,5401.58
75,1983,6217.93
75,1984,5706.54
75,1985,6801.18
75,1986,8491.05
75,1987,7109.3
75,1988,5324.59
75,1989,6771.19
75,1990,9614.52
75,1991,6632.71
75,1992,10075.12
75,1993,9761.0
75,1994,7238.94
75,1995,7278.77
75,1996,9703.36
75,1997,11205.77
75,1998,12138.94
75,1999,14603.18
75,2000,20433.52
75,2001,22858.11
75,2002,20583.84
75,2003,24796.13
75,2004,19064.76
75,2005,20547.0
75,2006,23213.89
75,2007,22155.24
75,2008,22365.54
75,2009,22292.71
75,2010,24500.0
75,2011,25082.24
75,2012,24673.46
75,2013,24880.77
81,1961,65424.71
81,1962,68702.64
81,1963,71247.89
81,1964,75426.0
81,1965,58884.82
81,1966,83829.41
81,1967,63885.45
81,1968,54345.6
81,1969,53208.12
81,1970,82856.41
81,1971,120181.07
81,1972,126482.82
81,1973,109328.41
81,1974,116188.24
81,1975,88111.19
81,1976,121087.41
81,1977,97372.94
81,1978,82311.99
81,1979,104656.7
81,1980,94009.18
81,1981,80963.06
81,1982,82805.43
81,1983,77726.11
81,1984,105198.11
81,1985,101912.0
81,1986,83503.47
81,1987,127600.45
81,1988,111712.0
81,1989,111494.72
81,1990,117227.23
81,1991,159788.8
81,1992,171835.96
81,1993,217560.0
81,1994,213875.29
81,1995,238172.83
81,1996,234610.94
81,1997,219038.42
81,1998,228279.19
81,1999,222327.52
81,2000,183893.05
81,2001,186169.01
81,2002,183898.08
81,2003,202479.22
81,2004,190231.66
81,2005,200741.52
81,2006,211453.53
81,2007,103475.23
81,2008,218549.99
81,2009,231625.94
81,2010,214286.05
81,2011,189513.94
81,2012,184810.25
81,2013,169329.7
89,1961,2000.0
89,1962,2100.0
89,1963,2100.0
89,1964,2200.0
89,1965,2200.0
89,1966,2300.0
89,1967,2400.0
89,1968,2400.0
89,1969,2600.0
89,1970,2800.0
89,1971,4200.0
89,1972,4300.0
89,1973,4500.0
89,1974,6200.0
89,1975,9500.0
89,1976,9500.0
89,1977,9600.0
89,1978,9700.0
89,1979,9600.0
89,1980,13772.0
89,1981,15120.0
89,1982,13625.0
89,1983,14300.0
89,1984,16100.0
89,1985,17500.0
89,1986,17519.0
89,1987,17541.0
89,1988,20122.0
89,1989,17946.0
89,1990,18290.0
89,1991,17184.0
89,1992,12600.0
89,1993,12000.0
89,1994,11500.0
89,1995,12500.0
89,1996,11500.0
89,1997,11000.0
89,1998,8000.0
89,1999,6000.0
89,2000,5000.0
89,2001,5000.0
89,2002,5000.0
89,2003,5000.0
89,2004,7000.0
89,2005,6683.0
89,2006,11541.0
89,2007,8730.0
89,2008,9638.0
89,2009,11137.0
89,2010,11066.0
89,2011,11014.0
89,2012,10100.0
89,2013,10600.0
90,1961,19109.64
90,1962,21461.45
90,1963,15190.36
90,1964,19109.64
90,1965,19109.64
90,1966,19109.64
90,1967,19109.64
90,1968,19109.64
90,1969,19109.64
90,1970,19109.64
90,1971,19109.64
90,1972,19109.64
90,1973,19109.64
90,1974,21461.45
90,1975,19109.64
90,1976,19109.64
90,1977,19109.64
90,1978,16757.83
90,1979,19109.64
90,1980,19109.64
90,1981,19109.64
90,1982,19085.84
90,1983,19060.86
90,1984,27111.99
90,1985,27268.38
90,1986,24597.59
90,1987,21511.43
90,1988,18620.48
90,1989,19109.64
90,1990,18350.31
90,1991,14548.61
90,1992,10167.77
90,1993,2513.19
90,1994,2724.57
90,1995,3650.31
90,1996,4145.67
90,1997,3836.68
90,1998,3836.68
90,1999,3851.69
90,2000,3826.68
90,2001,3904.29
90,2002,4115.66
90,2003,4508.43
90,2004,4508.43
90,2005,4508.43
90,2006,4508.43
90,2007,4508.43
90,2008,4508.43
90,2009,4508.43
90,2010,4508.43
90,2011,4508.43
90,2012,4508.43
90,2013,4606.02
175,1961,2306.94
175,1962,2306.94
175,1963,2306.94
175,1964,2306.94
175,1965,2258.11
175,1966,3452.42
175,1967,3301.78
175,1968,3082.64
175,1969,2290.93
175,1970,2290.93
175,1971,1974.0
175,1972,2258.11
175,1973,3428.58
175,1974,3791.51
175,1975,4565.05
175,1976,6097.3
175,1977,9954.46
175,1978,12244.42
175,1979,11403.07
175,1980,14298.25
175,1981,15560.52
175,1982,24925.59
175,1983,17892.28
175,1984,22110.42
175,1985,17780.66
175,1986,16353.06
175,1987,12369.07
175,1988,13271.39
175,1989,11502.87
175,1990,8700.37
175,1991,10453.89
175,1992,8404.39
175,1993,10754.18
175,1994,11037.28
175,1995,12491.88
175,1996,17530.36
175,1997,9537.71
175,1998,8685.36
175,1999,11310.42
175,2000,16380.86
175,2001,11679.34
175,2002,11386.23
175,2003,7632.54
175,2004,11853.66
175,2005,18134.43
175,2006,19144.39
175,2007,11341.41
175,2008,14170.59
175,2009,11197.76
175,2010,13539.69
175,2011,14619.17
175,2012,18226.23
175,2013,20964.94
93,1961,134000.0
93,1962,134000.0
93,1963,134000.0
93,1964,135000.0
93,1965,136000.0
93,1966,136000.0
93,1967,136000.0
93,1968,136000.0
93,1969,135000.0
93,1970,134000.0
93,1971,135000.0
93,1972,137000.0
93,1973,113000.0
93,1974,113000.0
93,1975,113000.0
93,1976,112000.0
93,1977,92000.0
93,1978,82000.0
93,1979,100000.0
93,1980,91000.0
93,1981,105000.0
93,1982,100000.0
93,1983,100000.0
93,1984,105000.0
93,1985,105000.0
93,1986,115000.0
93,1987,120000.0
93,1988,130000.0
93,1989,120000.0
93,1990,85000.0
93,1991,80000.0
93,1992,80000.0
93,1993,80000.0
93,1994,60000.0
93,1995,40000.0
93,1996,40000.0
93,1997,45000.0
93,1998,45000.0
93,1999,45000.0
93,2000,40000.0
93,2001,25000.0
93,2002,25000.0
93,2003,25000.0
93,2004,30000.0
93,2005,40000.0
93,2006,40000.0
93,2007,40000.0
93,2008,40000.0
93,2009,40000.0
93,2010,50000.0
93,2011,50000.0
93,2012,40000.0
93,2013,40000.0
95,1961,17081.0
95,1962,15113.0
95,1963,16161.0
95,1964,15707.0
95,1965,16351.0
95,1966,13012.0
95,1967,14167.0
95,1968,13001.0
95,1969,12724.0
95,1970,15029.0
95,1971,15632.0
95,1972,16932.0
95,1973,15212.0
95,1974,19050.0
95,1975,20706.0
95,1976,19010.0
95,1977,19829.0
95,1978,11212.0
95,1979,11763.0
95,1980,10571.0
95,1981,10125.0
95,1982,10055.0
95,1983,10296.0
95,1984,13114.0
95,1985,13162.0
95,1986,14760.0
95,1987,8053.0
95,1988,19879.0
95,1989,10500.0
95,1990,5132.0
95,1991,9093.0
95,1992,7236.0
95,1993,9276.0
95,1994,8856.0
95,1995,7300.0
95,1996,20565.0
95,1997,26909.0
95,1998,29057.0
95,1999,21872.0
95,2000,20435.0
95,2001,20270.0
95,2002,21851.0
95,2003,21161.0
95,2004,22551.0
95,2005,23062.0
95,2006,28856.0
95,2007,10551.0
95,2008,33095.0
95,2009,26395.0
95,2010,16634.0
95,2011,16290.0
95,2012,17395.0
95,2013,16834.0
100,1961,7135745.26
100,1962,8651600.89
100,1963,8163536.84
100,1964,8591258.95
100,1965,6779461.05
100,1966,9708174.74
100,1967,11002793.21
100,1968,9079540.0
100,1969,8998954.74
100,1970,7225800.74
100,1971,6849894.74
100,1972,6183172.21
100,1973,9250201.05
100,1974,9931887.4
100,1975,8638253.52
100,1976,9733926.37
100,1977,10712019.95
100,1978,10148243.19
100,1979,10337313.66
100,1980,9258891.58
100,1981,10720605.02
100,1982,9549770.53
100,1983,10589731.76
100,1984,10161626.29
100,1985,8970443.16
100,1986,8131543.16
100,1987,10919984.98
100,1988,9026226.32
100,1989,11506178.95
100,1990,10367477.89
100,1991,7188385.26
100,1992,11350347.37
100,1993,10179615.76
100,1994,7651709.47
100,1995,8253629.47
100,1996,9745235.79
100,1997,6642336.47
100,1998,7431313.68
100,1999,7686240.0
100,2000,6626444.21
100,2001,6666004.95
100,2002,6212757.26
100,2003,6157017.48
100,2004,5833353.08
100,2005,6371783.81
100,2006,6749894.74
100,2007,6297276.44
100,2008,6968595.79
100,2009,6345021.7
100,2010,5805853.83
100,2011,6224118.53
100,2012,5175175.27
100,2013,4480723.16
110,1961,2000.0
110,1962,2000.0
110,1963,2000.0
110,1964,2000.0
110,1965,2000.0
110,1966,2000.0
110,1967,2000.0
110,1968,1000.0
110,1969,1000.0
110,1970,0.0
110,1971,0.0
110,1972,0.0
110,1973,0.0
110,1974,0.0
110,1975,0.0
110,1976,0.0
110,1977,0.0
110,1978,0.0
110,1979,0.0
110,1980,0.0
110,1981,0.0
110,1982,0.0
110,1983,0.0
110,1984,0.0
110,1985,0.0
110,1986,0.0
110,1987,0.0
110,1988,0.0
110,1989,0.0
110,1990,0.0
110,1991,0.0
110,1992,0.0
110,1993,0.0
110,1994,0.0
110,1995,0.0
110,1996,0.0
110,1997,0.0
110,1998,0.0
110,1999,0.0
110,2000,0.0
110,2001,0.0
110,2002,0.0
110,2003,0.0
110,2004,0.0
110,2005,0.0
110,2006,0.0
110,2007,0.0
110,2008,0.0
110,2009,0.0
110,2010,0.0
110,2011,0.0
110,2012,0.0
110,2013,0.0
114,1961,87752.75
114,1962,96451.25
114,1963,99717.01
114,1964,102213.75
114,1965,86573.75
114,1966,123891.25
114,1967,128350.0
114,1968,117992.5
114,1969,109746.0
114,1970,117964.51
114,1971,117923.75
114,1972,123411.25
114,1973,123392.5
114,1974,117435.51
114,1975,117260.24
114,1976,119748.26
114,1977,117847.01
114,1978,118403.75
114,1979,99167.26
114,1980,108606.74
114,1981,49679.24
114,1982,28092.25
114,1983,15860.24
114,1984,51284.76
114,1985,64043.5
114,1986,64783.5
114,1987,58689.51
114,1988,77434.0
114,1989,59215.25
114,1990,53135.25
114,1991,56507.26
114,1992,53987.5
114,1993,7322.01
114,1994,22458.75
114,1995,39322.12
114,1996,38157.95
114,1997,53329.26
114,1998,39087.71
114,1999,58081.98
114,2000,42895.76
114,2001,61779.0
114,2002,61255.0
114,2003,67912.99
114,2004,36362.74
114,2005,89900.0
114,2006,90485.73
114,2007,77692.99
114,2008,28100.25
114,2009,84059.75
114,2010,57960.49
114,2011,82523.24
114,2012,83282.99
114,2013,126442.99
122,1961,37087.37
122,1962,37524.13
122,1963,44648.24
122,1964,42522.76
122,1965,40577.76
122,1966,44923.53
122,1967,37833.23
122,1968,37785.42
122,1969,34530.3
122,1970,39719.43
122,1971,44174.81
122,1972,15461.7
122,1973,32230.36
122,1974,61345.25
122,1975,29115.47
122,1976,20477.65
122,1977,45768.29
122,1978,59610.0
122,1979,47282.82
122,1980,53374.49
122,1981,36753.56
122,1982,17531.05
122,1983,19861.79
122,1984,20690.84
122,1985,34000.53
122,1986,21535.04
122,1987,20691.7
122,1988,27556.35
122,1989,24686.19
122,1990,24594.37
122,1991,14748.56
122,1992,13801.57
122,1993,26405.88
122,1994,27096.04
122,1995,22650.65
122,1996,23630.65
122,1997,23189.04
122,1998,23458.19
122,1999,24770.28
122,2000,25855.93
122,2001,25506.83
122,2002,25312.37
122,2003,26146.88
122,2004,27399.17
122,2005,29008.06
122,2006,27225.71
122,2007,27652.28
122,2008,28059.06
122,2009,29566.48
122,2010,20938.77
122,2011,10049.3
122,2012,13377.05
122,2013,20207.23
129,1961,2755.0
129,1962,2759.0
129,1963,2756.0
129,1964,2715.0
129,1965,2469.0
129,1966,2851.0
129,1967,2872.0
129,1968,2849.0
129,1969,2760.0
129,1970,1789.0
129,1971,2098.0
129,1972,3006.0
129,1973,523.0
129,1974,1601.0
129,1975,2172.0
129,1976,164.0
129,1977,121.0
129,1978,1132.0
129,1979,965.0
129,1980,896.0
129,1981,1154.0
129,1982,1185.0
129,1983,1439.0
129,1984,3138.0
129,1985,1264.0
129,1986,1283.0
129,1987,1301.0
129,1988,1100.0
129,1989,1103.0
129,1990,1116.0
129,1991,1076.0
129,1992,1116.0
129,1993,1180.0
129,1994,910.0
129,1995,952.0
129,1996,971.0
129,1997,993.0
129,1998,940.0
129,1999,995.0
129,2000,812.0
129,2001,906.0
129,2002,884.0
129,2003,998.0
129,2004,1083.0
129,2005,1214.0
129,2006,1279.0
129,2007,5818.0
129,2008,896.0
129,2009,3741.0
129,2010,3581.0
129,2011,5682.0
129,2012,1873.0
129,2013,1776.0
130,1961,16309.21
130,1962,16732.21
130,1963,18604.21
130,1964,21178.11
130,1965,22609.42
130,1966,22785.84
130,1967,23997.52
130,1968,25954.47
130,1969,29086.84
130,1970,29121.9
130,1971,30531.87
130,1972,33538.56
130,1973,37933.42
130,1974,39465.36
130,1975,42280.58
130,1976,42296.21
130,1977,53536.59
130,1978,11967.12
130,1979,18946.97
130,1980,12371.32
130,1981,19328.8
130,1982,10354.74
130,1983,3039.77
130,1984,3600.88
130,1985,6945.37
130,1986,9022.43
130,1987,7671.21
130,1988,8174.6
130,1989,9695.33
130,1990,7278.73
130,1991,6679.0
130,1992,4479.78
130,1993,6302.32
130,1994,10696.0
130,1995,17045.0
130,1996,17468.0
130,1997,17196.0
130,1998,17450.0
130,1999,17403.0
130,2000,17142.0
130,2001,17549.11
130,2002,17159.79
130,2003,17213.95
130,2004,17378.95
130,2005,18008.95
130,2006,30247.0
130,2007,30763.0
130,2008,25912.0
130,2009,24977.1
130,2010,22067.58
130,2011,46321.78
130,2012,26754.0
130,2013,35787.74
133,1961,271616.47
133,1962,269157.06
133,1963,217941.78
133,1964,251567.89
133,1965,215001.78
133,1966,230838.24
133,1967,249832.34
133,1968,279908.07
133,1969,245744.71
133,1970,298329.75
133,1971,236356.47
133,1972,235181.01
133,1973,201498.23
133,1974,210375.89
133,1975,256161.76
133,1976,299624.71
133,1977,273516.82
133,1978,243520.59
133,1979,336649.41
133,1980,241320.28
133,1981,270333.53
133,1982,308462.71
133,1983,349326.56
133,1984,337122.97
133,1985,361079.59
133,1986,343835.53
133,1987,454223.43
133,1988,468044.22
133,1989,513992.59
133,1990,525370.83
133,1991,511395.53
133,1992,568146.73
133,1993,581120.98
133,1994,556570.2
133,1995,595476.06
133,1996,464235.88
133,1997,481773.22
133,1998,477297.81
133,1999,460856.58
133,2000,459590.48
133,2001,470935.51
133,2002,497220.23
133,2003,506962.24
133,2004,521784.35
133,2005,538433.87
133,2006,566130.2
133,2007,622453.62
133,2008,649860.58
133,2009,665727.7
133,2010,743004.11
133,2011,708484.46
133,2012,736741.26
133,2013,759837.73
136,1961,61089.0
136,1962,62677.0
136,1963,63414.0
136,1964,63456.0
136,1965,68713.81
136,1966,71326.0
136,1967,71326.0
136,1968,69519.49
136,1969,69342.12
136,1970,42400.0
136,1971,41136.0
136,1972,38409.0
136,1973,42854.57
136,1974,37503.33
136,1975,35915.0
136,1976,37282.61
136,1977,32957.34
136,1978,38277.0
136,1979,32490.0
136,1980,32104.0
136,1981,41959.0
136,1982,39848.0
136,1983,37719.0
136,1984,38500.0
136,1985,47103.0
136,1986,45650.0
136,1987,49948.0
136,1988,54694.0
136,1989,56889.0
136,1990,55067.0
136,1991,44289.0
136,1992,35380.0
136,1993,78577.0
136,1994,94271.0
136,1995,106274.0
136,1996,116102.01
136,1997,41656.0
136,1998,43414.0
136,1999,65323.0
136,2000,55292.0
136,2001,28997.0
136,2002,25472.0
136,2003,71877.0
136,2004,15069.0
136,2005,65147.0
136,2006,57050.0
136,2007,57779.0
136,2008,57776.0
136,2009,59015.0
136,2010,71263.0
136,2011,62648.0
136,2012,66351.0
136,2013,70273.0
143,1961,24557.0
143,1962,52213.0
143,1963,41600.0
143,1964,49840.0
143,1965,43233.0
143,1966,31577.0
143,1967,32470.0
143,1968,44349.0
143,1969,33398.0
143,1970,34767.0
143,1971,36496.0
143,1972,37006.0
143,1973,36504.0
143,1974,34891.0
143,1975,23499.0
143,1976,27922.0
143,1977,24706.0
143,1978,25137.0
143,1979,22111.0
143,1980,19999.0
143,1981,18354.0
143,1982,20229.0
143,1983,16793.0
143,1984,17573.0
143,1985,17399.0
143,1986,14148.0
143,1987,17393.0
143,1988,21028.0
143,1989,22266.0
143,1990,21030.0
143,1991,17879.0
143,1992,22149.0
143,1993,14661.0
143,1994,16775.0
143,1995,1121.0
143,1996,22862.0
143,1997,8158.0
143,1998,31518.0
143,1999,70986.0
143,2000,8190.0
143,2001,6923.0
143,2002,5692.0
143,2003,10086.0
143,2004,10508.0
143,2005,8004.0
143,2006,7151.0
143,2007,8551.0
143,2008,16555.0
143,2009,30858.0
143,2010,45698.0
143,2011,26521.0
143,2012,612.0
143,2013,0.0
144,1961,151149.0
144,1962,154878.0
144,1963,156706.0
144,1964,160644.0
144,1965,163347.0
144,1966,164320.0
144,1967,167904.0
144,1968,169882.0
144,1969,184064.0
144,1970,173600.0
144,1971,183002.0
144,1972,186645.0
144,1973,190288.0
144,1974,192110.0
144,1975,160232.0
144,1976,223988.01
144,1977,205772.0
144,1978,178239.0
144,1979,127080.0
144,1980,167805.0
144,1981,174488.0
144,1982,167854.0
144,1983,176517.0
144,1984,194733.0
144,1985,221760.0
144,1986,238729.0
144,1987,177705.0
144,1988,120643.0
144,1989,150652.0
144,1990,152591.0
144,1991,134886.0
144,1992,83229.0
144,1993,128075.0
144,1994,150567.0
144,1995,215473.0
144,1996,220980.99
144,1997,223051.0
144,1998,223999.0
144,1999,222783.99
144,2000,171446.0
144,2001,155766.0
144,2002,138391.0
144,2003,159887.0
144,2004,159769.0
144,2005,152545.0
144,2006,193243.0
144,2007,219828.0
144,2008,236133.0
144,2009,251260.0
144,2010,266803.99
144,2011,268432.0
144,2012,272184.0
144,2013,271440.0
28,1961,0.0
28,1962,0.0
28,1963,0.0
28,1964,0.0
28,1965,0.0
28,1966,0.0
28,1967,0.0
28,1968,0.0
28,1969,0.0
28,1970,0.0
28,1971,0.0
28,1972,0.0
28,1973,0.0
28,1974,0.0
28,1975,0.0
28,1976,0.0
28,1977,0.0
28,1978,0.0
28,1979,0.0
28,1980,0.0
28,1981,0.0
28,1982,0.0
28,1983,0.0
28,1984,0.0
28,1985,0.0
28,1986,0.0
28,1987,0.0
28,1988,0.0
28,1989,0.0
28,1990,0.0
28,1991,0.0
28,1992,0.0
28,1993,0.0
28,1994,0.0
28,1995,0.0
28,1996,0.0
28,1997,59000.0
28,1998,52700.0
28,1999,59430.0
28,2000,59850.0
28,2001,56070.0
28,2002,58650.0
28,2003,62520.0
28,2004,64030.0
28,2005,75990.0
28,2006,75010.0
28,2007,68560.0
28,2008,69050.0
28,2009,79738.0
28,2010,81192.0
28,2011,81539.0
28,2012,77310.0
28,2013,77685.0
147,1961,2252.0
147,1962,1445.0
147,1963,1360.0
147,1964,2150.0
147,1965,2295.0
147,1966,2440.0
147,1967,2584.0
147,1968,2728.0
147,1969,2890.0
147,1970,3034.0
147,1971,3179.0
147,1972,3324.0
147,1973,3468.0
147,1974,3612.0
147,1975,3757.0
147,1976,3902.0
147,1977,4046.0
147,1978,4208.0
147,1979,4352.0
147,1980,4496.0
147,1981,4641.0
147,1982,4802.0
147,1983,4947.0
147,1984,5108.0
147,1985,5270.0
147,1986,5334.0
147,1987,5478.0
147,1988,5720.0
147,1989,5880.0
147,1990,5074.0
147,1991,5664.0
147,1992,4496.0
147,1993,4828.0
147,1994,7582.0
147,1995,2604.0
147,1996,5178.0
147,1997,6527.0
147,1998,2032.0
147,1999,2820.0
147,2000,4843.0
147,2001,4941.0
147,2002,5408.0
147,2003,5687.0
147,2004,5812.0
147,2005,4859.0
147,2006,3690.0
147,2007,3084.0
147,2008,3208.0
147,2009,3431.0
147,2010,3719.0
147,2011,3685.0
147,2012,5620.0
147,2013,5596.0
149,1961,0.0
149,1962,0.0
149,1963,0.0
149,1964,0.0
149,1965,0.0
149,1966,0.0
149,1967,0.0
149,1968,0.0
149,1969,0.0
149,1970,0.0
149,1971,0.0
149,1972,0.0
149,1973,0.0
149,1974,0.0
149,1975,0.0
149,1976,0.0
149,1977,0.0
149,1978,0.0
149,1979,0.0
149,1980,0.0
149,1981,0.0
149,1982,0.0
149,1983,0.0
149,1984,0.0
149,1985,0.0
149,1986,0.0
149,1987,0.0
149,1988,0.0
149,1989,0.0
149,1990,4.0
149,1991,0.0
149,1992,0.0
149,1993,0.0
149,1994,0.0
149,1995,0.0
149,1996,0.0
149,1997,0.0
149,1998,0.0
149,1999,31.0
149,2000,0.0
149,2001,0.0
149,2002,0.0
149,2003,38.0
149,2004,237.0
149,2005,11.0
149,2006,243.0
149,2007,0.0
149,2008,42.0
149,2009,1.0
149,2010,0.0
149,2011,4.0
149,2012,4.0
149,2013,2.0
157,1961,19200.0
157,1962,18900.0
157,1963,17300.0
157,1964,19100.0
157,1965,18500.0
157,1966,19500.0
157,1967,21500.0
157,1968,20500.0
157,1969,23200.0
157,1970,25200.0
157,1971,22600.0
157,1972,20024.21
157,1973,16964.21
157,1974,22661.05
157,1975,24000.0
157,1976,20596.84
157,1977,21300.0
157,1978,30698.95
157,1979,23930.53
157,1980,34400.0
157,1981,37598.95
157,1982,33970.53
157,1983,43493.68
157,1984,40292.63
157,1985,44500.0
157,1986,45000.0
157,1987,42000.0
157,1988,46000.0
157,1989,36000.0
157,1990,7387.0
157,1991,7085.0
157,1992,9262.0
157,1993,10276.0
157,1994,9650.0
157,1995,7402.0
157,1996,12998.0
157,1997,9785.0
157,1998,8186.0
157,1999,7575.0
157,2000,8173.0
157,2001,8924.0
157,2002,11809.0
157,2003,11614.0
157,2004,9668.0
157,2005,9156.0
157,2006,7335.0
157,2007,10794.0
157,2008,7505.0
157,2009,5895.0
157,2010,5900.0
157,2011,9183.0
157,2012,9880.0
157,2013,8962.0
158,1961,109428.0
158,1962,108211.0
158,1963,128100.0
158,1964,143338.0
158,1965,215344.0
158,1966,194422.0
158,1967,206868.0
158,1968,232974.0
158,1969,185374.0
158,1970,203071.0
158,1971,202805.0
158,1972,197460.0
158,1973,205128.0
158,1974,209262.0
158,1975,197990.0
158,1976,234630.01
158,1977,226682.0
158,1978,262220.0
158,1979,276928.0
158,1980,267244.0
158,1981,279182.99
158,1982,258443.0
158,1983,263752.0
158,1984,228977.01
158,1985,263182.0
158,1986,271060.0
158,1987,287511.0
158,1988,308035.01
158,1989,346865.99
158,1990,284866.0
158,1991,294102.99
158,1992,308184.99
158,1993,279289.99
158,1994,327780.99
158,1995,334326.99
158,1996,345089.0
158,1997,279314.01
158,1998,312166.99
158,1999,337881.99
158,2000,390059.0
158,2001,454941.99
158,2002,353958.0
158,2003,451262.99
158,2004,494670.01
158,2005,528852.99
158,2006,571215.0
158,2007,615798.99
158,2008,656542.02
158,2009,701207.0
158,2010,758076.99
158,2011,783248.98
158,2012,810588.0
158,2013,854213.0
159,1961,2731111.45
159,1962,3108053.66
159,1963,2789402.03
159,1964,2902903.53
159,1965,2455770.31
159,1966,2305490.32
159,1967,2318503.53
159,1968,2372527.06
159,1969,2334169.41
159,1970,2501275.01
159,1971,2347678.19
159,1972,2323780.53
159,1973,2139543.28
159,1974,2561220.59
159,1975,2279159.09
159,1976,2322221.18
159,1977,2277486.14
159,1978,1668822.35
159,1979,1938177.65
159,1980,2592162.95
159,1981,2364995.29
159,1982,2624034.12
159,1983,2557637.65
159,1984,3214225.51
159,1985,3458340.4
159,1986,3770203.53
159,1987,3798340.3
159,1988,3651011.35
159,1989,3288878.82
159,1990,2949725.38
159,1991,3722331.02
159,1992,3882867.79
159,1993,3810470.15
159,1994,4708654.66
159,1995,4490568.24
159,1996,5139154.12
159,1997,5147546.47
159,1998,5231570.01
159,1999,4958138.82
159,2000,5451247.61
159,2001,4917367.67
159,2002,5374978.26
159,2003,5581134.12
159,2004,5538011.76
159,2005,5510126.43
159,2006,5551296.47
159,2007,5647324.06
159,2008,5706640.0
159,2009,5830698.82
159,2010,5499513.57
159,2011,5531354.12
159,2012,5481608.87
159,2013,5320412.94
165,1961,213460.0
165,1962,203755.29
165,1963,198171.04
165,1964,251742.11
165,1965,235456.31
165,1966,237620.0
165,1967,247724.41
165,1968,219945.1
165,1969,239738.31
165,1970,277551.01
165,1971,261203.0
165,1972,257324.0
165,1973,320948.95
165,1974,265520.0
165,1975,243168.17
165,1976,220443.88
165,1977,241559.15
165,1978,218618.32
165,1979,209887.37
165,1980,185202.2
165,1981,179240.48
165,1982,191894.0
165,1983,191994.0
165,1984,199911.99
165,1985,188756.0
165,1986,205548.0
165,1987,153916.0
165,1988,214563.0
165,1989,227650.01
165,1990,207387.99
165,1991,193982.01
165,1992,207266.0
165,1993,182333.01
165,1994,228704.0
165,1995,221928.01
165,1996,189487.99
165,1997,200522.99
165,1998,197872.01
165,1999,191288.01
165,2000,189312.01
165,2001,192654.99
165,2002,174400.0
165,2003,208140.0
165,2004,162754.0
165,2005,131718.0
165,2006,156659.0
165,2007,147963.99
165,2008,143324.0
165,2009,136693.0
165,2010,145184.99
165,2011,119720.0
165,2012,107308.0
165,2013,103422.0
185,1992,0.0
185,1993,0.0
185,1994,0.0
185,1995,0.0
185,1996,0.0
185,1997,0.0
185,1998,0.0
185,1999,0.0
185,2000,0.0
185,2001,0.0
185,2002,0.0
185,2003,0.0
185,2004,0.0
185,2005,92.22
185,2006,246.67
185,2007,588.89
185,2008,586.67
185,2009,610.0
185,2010,960.0
185,2011,1230.0
185,2012,852.22
185,2013,1865.56
184,1961,76218.0
184,1962,103117.0
184,1963,112478.0
184,1964,111864.0
184,1965,102991.84
184,1966,104008.74
184,1967,109765.64
184,1968,102697.42
184,1969,94824.69
184,1970,106452.16
184,1971,109608.9
184,1972,106365.62
184,1973,107493.1
184,1974,96450.31
184,1975,99188.31
184,1976,111601.73
184,1977,118767.47
184,1978,129510.42
184,1979,129021.69
184,1980,127173.19
184,1981,139458.53
184,1982,144964.57
184,1983,147898.31
184,1984,139977.32
184,1985,148491.06
184,1986,151347.05
184,1987,143955.05
184,1988,131327.04
184,1989,122084.04
184,1990,114281.05
184,1991,111101.05
184,1992,105709.06
184,1993,90935.05
184,1994,81505.05
184,1995,78191.06
184,1996,75917.05
184,1997,90187.06
184,1998,86031.04
184,1999,87279.06
184,2000,117985.06
184,2001,132517.05
184,2002,134621.05
184,2003,132584.04
184,2004,122360.05
184,2005,148564.04
184,2006,142823.06
184,2007,128551.04
184,2008,127158.05
184,2009,123728.05
184,2010,132084.06
184,2011,125146.05
184,2012,120867.65
184,2013,116660.3
194,1961,136647.12
194,1962,150984.64
194,1963,154665.26
194,1964,159082.73
194,1965,158749.21
194,1966,163110.4
194,1967,172049.42
194,1968,171718.33
194,1969,152297.28
194,1970,129988.22
194,1971,109500.7
194,1972,40608.38
194,1973,17573.68
194,1974,99244.4
194,1975,112084.58
194,1976,142037.31
194,1977,120496.84
194,1978,131465.21
194,1979,154148.26
194,1980,129903.0
194,1981,85064.0
194,1982,56413.0
194,1983,55824.0
194,1984,32461.0
194,1985,39820.0
194,1986,41140.0
194,1987,110557.0
194,1988,119643.85
194,1989,119737.3
194,1990,159474.0
194,1991,109178.0
194,1992,135925.99
194,1993,162608.0
194,1994,171668.0
194,1995,192545.01
194,1996,196378.0
194,1997,194388.0
194,1998,185243.01
194,1999,190865.01
194,2000,197328.0
194,2001,231933.95
194,2002,224752.99
194,2003,226858.01
194,2004,267227.01
194,2005,199855.99
194,2006,234322.99
194,2007,220894.01
194,2008,237070.99
194,2009,230786.01
194,2010,107233.0
194,2011,110240.0
194,2012,111442.0
194,2013,103627.0
195,1961,63626.17
195,1962,74004.59
195,1963,90016.53
195,1964,96225.46
195,1965,86475.29
195,1966,80093.89
195,1967,81684.1
195,1968,85067.54
195,1969,95205.62
195,1970,93207.64
195,1971,83055.72
195,1972,79625.13
195,1973,113587.35
195,1974,132067.72
195,1975,120614.81
195,1976,105598.7
195,1977,110382.06
195,1978,141309.3
195,1979,117634.98
195,1980,104856.99
195,1981,128377.01
195,1982,126375.18
195,1983,117011.76
195,1984,159549.52
195,1985,173026.4
195,1986,135907.89
195,1987,94338.13
195,1988,92549.76
195,1989,110129.99
195,1990,135432.06
195,1991,94701.23
195,1992,99869.35
195,1993,82435.64
195,1994,104421.4
195,1995,105857.84
195,1996,106254.77
195,1997,92611.59
195,1998,92840.86
195,1999,117958.95
195,2000,114607.18
195,2001,118786.31
195,2002,91282.64
195,2003,153300.6
195,2004,100985.82
195,2005,119668.63
195,2006,99700.11
195,2007,99632.35
195,2008,101895.21
195,2009,117547.1
195,2010,119748.68
195,2011,131481.84
195,2012,142705.41
195,2013,150422.2
197,1961,7240.77
197,1962,7229.93
197,1963,7237.94
197,1964,7162.12
197,1965,7134.12
197,1966,6207.95
197,1967,5266.77
197,1968,4636.87
197,1969,4319.75
197,1970,3680.72
197,1971,3741.52
197,1972,3802.35
197,1973,3860.17
197,1974,3923.99
197,1975,3933.83
197,1976,4522.06
197,1977,6311.76
197,1978,6801.18
197,1979,6801.18
197,1980,6801.18
197,1981,6771.19
197,1982,6311.76
197,1983,5830.01
197,1984,8634.69
197,1985,11230.59
197,1986,12210.59
197,1987,12034.12
197,1988,11087.95
197,1989,11361.23
197,1990,11908.64
197,1991,13054.12
197,1992,12128.93
197,1993,12611.36
197,1994,14660.17
197,1995,13984.13
197,1996,9786.17
197,1997,12039.11
197,1998,11761.83
197,1999,10964.48
197,2000,4807.35
197,2001,7773.34
197,2002,11225.59
197,2003,12804.82
197,2004,16059.77
197,2005,13857.65
197,2006,10818.82
197,2007,12032.28
197,2008,13927.29
197,2009,18324.88
197,2010,21572.82
197,2011,21991.76
197,2012,18287.06
197,2013,18287.06
202,1961,109519.68
202,1962,110458.06
202,1963,111704.54
202,1964,116440.57
202,1965,118499.94
202,1966,105812.28
202,1967,101772.02
202,1968,110684.35
202,1969,105337.09
202,1970,113071.46
202,1971,117570.45
202,1972,110078.33
202,1973,115780.35
202,1974,102070.95
202,1975,111416.19
202,1976,114722.71
202,1977,113725.11
202,1978,110769.2
202,1979,114376.35
202,1980,120533.07
202,1981,105415.37
202,1982,73227.43
202,1983,70219.64
202,1984,28613.19
202,1985,14270.68
202,1986,14172.93
202,1987,0.0
202,1988,27413.79
202,1989,33438.54
202,1990,62474.58
202,1991,63539.33
202,1992,67791.21
202,1993,68852.46
202,1994,74476.19
202,1995,73419.17
202,1996,71634.44
202,1997,69853.66
202,1998,66342.68
202,1999,63851.74
202,2000,78376.81
202,2001,80476.77
202,2002,64566.04
202,2003,59610.51
202,2004,69180.75
202,2005,80949.97
202,2006,72354.87
202,2007,75183.56
202,2008,67108.43
202,2009,75121.76
202,2010,72575.58
202,2011,72323.07
202,2012,38828.76
202,2013,71210.0
203,1961,0.0
203,1962,0.0
203,1963,0.0
203,1964,0.0
203,1965,0.0
203,1966,0.0
203,1967,0.0
203,1968,0.0
203,1969,0.0
203,1970,0.0
203,1971,0.0
203,1972,0.0
203,1973,0.0
203,1974,0.0
203,1975,0.0
203,1976,0.0
203,1977,0.0
203,1978,0.0
203,1979,0.0
203,1980,0.0
203,1981,0.0
203,1982,1000.0
203,1983,1000.0
203,1984,1000.0
203,1985,1000.0
203,1986,0.0
203,1987,0.0
203,1988,0.0
203,1989,0.0
203,1990,0.0
203,1991,0.0
203,1992,0.0
203,1993,0.0
203,1994,0.0
203,1995,0.0
203,1996,0.0
203,1997,0.0
203,1998,0.0
203,1999,0.0
203,2000,0.0
203,2001,0.0
203,2002,0.0
203,2003,0.0
203,2004,0.0
203,2005,0.0
203,2006,0.0
203,2007,0.0
203,2008,0.0
203,2009,0.0
203,2010,0.0
203,2011,0.0
203,2012,0.0
203,2013,0.0
38,1961,1236.0
38,1962,1392.0
38,1963,1072.0
38,1964,764.0
38,1965,1311.0
38,1966,1226.0
38,1967,968.0
38,1968,618.0
38,1969,767.0
38,1970,505.0
38,1971,523.0
38,1972,473.0
38,1973,1043.0
38,1974,3512.0
38,1975,5303.0
38,1976,3186.0
38,1977,2097.0
38,1978,2234.0
38,1979,1052.0
38,1980,476.0
38,1981,572.0
38,1982,285.0
38,1983,378.0
38,1984,572.0
38,1985,359.0
38,1986,164.0
38,1987,59.0
38,1988,38.0
38,1989,28.0
38,1990,48.0
38,1991,81.0
38,1992,98.0
38,1993,14437.0
38,1994,92.0
38,1995,17969.0
38,1996,1887.0
38,1997,782.0
38,1998,73.0
38,1999,133.0
38,2000,113.0
38,2001,48.0
38,2002,142.0
38,2003,189.0
38,2004,261.0
38,2005,223.0
38,2006,165.0
38,2007,155.0
38,2008,14931.0
38,2009,22309.0
38,2010,2286.0
38,2011,94.0
38,2012,87.0
38,2013,136.0
276,2012,2418534.95
276,2013,2793785.03
206,1961,741434.04
206,1962,1024648.0
206,1963,896604.35
206,1964,955815.45
206,1965,718078.63
206,1966,491023.97
206,1967,859066.2
206,1968,1002337.54
206,1969,1124583.08
206,1970,1129739.88
206,1971,1176066.03
206,1972,1173095.94
206,1973,1251035.28
206,1974,1357691.55
206,1975,1318420.25
206,1976,1390312.73
206,1977,1353320.96
206,1978,1666130.18
206,1979,1515418.27
206,1980,1527864.78
206,1981,1646690.71
206,1982,1526089.5
206,1983,1774301.69
206,1984,1536666.83
206,1985,1962692.65
206,1986,1989372.47
206,1987,1896067.78
206,1988,2224404.2
206,1989,2096344.44
206,1990,2143184.26
206,1991,2335957.52
206,1992,2436115.29
206,1993,2714787.78
206,1994,2647118.07
206,1995,2722149.48
206,1996,2813429.19
206,1997,2937035.24
206,1998,2834704.75
206,1999,2883341.6
206,2000,2717729.71
206,2001,2838804.44
206,2002,2612718.87
206,2003,2793493.43
206,2004,2625162.22
206,2005,2641107.24
206,2006,2762614.44
206,2007,2924511.9
206,2008,2985748.1
206,2009,3089814.11
206,2010,3151241.88
206,2011,3164943.25
209,1961,11025.0
209,1962,7175.0
209,1963,5208.0
209,1964,3527.0
209,1965,3299.0
209,1966,3572.0
209,1967,3089.0
209,1968,3201.0
209,1969,3605.0
209,1970,4764.0
209,1971,5768.0
209,1972,4686.0
209,1973,4605.0
209,1974,4925.0
209,1975,4611.0
209,1976,5157.0
209,1977,3042.0
209,1978,3318.0
209,1979,4057.0
209,1980,3956.0
209,1981,732.0
209,1982,463.0
209,1983,267.0
209,1984,1764.0
209,1985,1474.0
209,1986,2488.0
209,1987,1320.0
209,1988,365.0
209,1989,490.0
209,1990,651.0
209,1991,255.0
209,1992,254.0
209,1993,215.0
209,1994,504.0
209,1995,930.0
209,1996,650.0
209,1997,1476.0
209,1998,1484.0
209,1999,1694.0
209,2000,5768.0
209,2001,2663.0
209,2002,473.0
209,2003,434.0
209,2004,538.0
209,2005,584.0
209,2006,1439.0
209,2007,2160.0
209,2008,225.0
209,2009,220.0
209,2010,234.0
209,2011,192.0
209,2012,221.0
209,2013,190.0
217,1961,0.0
217,1962,0.0
217,1963,0.0
217,1964,0.0
217,1965,0.0
217,1966,0.0
217,1967,0.0
217,1968,0.0
217,1969,0.0
217,1970,0.0
217,1971,0.0
217,1972,0.0
217,1973,0.0
217,1974,0.0
217,1975,0.0
217,1976,0.0
217,1977,0.0
217,1978,61719.17
217,1979,55453.23
217,1980,70247.89
217,1981,76792.94
217,1982,64406.89
217,1983,66197.24
217,1984,76578.65
217,1985,97735.87
217,1986,66556.36
217,1987,102286.94
217,1988,83513.31
217,1989,80011.05
217,1990,100645.88
217,1991,100249.12
217,1992,105972.63
217,1993,83412.65
217,1994,95224.48
217,1995,73538.99
217,1996,116841.46
217,1997,105005.48
217,1998,104914.84
217,1999,96427.92
217,2000,112032.11
217,2001,104501.24
217,2002,104551.88
217,2003,93760.89
217,2004,104869.01
217,2005,134978.89
217,2006,147577.22
217,2007,138582.75
217,2008,139400.29
217,2009,141720.07
217,2010,147588.24
217,2011,155409.23
217,2012,159676.18
217,2013,165578.2
222,1961,1653.48
222,1962,3126.25
222,1963,3866.25
222,1964,5233.75
222,1965,4777.5
222,1966,4321.25
222,1967,6300.27
222,1968,5933.75
222,1969,5584.24
222,1970,6055.25
222,1971,6541.25
222,1972,8463.26
222,1973,6109.24
222,1974,6213.51
222,1975,6395.0
222,1976,6476.74
222,1977,6289.49
222,1978,5063.26
222,1979,5363.99
222,1980,6041.25
222,1981,4146.01
222,1982,4323.26
222,1983,3162.25
222,1984,6724.49
222,1985,7020.49
222,1986,4376.01
222,1987,4546.74
222,1988,3570.76
222,1989,10021.01
222,1990,9658.5
222,1991,1901.25
222,1992,1833.51
222,1993,2648.24
222,1994,1877.26
222,1995,3097.26
222,1996,1601.5
222,1997,1106.5
222,1998,1313.75
222,1999,1249.0
222,2000,1058.51
222,2001,1094.51
222,2002,3049.51
222,2003,2284.75
222,2004,2932.01
222,2005,2900.0
222,2006,2003.75
222,2007,3663.24
222,2008,5058.26
222,2009,4378.02
222,2010,6032.26
222,2011,5300.49
222,2012,4851.25
222,2013,6783.26
226,1961,84792.0
226,1962,83808.0
226,1963,83680.0
226,1964,84648.0
226,1965,81488.0
226,1966,83240.0
226,1967,83000.0
226,1968,81120.0
226,1969,74393.0
226,1970,96156.0
226,1971,139544.0
226,1972,106636.01
226,1973,126476.01
226,1974,119464.0
226,1975,101517.99
226,1976,143838.99
226,1977,121046.0
226,1978,106076.0
226,1979,108716.0
226,1980,98440.0
226,1981,92000.0
226,1982,98316.0
226,1983,79768.0
226,1984,123155.0
226,1985,84816.0
226,1986,96653.0
226,1987,98004.0
226,1988,107309.0
226,1989,108097.0
226,1990,112261.0
226,1991,113160.0
226,1992,116939.99
226,1993,120751.99
226,1994,120016.0
226,1995,110211.0
226,1996,101566.0
226,1997,92174.0
226,1998,123029.0
226,1999,131689.0
226,2000,114887.99
226,2001,131864.99
226,2002,133995.99
226,2003,131889.99
226,2004,136080.0
226,2005,163070.99
226,2006,169051.99
226,2007,167344.99
226,2008,142849.0
226,2009,128802.0
226,2010,135665.0
226,2011,153003.0
226,2012,113275.0
226,2013,83431.0
215,1961,77888.0
215,1962,75785.0
215,1963,77022.0
215,1964,58074.0
215,1965,63290.0
215,1966,68547.0
215,1967,60833.0
215,1968,69533.0
215,1969,61554.0
215,1970,73316.0
215,1971,63522.0
215,1972,74456.0
215,1973,82334.0
215,1974,82436.0
215,1975,105875.0
215,1976,126749.99
215,1977,148749.99
215,1978,193150.01
215,1979,274114.99
215,1980,219149.99
215,1981,184578.01
215,1982,251628.01
215,1983,205552.0
215,1984,196855.99
215,1985,269220.0
215,1986,283456.99
215,1987,273954.99
215,1988,174348.01
215,1989,231996.0
215,1990,199660.0
215,1991,264157.01
215,1992,253524.0
215,1993,263046.99
215,1994,250934.99
215,1995,290240.0
215,1996,299852.02
215,1997,314016.02
215,1998,283260.99
215,1999,257799.0
215,2000,258366.0
215,2001,299286.99
215,2002,201305.0
215,2003,143017.0
215,2004,254000.0
215,2005,284321.99
215,2006,278872.01
215,2007,388035.02
215,2008,252482.0
215,2009,322492.01
215,2010,345408.99
215,2011,347723.01
215,2012,355952.02
215,2013,360595.0
231,1961,0.0
231,1962,0.0
231,1963,0.0
231,1964,0.0
231,1965,0.0
231,1966,0.0
231,1967,0.0
231,1968,0.0
231,1969,0.0
231,1970,0.0
231,1971,0.0
231,1972,0.0
231,1973,0.0
231,1974,0.0
231,1975,148500.0
231,1976,151250.0
231,1977,148800.0
231,1978,148700.0
231,1979,146850.0
231,1980,124160.0
231,1981,99360.0
231,1982,106915.0
231,1983,102575.0
231,1984,110000.0
231,1985,112230.0
231,1986,12500.0
231,1987,1000.0
231,1988,28580.0
231,1989,174680.0
231,1990,255770.0
231,1991,272200.0
231,1992,337840.0
231,1993,351370.0
231,1994,444820.0
231,1995,225490.0
231,1996,252500.0
231,1997,300500.0
231,1998,299000.0
231,1999,304500.0
231,2000,308000.0
231,2001,308000.0
231,2002,308000.0
231,2003,280000.0
231,2004,250000.0
231,2005,230000.0
231,2006,235000.0
231,2007,247000.0
231,2008,254000.0
231,2009,227000.0
231,2010,212000.0
231,2011,208000.0
231,2012,210000.0
231,2013,236000.0
249,1961,618124.98
249,1962,621250.0
249,1963,639875.0
249,1964,618075.02
249,1965,613075.02
249,1966,597250.0
249,1967,617990.0
249,1968,598250.0
249,1969,563848.02
249,1970,570255.0
249,1971,592640.0
249,1972,588456.0
249,1973,548030.0
249,1974,576634.99
249,1975,589626.0
249,1976,607353.98
249,1977,559175.98
249,1978,532809.0
249,1979,515472.0
249,1980,506228.0
249,1981,348528.0
249,1982,391762.01
249,1983,517608.0
249,1984,447695.99
249,1985,379059.01
249,1986,383530.0
249,1987,441365.02
249,1988,525000.0
249,1989,487416.98
249,1990,436560.0
249,1991,231162.0
249,1992,433635.01
249,1993,448115.02
249,1994,420006.99
249,1995,439817.0
249,1996,359820.0
249,1997,335342.0
249,1998,390465.0
249,1999,328261.0
249,2000,304694.99
249,2001,336238.0
249,2002,265242.0
249,2003,254105.0
249,2004,282095.0
249,2005,315662.02
249,2006,343240.0
249,2007,371938.02
249,2008,375009.01
249,2009,376666.01
249,2010,401903.01
249,2011,387169.01
249,2012,432991.99
249,2013,413594.01
251,1961,29580.0
251,1962,30015.0
251,1963,29775.0
251,1964,31432.0
251,1965,36488.0
251,1966,36402.0
251,1967,35418.0
251,1968,33705.0
251,1969,31875.0
251,1970,30683.0
251,1971,32799.0
251,1972,34441.0
251,1973,27380.0
251,1974,19814.0
251,1975,25239.0
251,1976,29656.0
251,1977,21043.0
251,1978,22754.0
251,1979,16425.0
251,1980,11152.0
251,1981,9094.0
251,1982,9191.0
251,1983,8123.0
251,1984,9033.0
251,1985,9846.0
251,1986,22998.0
251,1987,21155.0
251,1988,19106.0
251,1989,19059.0
251,1990,16797.0
251,1991,12510.0
251,1992,9883.0
251,1993,19358.0
251,1994,23062.0
251,1995,34056.0
251,1996,23522.0
251,1997,20183.0
251,1998,20188.0
251,1999,17815.0
251,2000,20112.0
251,2001,17793.0
251,2002,12838.0
251,2003,20732.0
251,2004,17931.0
251,2005,20604.0
251,2006,23048.0
251,2007,20736.0
251,2008,19831.0
251,2009,21674.0
251,2010,18380.0
251,2011,20139.0
251,2012,10306.0
251,2013,9824.0
181,1961,41426.0
181,1962,42105.0
181,1963,35455.0
181,1964,35525.0
181,1965,32830.0
181,1966,68231.83
181,1967,72374.0
181,1968,79402.0
181,1969,60368.0
181,1970,82395.0
181,1971,83508.0
181,1972,83998.0
181,1973,36283.0
181,1974,119382.0
181,1975,84486.47
181,1976,92640.42
181,1977,33083.53
181,1978,47729.29
181,1979,30732.0
181,1980,51799.0
181,1981,80436.47
181,1982,37483.0
181,1983,31184.0
181,1984,39415.11
181,1985,43829.52
181,1986,54265.94
181,1987,56067.95
181,1988,56712.67
181,1989,65627.63
181,1990,69109.0
181,1991,44134.59
181,1992,48716.0
181,1993,54333.0
181,1994,53903.0
181,1995,36415.0
181,1996,53594.0
181,1997,53584.0
181,1998,76041.0
181,1999,52094.0
181,2000,54213.0
181,2001,52867.0
181,2002,56658.0
181,2003,48793.0
181,2004,85241.0
181,2005,81164.0
181,2006,90571.7
181,2007,89452.0
181,2008,90826.0
181,2009,90388.0
181,2010,86442.0
181,2011,88935.0
181,2012,56739.0
181,2013,57459.0
5000,1961,20346505.62
5000,1962,22778131.92
5000,1963,22261566.76
5000,1964,23041105.81
5000,1965,20710513.66
5000,1966,23877220.29
5000,1967,25936725.46
5000,1968,24253817.3
5000,1969,23636188.94
5000,1970,22335073.82
5000,1971,22041190.11
5000,1972,20664257.67
5000,1973,23915599.22
5000,1974,24979314.99
5000,1975,23230739.86
5000,1976,24467125.48
5000,1977,24773886.69
5000,1978,23647517.8
5000,1979,24091333.45
5000,1980,23037438.71
5000,1981,23811241.93
5000,1982,23265892.7
5000,1983,24463569.52
5000,1984,24325393.5
5000,1985,23123846.09
5000,1986,22542778.32
5000,1987,25056652.95
5000,1988,23117537.95
5000,1989,25356021.57
5000,1990,23823644.18
5000,1991,20801988.3
5000,1992,25881317.46
5000,1993,25547930.91
5000,1994,24261475.16
5000,1995,24151363.05
5000,1996,26795231.58
5000,1997,22757975.12
5000,1998,23896132.29
5000,1999,23712772.15
5000,2000,22824320.84
5000,2001,22747794.87
5000,2002,23013087.13
5000,2003,23298486.69
5000,2004,22534271.78
5000,2005,23267711.08
5000,2006,24423628.39
5000,2007,23970504.11
5000,2008,25155427.35
5000,2009,25232441.37
5000,2010,24708139.38
5000,2011,25228879.06
5000,2012,23950410.6
5000,2013,24151032.91
5100,1961,6623552.51
5100,1962,7421335.1
5100,1963,7054245.62
5100,1964,7242081.5
5100,1965,6403192.07
5100,1966,6106373.15
5100,1967,6514890.42
5100,1968,6783037.87
5100,1969,6795114.09
5100,1970,7189003.85
5100,1971,7088048.67
5100,1972,6882015.87
5100,1973,6848408.33
5100,1974,7493567.15
5100,1975,7014594.59
5100,1976,7556869.85
5100,1977,7240927.77
5100,1978,7263419.13
5100,1979,7613208.63
5100,1980,8012340.18
5100,1981,7850347.22
5100,1982,8245118.93
5100,1983,8242307.06
5100,1984,8665133.1
5100,1985,9462153.7
5100,1986,10100468.16
5100,1987,10220734.45
5100,1988,10207526.77
5100,1989,9976564.83
5100,1990,9690007.81
5100,1991,10541699.78
5100,1992,11008615.09
5100,1993,11308590.69
5100,1994,12503059.88
5100,1995,12598414.03
5100,1996,13424209.73
5100,1997,13421973.67
5100,1998,13655982.81
5100,1999,13508994.62
5100,2000,13788820.17
5100,2001,13761217.48
5100,2002,13852278.66
5100,2003,14611127.71
5100,2004,14417958.18
5100,2005,14644771.04
5100,2006,15282666.17
5100,2007,15681440.03
5100,2008,15949343.41
5100,2009,16744015.15
5100,2010,16773026.55
5100,2011,16918447.5
5100,2012,16088321.86
5100,2013,16665928.93
5101,1961,1300779.99
5101,1962,1354230.5
5101,1963,1382467.21
5101,1964,1347504.93
5101,1965,1194768.02
5101,1966,1244337.69
5101,1967,1237029.15
5101,1968,1219403.42
5101,1969,1231542.54
5101,1970,1411767.6
5101,1971,1440713.54
5101,1972,1429054.38
5101,1973,1473286.08
5101,1974,1528850.2
5101,1975,1368358.62
5101,1976,1707215.61
5101,1977,1570359.64
5101,1978,1733128.6
5101,1979,1884083.47
5101,1980,1738922.56
5101,1981,1784501.35
5101,1982,1926764.88
5101,1983,1772528.34
5101,1984,1741742.79
5101,1985,1743798.23
5101,1986,1989193.45
5101,1987,1936128.79
5101,1988,1759297.99
5101,1989,1810255.3
5101,1990,1745457.32
5101,1991,1682287.1
5101,1992,1607083.39
5101,1993,1579250.84
5101,1994,1747898.54
5101,1995,1976141.24
5101,1996,2069675.51
5101,1997,2144490.15
5101,1998,2258617.5
5101,1999,2283000.05
5101,2000,2257970.62
5101,2001,2422929.14
5101,2002,2341607.76
5101,2003,2415469.54
5101,2004,2502169.48
5101,2005,2550475.96
5101,2006,2895848.45
5101,2007,2962867.45
5101,2008,2858200.49
5101,2009,3243454.19
5101,2010,3304237.0
5101,2011,3387868.28
5101,2012,3244086.24
5101,2013,3467073.4
5102,1961,505965.82
5102,1962,545760.27
5102,1963,563013.45
5102,1964,561719.94
5102,1965,536135.42
5102,1966,538105.78
5102,1967,520412.93
5102,1968,523645.38
5102,1969,545545.75
5102,1970,487578.24
5102,1971,489954.24
5102,1972,431011.91
5102,1973,413053.91
5102,1974,437127.63
5102,1975,454847.69
5102,1976,448417.67
5102,1977,462568.52
5102,1978,483051.69
5102,1979,485841.15
5102,1980,470415.43
5102,1981,440155.04
5102,1982,489577.74
5102,1983,492768.29
5102,1984,474651.51
5102,1985,475944.94
5102,1986,538735.35
5102,1987,534657.36
5102,1988,528293.28
5102,1989,546740.01
5102,1990,606338.01
5102,1991,586408.7
5102,1992,609378.78
5102,1993,637061.74
5102,1994,757530.92
5102,1995,725287.09
5102,1996,693216.25
5102,1997,695291.89
5102,1998,784157.68
5102,1999,616163.8
5102,2000,769452.04
5102,2001,840815.13
5102,2002,872411.98
5102,2003,906996.05
5102,2004,953036.58
5102,2005,929166.36
5102,2006,1005188.87
5102,2007,1078718.35
5102,2008,1098588.4
5102,2009,1130557.42
5102,2010,1188467.24
5102,2011,1246959.94
5102,2012,1341537.1
5102,2013,1352378.74
5103,1961,1018858.84
5103,1962,1332248.15
5103,1963,1201300.87
5103,1964,1272981.47
5103,1965,1039639.71
5103,1966,809806.34
5103,1967,1196853.18
5103,1968,1352909.3
5103,1969,1478227.23
5103,1970,1489637.03
5103,1971,1542986.11
5103,1972,1498537.28
5103,1973,1577842.43
5103,1974,1664874.85
5103,1975,1591569.6
5103,1976,1619189.84
5103,1977,1577643.41
5103,1978,1884947.43
5103,1979,1722912.73
5103,1980,1726190.07
5103,1981,1798048.45
5103,1982,1734277.81
5103,1983,1952447.35
5103,1984,1723763.95
5103,1985,2145821.41
5103,1986,2175516.15
5103,1987,2089698.9
5103,1988,2437932.0
5103,1989,2312283.65
5103,1990,2380065.02
5103,1991,2578578.62
5103,1992,2711127.89
5103,1993,3006495.8
5103,1994,2945560.63
5103,1995,2994605.93
5103,1996,3118733.18
5103,1997,3233065.66
5103,1998,3177884.4
5103,1999,3375493.57
5103,2000,3107195.16
5103,2001,3136826.34
5103,2002,2940392.64
5103,2003,3119534.5
5103,2004,2861871.47
5103,2005,2864821.85
5103,2006,3017770.73
5103,2007,3143855.12
5103,2008,3249821.31
5103,2009,3359558.09
5103,2010,3407276.79
5103,2011,3453107.08
5103,2012,2663169.48
5103,2013,3044193.28
5104,1961,193820.83
5104,1962,188989.07
5104,1963,199222.68
5104,1964,199552.09
5104,1965,203981.46
5104,1966,199876.81
5104,1967,187832.46
5104,1968,194100.66
5104,1969,189562.17
5104,1970,205402.44
5104,1971,216291.26
5104,1972,187134.69
5104,1973,207782.25
5104,1974,205816.1
5104,1975,183102.89
5104,1976,178367.7
5104,1977,201292.51
5104,1978,197415.42
5104,1979,192195.95
5104,1980,205486.33
5104,1981,169098.92
5104,1982,115632.48
5104,1983,118908.2
5104,1984,88213.59
5104,1985,102881.55
5104,1986,91086.85
5104,1987,71773.36
5104,1988,105525.38
5104,1989,116724.16
5104,1990,142792.84
5104,1991,122119.55
5104,1992,120773.57
5104,1993,134939.66
5104,1994,153228.34
5104,1995,145702.71
5104,1996,157929.1
5104,1997,150687.46
5104,1998,143375.65
5104,1999,133998.57
5104,2000,156662.41
5104,2001,159162.59
5104,2002,142263.85
5104,2003,138309.61
5104,2004,141368.48
5104,2005,158512.03
5104,2006,152703.59
5104,2007,153653.28
5104,2008,139201.49
5104,2009,150755.46
5104,2010,145504.02
5104,2011,124313.6
5104,2012,101565.92
5104,2013,138403.12
5105,1961,3604127.03
5105,1962,4000107.11
5105,1963,3708241.41
5105,1964,3860323.07
5105,1965,3428667.46
5105,1966,3314246.53
5105,1967,3372762.7
5105,1968,3492979.11
5105,1969,3350236.4
5105,1970,3594618.54
5105,1971,3398103.52
5105,1972,3336277.61
5105,1973,3176443.66
5105,1974,3656898.37
5105,1975,3416715.79
5105,1976,3603679.03
5105,1977,3429063.69
5105,1978,2964875.99
5105,1979,3328175.33
5105,1980,3871325.79
5105,1981,3658543.46
5105,1982,3978866.02
5105,1983,3905654.88
5105,1984,4636761.26
5105,1985,4993707.57
5105,1986,5305936.36
5105,1987,5588476.04
5105,1988,5376478.12
5105,1989,5190561.71
5105,1990,4815354.62
5105,1991,5572305.81
5105,1992,5960251.46
5105,1993,5950842.65
5105,1994,6898841.45
5105,1995,6756677.06
5105,1996,7384655.69
5105,1997,7198438.51
5105,1998,7291947.58
5105,1999,7100338.63
5105,2000,7497539.94
5105,2001,7201484.28
5105,2002,7555602.43
5105,2003,8030818.01
5105,2004,7959512.17
5105,2005,8141794.84
5105,2006,8211154.53
5105,2007,8342345.83
5105,2008,8603531.72
5105,2009,8859689.99
5105,2010,8727541.5
5105,2011,8706198.6
5105,2012,8737963.12
5105,2013,8663880.39
5200,1961,226831.0
5200,1962,227429.0
5200,1963,226906.0
5200,1964,230279.0
5200,1965,231864.0
5200,1966,237275.0
5200,1967,238843.0
5200,1968,240593.0
5200,1969,241558.0
5200,1970,246988.0
5200,1971,258163.0
5200,1972,263007.21
5200,1973,229293.21
5200,1974,240444.05
5200,1975,412107.0
5200,1976,395455.84
5200,1977,374341.0
5200,1978,357444.95
5200,1979,378337.53
5200,1980,364135.0
5200,1981,364305.95
5200,1982,346809.53
5200,1983,358858.68
5200,1984,374176.63
5200,1985,382850.0
5200,1986,281725.0
5200,1987,214140.0
5200,1988,308230.0
5200,1989,417408.0
5200,1990,462348.0
5200,1991,503601.0
5200,1992,569823.0
5200,1993,586835.0
5200,1994,655442.0
5200,1995,420621.0
5200,1996,463184.0
5200,1997,527430.0
5200,1998,519143.0
5200,1999,487440.0
5200,2000,483675.0
5200,2001,470841.0
5200,2002,475515.0
5200,2003,446977.0
5200,2004,420096.0
5200,2005,403526.0
5200,2006,424630.79
5200,2007,418827.0
5200,2008,447083.0
5200,2009,414526.0
5200,2010,400709.0
5200,2011,408560.0
5200,2012,390428.01
5200,2013,416250.0
5203,1961,0.0
5203,1962,0.0
5203,1963,0.0
5203,1964,0.0
5203,1965,0.0
5203,1966,0.0
5203,1967,0.0
5203,1968,0.0
5203,1969,0.0
5203,1970,0.0
5203,1971,0.0
5203,1972,0.0
5203,1973,0.0
5203,1974,0.0
5203,1975,148500.0
5203,1976,151250.0
5203,1977,148800.0
5203,1978,148700.0
5203,1979,146850.0
5203,1980,124160.0
5203,1981,99360.0
5203,1982,106915.0
5203,1983,102575.0
5203,1984,110000.0
5203,1985,112230.0
5203,1986,12500.0
5203,1987,1000.0
5203,1988,28580.0
5203,1989,174680.0
5203,1990,255770.0
5203,1991,272200.0
5203,1992,337840.0
5203,1993,351370.0
5203,1994,444820.0
5203,1995,225490.0
5203,1996,252500.0
5203,1997,300500.0
5203,1998,299000.0
5203,1999,304500.0
5203,2000,308000.0
5203,2001,308000.0
5203,2002,308000.0
5203,2003,280000.0
5203,2004,250000.0
5203,2005,230000.0
5203,2006,235000.0
5203,2007,247000.0
5203,2008,254000.0
5203,2009,227000.0
5203,2010,212000.0
5203,2011,208000.0
5203,2012,210000.0
5203,2013,236000.0
5204,1961,92831.0
5204,1962,93429.0
5204,1963,92906.0
5204,1964,95279.0
5204,1965,95864.0
5204,1966,101275.0
5204,1967,102843.0
5204,1968,104593.0
5204,1969,106558.0
5204,1970,112988.0
5204,1971,123163.0
5204,1972,126007.21
5204,1973,116293.21
5204,1974,127444.05
5204,1975,150607.0
5204,1976,132205.84
5204,1977,133541.0
5204,1978,126744.95
5204,1979,131487.53
5204,1980,148975.0
5204,1981,159945.95
5204,1982,139894.53
5204,1983,156283.68
5204,1984,159176.63
5204,1985,165620.0
5204,1986,154225.0
5204,1987,93140.0
5204,1988,149650.0
5204,1989,122728.0
5204,1990,121578.0
5204,1991,151401.0
5204,1992,151983.0
5204,1993,155465.0
5204,1994,150622.0
5204,1995,155131.0
5204,1996,170684.0
5204,1997,181930.0
5204,1998,175143.0
5204,1999,137940.0
5204,2000,135675.0
5204,2001,137841.0
5204,2002,142515.0
5204,2003,141977.0
5204,2004,140096.0
5204,2005,133526.0
5204,2006,149630.79
5204,2007,131827.0
5204,2008,153083.0
5204,2009,147526.0
5204,2010,138709.0
5204,2011,150560.0
5204,2012,140428.01
5204,2013,140250.0
5206,1961,134000.0
5206,1962,134000.0
5206,1963,134000.0
5206,1964,135000.0
5206,1965,136000.0
5206,1966,136000.0
5206,1967,136000.0
5206,1968,136000.0
5206,1969,135000.0
5206,1970,134000.0
5206,1971,135000.0
5206,1972,137000.0
5206,1973,113000.0
5206,1974,113000.0
5206,1975,113000.0
5206,1976,112000.0
5206,1977,92000.0
5206,1978,82000.0
5206,1979,100000.0
5206,1980,91000.0
5206,1981,105000.0
5206,1982,100000.0
5206,1983,100000.0
5206,1984,105000.0
5206,1985,105000.0
5206,1986,115000.0
5206,1987,120000.0
5206,1988,130000.0
5206,1989,120000.0
5206,1990,85000.0
5206,1991,80000.0
5206,1992,80000.0
5206,1993,80000.0
5206,1994,60000.0
5206,1995,40000.0
5206,1996,40000.0
5206,1997,45000.0
5206,1998,45000.0
5206,1999,45000.0
5206,2000,40000.0
5206,2001,25000.0
5206,2002,25000.0
5206,2003,25000.0
5206,2004,30000.0
5206,2005,40000.0
5206,2006,40000.0
5206,2007,40000.0
5206,2008,40000.0
5206,2009,40000.0
5206,2010,50000.0
5206,2011,50000.0
5206,2012,40000.0
5206,2013,40000.0
5300,1961,13496122.11
5300,1962,15129367.82
5300,1963,14980415.14
5300,1964,15568745.31
5300,1965,14075457.59
5300,1966,17533572.14
5300,1967,19182992.04
5300,1968,17230186.43
5300,1969,16599516.85
5300,1970,14899081.97
5300,1971,14694978.44
5300,1972,13519234.59
5300,1973,16837897.68
5300,1974,17245303.79
5300,1975,15804038.27
5300,1976,16514799.79
5300,1977,17158617.92
5300,1978,16026653.72
5300,1979,16099787.29
5300,1980,14660963.53
5300,1981,15596588.76
5300,1982,14672964.24
5300,1983,15861403.78
5300,1984,15285083.77
5300,1985,13277842.39
5300,1986,12160585.16
5300,1987,14621778.5
5300,1988,12601781.18
5300,1989,14962048.74
5300,1990,13671288.37
5300,1991,9756687.52
5300,1992,14302879.37
5300,1993,13652505.22
5300,1994,11102973.28
5300,1995,11132328.02
5300,1996,12907837.85
5300,1997,8808571.45
5300,1998,9721006.48
5300,1999,9716337.53
5300,2000,8551825.67
5300,2001,8515736.39
5300,2002,8685293.47
5300,2003,8240381.98
5300,2004,7696217.6
5300,2005,8219321.82
5300,2006,8716084.76
5300,2007,7869648.19
5300,2008,8758414.27
5300,2009,8073290.22
5300,2010,7533443.83
5300,2011,7900641.56
5300,2012,7470808.51
5300,2013,7066988.42
5302,1961,5390018.75
5302,1962,5499495.0
5302,1963,5822205.0
5302,1964,5946932.5
5302,1965,6286515.0
5302,1966,6825575.0
5302,1967,7140950.0
5302,1968,7159690.0
5302,1969,6643487.5
5302,1970,6694190.0
5302,1971,6880550.0
5302,1972,6448560.0
5302,1973,6699480.0
5302,1974,6367875.0
5302,1975,6215015.0
5302,1976,5807316.25
5302,1977,5521465.0
5302,1978,4983860.0
5302,1979,4876360.0
5302,1980,4574313.75
5302,1981,4257555.26
5302,1982,4480990.7
5302,1983,4505019.02
5302,1984,4441697.5
5302,1985,3698300.22
5302,1986,3397495.0
5302,1987,2994892.5
5302,1988,2714422.01
5302,1989,2619977.5
5302,1990,2499616.49
5302,1991,2033476.25
5302,1992,2175135.0
5302,1993,2664973.43
5302,1994,2630392.82
5302,1995,1996931.53
5302,1996,2371741.07
5302,1997,1375699.99
5302,1998,1462726.78
5302,1999,1259186.51
5302,2000,1173207.46
5302,2001,1031730.5
5302,2002,1748473.22
5302,2003,1330633.49
5302,2004,1085548.51
5302,2005,1123584.0
5302,2006,1156330.03
5302,2007,762646.73
5302,2008,949998.48
5302,2009,881841.5
5302,2010,989570.0
5302,2011,977564.02
5302,2012,1566291.25
5302,2013,1887666.25
5303,1961,7351331.26
5303,1962,8857638.18
5303,1963,8363669.88
5303,1964,8844655.06
5303,1965,7017118.36
5303,1966,9947636.74
5303,1967,11252002.62
5303,1968,9300528.1
5303,1969,9239884.05
5303,1970,7504648.75
5303,1971,7112287.74
5303,1972,6441610.21
5303,1973,9572814.0
5303,1974,10201549.4
5303,1975,8887312.69
5303,1976,9958092.25
5303,1977,10957480.1
5303,1978,10378519.51
5303,1979,10553807.03
5303,1980,9450518.78
5303,1981,10905441.5
5303,1982,9743798.53
5303,1983,10782952.76
5303,1984,10363229.28
5303,1985,9160663.16
5303,1986,8338420.16
5303,1987,11074963.98
5303,1988,9242715.32
5303,1989,11734916.96
5303,1990,10575637.88
5303,1991,7382871.27
5303,1992,11558183.37
5303,1993,10376808.77
5303,1994,7880905.47
5303,1995,8503034.48
5303,1996,9979898.78
5303,1997,6844053.46
5303,1998,7629841.69
5303,1999,7878595.01
5303,2000,6816745.22
5303,2001,6859763.94
5303,2002,6388175.26
5303,2003,6366263.48
5303,2004,5997317.08
5303,2005,6504229.81
5303,2006,6907181.74
5303,2007,6445609.43
5303,2008,7127285.79
5303,2009,6504258.7
5303,2010,5953545.82
5303,2011,6344129.53
5303,2012,5282773.27
5303,2013,4584416.16
5304,1961,0.0
5304,1962,0.0
5304,1963,0.0
5304,1964,0.0
5304,1965,0.0
5304,1966,0.0
5304,1967,0.0
5304,1968,0.0
5304,1969,0.0
5304,1970,0.0
5304,1971,0.0
5304,1972,0.0
5304,1973,0.0
5304,1974,0.0
5304,1975,0.0
5304,1976,0.0
5304,1977,0.0
5304,1978,0.0
5304,1979,0.0
5304,1980,0.0
5304,1981,0.0
5304,1982,0.0
5304,1983,0.0
5304,1984,0.0
5304,1985,0.0
5304,1986,0.0
5304,1987,0.0
5304,1988,0.0
5304,1989,0.0
5304,1990,0.0
5304,1991,0.0
5304,1992,0.0
5304,1993,0.0
5304,1994,0.0
5304,1995,0.0
5304,1996,0.0
5304,1997,59088.0
5304,1998,52730.0
5304,1999,59430.0
5304,2000,59850.0
5304,2001,56070.0
5304,2002,58650.0
5304,2003,62522.0
5304,2004,64030.0
5304,2005,75990.0
5304,2006,75010.0
5304,2007,68560.0
5304,2008,69050.0
5304,2009,79738.0
5304,2010,81192.0
5304,2011,81539.0
5304,2012,77310.0
5304,2013,77685.0
5305,1961,754772.1
5305,1962,772234.64
5305,1963,794540.26
5305,1964,777157.75
5305,1965,771824.23
5305,1966,760360.4
5305,1967,790039.42
5305,1968,769968.33
5305,1969,716145.3
5305,1970,700243.22
5305,1971,702140.7
5305,1972,629064.38
5305,1973,565603.68
5305,1974,675879.39
5305,1975,701710.58
5305,1976,749391.29
5305,1977,679672.82
5305,1978,664274.21
5305,1979,669620.26
5305,1980,636131.0
5305,1981,433592.0
5305,1982,448175.01
5305,1983,573432.0
5305,1984,480156.99
5305,1985,418879.01
5305,1986,424670.0
5305,1987,551922.02
5305,1988,644643.85
5305,1989,607154.28
5305,1990,596034.0
5305,1991,340340.0
5305,1992,569561.0
5305,1993,610723.02
5305,1994,591674.99
5305,1995,632362.01
5305,1996,556198.0
5305,1997,529730.0
5305,1998,575708.01
5305,1999,519126.01
5305,2000,502022.99
5305,2001,568171.95
5305,2002,489994.99
5305,2003,480963.01
5305,2004,549322.01
5305,2005,515518.01
5305,2006,577562.99
5305,2007,592832.03
5305,2008,612080.0
5305,2009,607452.02
5305,2010,509136.01
5305,2011,497409.01
5305,2012,544433.99
5305,2013,517221.01
5400,1961,0.0
5400,1962,0.0
5400,1963,0.0
5400,1964,0.0
5400,1965,0.0
5400,1966,0.0
5400,1967,0.0
5400,1968,0.0
5400,1969,0.0
5400,1970,0.0
5400,1971,0.0
5400,1972,0.0
5400,1973,0.0
5400,1974,0.0
5400,1975,0.0
5400,1976,0.0
5400,1977,0.0
5400,1978,0.0
5400,1979,0.0
5400,1980,0.0
5400,1981,0.0
5400,1982,1000.0
5400,1983,1000.0
5400,1984,1000.0
5400,1985,1000.0
5400,1986,0.0
5400,1987,0.0
5400,1988,0.0
5400,1989,0.0
5400,1990,0.0
5400,1991,0.0
5400,1992,0.0
5400,1993,0.0
5400,1994,0.0
5400,1995,0.0
5400,1996,0.0
5400,1997,0.0
5400,1998,0.0
5400,1999,0.0
5400,2000,0.0
5400,2001,0.0
5400,2002,0.0
5400,2003,0.0
5400,2004,0.0
5400,2005,92.22
5400,2006,246.67
5400,2007,588.89
5400,2008,586.67
5400,2009,610.0
5400,2010,960.0
5400,2011,1230.0
5400,2012,852.22
5400,2013,1865.56
5401,1992,0.0
5401,1993,0.0
5401,1994,0.0
5401,1995,0.0
5401,1996,0.0
5401,1997,0.0
5401,1998,0.0
5401,1999,0.0
5401,2000,0.0
5401,2001,0.0
5401,2002,0.0
5401,2003,0.0
5401,2004,0.0
5401,2005,92.22
5401,2006,246.67
5401,2007,588.89
5401,2008,586.67
5401,2009,610.0
5401,2010,960.0
5401,2011,1230.0
5401,2012,852.22
5401,2013,1865.56
5403,1961,0.0
5403,1962,0.0
5403,1963,0.0
5403,1964,0.0
5403,1965,0.0
5403,1966,0.0
5403,1967,0.0
5403,1968,0.0
5403,1969,0.0
5403,1970,0.0
5403,1971,0.0
5403,1972,0.0
5403,1973,0.0
5403,1974,0.0
5403,1975,0.0
5403,1976,0.0
5403,1977,0.0
5403,1978,0.0
5403,1979,0.0
5403,1980,0.0
5403,1981,0.0
5403,1982,1000.0
5403,1983,1000.0
5403,1984,1000.0
5403,1985,1000.0
5403,1986,0.0
5403,1987,0.0
5403,1988,0.0
5403,1989,0.0
5403,1990,0.0
5403,1991,0.0
5403,1992,0.0
5403,1993,0.0
5403,1994,0.0
5403,1995,0.0
5403,1996,0.0
5403,1997,0.0
5403,1998,0.0
5403,1999,0.0
5403,2000,0.0
5403,2001,0.0
5403,2002,0.0
5403,2003,0.0
5403,2004,0.0
5403,2005,0.0
5403,2006,0.0
5403,2007,0.0
5403,2008,0.0
5403,2009,0.0
5403,2010,0.0
5403,2011,0.0
5403,2012,0.0
5403,2013,0.0
5706,1961,0.0
5706,1962,0.0
5706,1963,0.0
5706,1964,0.0
5706,1965,0.0
5706,1966,0.0
5706,1967,0.0
5706,1968,0.0
5706,1969,0.0
5706,1970,0.0
5706,1971,0.0
5706,1972,0.0
5706,1973,0.0
5706,1974,0.0
5706,1975,0.0
5706,1976,0.0
5706,1977,0.0
5706,1978,0.0
5706,1979,0.0
5706,1980,0.0
5706,1981,0.0
5706,1982,1000.0
5706,1983,1000.0
5706,1984,1000.0
5706,1985,1000.0
5706,1986,0.0
5706,1987,0.0
5706,1988,0.0
5706,1989,0.0
5706,1990,0.0
5706,1991,0.0
5706,1992,0.0
5706,1993,0.0
5706,1994,0.0
5706,1995,0.0
5706,1996,0.0
5706,1997,0.0
5706,1998,0.0
5706,1999,0.0
5706,2000,0.0
5706,2001,0.0
5706,2002,0.0
5706,2003,0.0
5706,2004,0.0
5706,2005,0.0
5706,2006,0.0
5706,2007,0.0
5706,2008,0.0
5706,2009,0.0
5706,2010,0.0
5706,2011,0.0
5706,2012,0.0
5706,2013,0.0
5801,1961,3823986.41
5801,1962,4214933.35
5801,1963,4166805.52
5801,1964,4193670.89
5801,1965,3835587.42
5801,1966,3569293.93
5801,1967,3999851.31
5801,1968,4185785.09
5801,1969,4199878.32
5801,1970,4393933.02
5801,1971,4400292.89
5801,1972,4255740.95
5801,1973,4407838.37
5801,1974,4622980.98
5801,1975,4528997.37
5801,1976,5026765.4
5801,1977,4768736.84
5801,1978,5378314.85
5801,1979,5456678.51
5801,1980,5160067.19
5801,1981,5219737.92
5801,1982,5426890.39
5801,1983,5686388.13
5801,1984,5342923.39
5801,1985,5798810.77
5801,1986,6097733.74
5801,1987,6227022.95
5801,1988,6398124.47
5801,1989,6450132.6
5801,1990,6317546.96
5801,1991,6176528.28
5801,1992,6677176.01
5801,1993,6968840.5
5801,1994,7218980.76
5801,1995,7507721.08
5801,1996,7597084.28
5801,1997,7632495.18
5801,1998,7685048.53
5801,1999,7814669.32
5801,2000,7589073.56
5801,2001,8106351.38
5801,2002,7628728.07
5801,2003,8137808.07
5801,2004,8109767.95
5801,2005,8338307.78
5801,2006,8893438.56
5801,2007,9361741.05
5801,2008,9453886.29
5801,2009,10032770.97
5801,2010,10468428.28
5801,2011,10522236.29
5801,2012,9853848.32
5801,2013,10493158.14
5802,1961,1244838.97
5802,1962,1318041.46
5802,1963,1339768.61
5802,1964,1359816.46
5802,1965,1379738.7
5802,1966,1423693.97
5802,1967,1487679.66
5802,1968,1558413.53
5802,1969,1409878.58
5802,1970,1534053.78
5802,1971,1509819.3
5802,1972,1369080.95
5802,1973,1328627.83
5802,1974,1454397.91
5802,1975,1487627.58
5802,1976,1643253.73
5802,1977,1489459.95
5802,1978,1524855.61
5802,1979,1593930.17
5802,1980,1466524.26
5802,1981,1473190.76
5802,1982,1523675.56
5802,1983,1531258.89
5802,1984,1531144.35
5802,1985,1601643.87
5802,1986,1740758.47
5802,1987,1944351.57
5802,1988,1901437.73
5802,1989,2062337.33
5802,1990,1975139.86
5802,1991,1902922.12
5802,1992,2172172.19
5802,1993,3054882.5
5802,1994,3369092.24
5802,1995,3454362.34
5802,1996,3461675.1
5802,1997,3451158.53
5802,1998,3593938.74
5802,1999,3691483.29
5802,2000,3686612.48
5802,2001,4066429.32
5802,2002,4030911.04
5802,2003,4296794.19
5802,2004,4416331.91
5802,2005,4446632.5
5802,2006,4853170.0
5802,2007,5008905.87
5802,2008,5155183.33
5802,2009,5512321.49
5802,2010,5784002.29
5802,2011,5811813.69
5802,2012,5834383.21
5802,2013,6085620.95
5803,1961,136306.94
5803,1962,136306.94
5803,1963,136306.94
5803,1964,137306.94
5803,1965,138258.11
5803,1966,139452.42
5803,1967,139301.78
5803,1968,139082.64
5803,1969,137290.93
5803,1970,136290.93
5803,1971,136974.0
5803,1972,139258.11
5803,1973,116428.58
5803,1974,116791.51
5803,1975,117565.05
5803,1976,118097.3
5803,1977,101954.46
5803,1978,94244.42
5803,1979,111403.07
5803,1980,105298.25
5803,1981,120560.52
5803,1982,124925.59
5803,1983,117892.28
5803,1984,127110.42
5803,1985,122780.66
5803,1986,131353.06
5803,1987,132369.07
5803,1988,143271.39
5803,1989,131739.87
5803,1990,94025.37
5803,1991,90831.89
5803,1992,88857.39
5803,1993,91235.18
5803,1994,71564.28
5803,1995,53011.88
5803,1996,58036.36
5803,1997,55100.71
5803,1998,54220.36
5803,1999,56942.42
5803,2000,57025.86
5803,2001,37448.34
5803,2002,37288.23
5803,2003,33306.54
5803,2004,42968.66
5803,2005,58870.43
5803,2006,59928.39
5803,2007,52127.41
5803,2008,55381.59
5803,2009,52288.76
5803,2010,64745.69
5803,2011,65505.17
5803,2012,59585.23
5803,2013,62556.94
5815,1961,14307434.49
5815,1962,16592251.19
5815,1963,15746672.54
5815,1964,16379370.23
5815,1965,13692821.67
5815,1966,16323296.24
5815,1967,18046960.83
5815,1968,16325105.97
5815,1969,16241928.14
5815,1970,14889989.44
5815,1971,14401017.88
5815,1972,13559127.96
5815,1973,16589734.5
5815,1974,17953732.44
5815,1975,16191304.51
5815,1976,17855003.76
5815,1977,18484197.18
5815,1978,17922185.92
5815,1979,18452033.6
5815,1980,17747121.83
5815,1981,18966546.57
5815,1982,18214434.26
5815,1983,19410468.43
5815,1984,19362376.13
5815,1985,18901361.09
5815,1986,18715710.83
5815,1987,21645386.67
5815,1988,19852851.26
5815,1989,22040934.59
5815,1990,20437214.46
5815,1991,17891804.96
5815,1992,22705729.87
5815,1993,21806273.68
5815,1994,20428643.48
5815,1995,21157409.0
5815,1996,23356119.07
5815,1997,20254247.29
5815,1998,21252857.39
5815,1999,21156772.37
5815,2000,20426102.45
5815,2001,20552923.76
5815,2002,20100999.67
5815,2003,20833043.39
5815,2004,20393669.7
5815,2005,21164397.29
5815,2006,22202796.74
5815,2007,22208050.26
5815,2008,23113722.57
5815,2009,23258718.9
5815,2010,22805909.22
5815,2011,23315017.91
5815,2012,21538650.72
5815,2013,21367336.96
5817,1961,4528918.74
5817,1962,4943330.92
5817,1963,4895316.74
5817,1964,4988197.53
5817,1965,4608743.32
5817,1966,4388059.57
5817,1967,4850656.14
5817,1968,5010351.34
5817,1969,5042743.81
5817,1970,5298287.98
5817,1971,5308011.96
5817,1972,5137848.19
5817,1973,5345182.25
5817,1974,5469735.44
5817,1975,5334003.38
5817,1976,5765226.99
5817,1977,5520158.05
5817,1978,6069205.89
5817,1979,6123491.39
5817,1980,5805477.46
5817,1981,5745916.86
5817,1982,5983981.95
5817,1983,6209104.55
5817,1984,5930587.56
5817,1985,6405562.88
5817,1986,6713640.3
5817,1987,6728885.99
5817,1988,7048815.27
5817,1989,7092352.75
5817,1990,6977134.61
5817,1991,6862214.07
5817,1992,7392102.14
5817,1993,7646290.61
5817,1994,7962514.17
5817,1995,8259437.82
5817,1996,8358130.22
5817,1997,8414824.1
5817,1998,8498691.93
5817,1999,8750655.56
5817,2000,8408276.7
5817,2001,8858351.0
5817,2002,8389845.29
5817,2003,8942062.87
5817,2004,8735702.02
5817,2005,8975136.14
5817,2006,9596628.39
5817,2007,9985157.19
5817,2008,10106302.01
5817,2009,10745357.66
5817,2010,11133537.33
5817,2011,11213130.35
5817,2012,10488124.96
5817,2013,11171463.29
