geo,year,cheese_processed_export_value_tcl
3,1961,
3,1962,
3,1963,
3,1964,
3,1965,
3,1966,
3,1967,
3,1968,
3,1969,
3,1970,
3,1971,
3,1972,
3,1973,
3,1974,
3,1975,
3,1976,
3,1977,
3,1978,
3,1979,
3,1980,
3,1981,
3,1982,
3,1983,
3,1984,
3,1985,
3,1986,
3,1987,
3,1988,
3,1989,
3,1990,
3,1991,
3,1992,
3,1993,
3,1994,
3,1995,
3,1996,
3,1997,
3,1998,
3,1999,
3,2000,
3,2001,
3,2002,
3,2003,
3,2004,
3,2005,
3,2006,
3,2007,
3,2008,13.0
3,2009,19.0
3,2010,15.0
3,2011,0.0
3,2012,25.0
3,2013,0.0
4,1961,
4,1962,
4,1963,
4,1964,
4,1965,
4,1966,
4,1967,
4,1968,
4,1969,
4,1970,
4,1971,
4,1972,
4,1973,
4,1974,
4,1975,
4,1976,
4,1977,
4,1978,
4,1979,
4,1980,
4,1981,
4,1982,
4,1983,
4,1984,
4,1985,
4,1986,
4,1987,
4,1988,
4,1989,
4,1990,
4,1991,
4,1992,
4,1993,
4,1994,
4,1995,
4,1996,1.0
4,1997,0.0
4,1998,0.0
4,1999,0.0
4,2000,0.0
4,2001,0.0
4,2002,1.0
4,2003,230.0
4,2004,375.0
4,2005,153.0
4,2006,46.0
4,2007,1.0
4,2008,25.0
4,2009,24.0
4,2010,24.0
4,2011,160.0
4,2012,50.0
4,2013,0.0
8,1961,
8,1962,
8,1963,
8,1964,
8,1965,
8,1966,
8,1967,
8,1968,
8,1969,
8,1970,
8,1971,
8,1972,
8,1973,
8,1974,
8,1975,
8,1976,
8,1977,
8,1978,
8,1979,
8,1980,
8,1981,
8,1982,
8,1983,
8,1984,
8,1985,
8,1986,
8,1987,
8,1988,
8,1989,
8,1990,
8,1991,
8,1992,
8,1993,
8,1994,
8,1995,
8,1996,
8,1997,
8,1998,
8,1999,
8,2000,
8,2001,
8,2002,
8,2003,
8,2004,
8,2005,1.0
8,2006,0.0
8,2007,0.0
8,2008,0.0
8,2009,0.0
8,2010,0.0
8,2011,6.0
8,2012,13.0
8,2013,0.0
9,1961,
9,1962,
9,1963,
9,1964,
9,1965,
9,1966,
9,1967,
9,1968,
9,1969,
9,1970,
9,1971,
9,1972,
9,1973,
9,1974,
9,1975,
9,1976,
9,1977,
9,1978,
9,1979,
9,1980,
9,1981,
9,1982,
9,1983,
9,1984,
9,1985,
9,1986,
9,1987,
9,1988,
9,1989,
9,1990,
9,1991,
9,1992,
9,1993,
9,1994,
9,1995,
9,1996,
9,1997,
9,1998,
9,1999,
9,2000,
9,2001,
9,2002,
9,2003,
9,2004,
9,2005,
9,2006,
9,2007,
9,2008,
9,2009,
9,2010,
9,2011,
9,2012,885.0
9,2013,1240.0
1,1992,
1,1993,
1,1994,
1,1995,
1,1996,
1,1997,
1,1998,
1,1999,
1,2000,
1,2001,
1,2002,
1,2003,
1,2004,
1,2005,
1,2006,
1,2007,0.0
1,2008,0.0
1,2009,1.0
1,2010,0.0
1,2011,0.0
1,2012,3.0
1,2013,20.0
10,1961,
10,1962,
10,1963,
10,1964,
10,1965,
10,1966,
10,1967,
10,1968,
10,1969,
10,1970,
10,1971,
10,1972,
10,1973,
10,1974,
10,1975,
10,1976,
10,1977,
10,1978,
10,1979,
10,1980,
10,1981,
10,1982,
10,1983,
10,1984,
10,1985,
10,1986,
10,1987,
10,1988,
10,1989,
10,1990,
10,1991,
10,1992,
10,1993,
10,1994,
10,1995,
10,1996,
10,1997,
10,1998,
10,1999,
10,2000,
10,2001,
10,2002,
10,2003,
10,2004,
10,2005,
10,2006,
10,2007,
10,2008,
10,2009,
10,2010,
10,2011,101701.0
10,2012,113215.0
10,2013,111325.0
11,1961,
11,1962,
11,1963,
11,1964,
11,1965,
11,1966,
11,1967,
11,1968,
11,1969,
11,1970,
11,1971,
11,1972,
11,1973,
11,1974,
11,1975,
11,1976,
11,1977,
11,1978,
11,1979,
11,1980,
11,1981,
11,1982,
11,1983,
11,1984,
11,1985,
11,1986,
11,1987,
11,1988,
11,1989,
11,1990,
11,1991,
11,1992,
11,1993,
11,1994,
11,1995,
11,1996,22577.0
11,1997,21708.0
11,1998,15635.0
11,1999,40787.0
11,2000,39407.0
11,2001,37119.0
11,2002,46703.0
11,2003,68277.0
11,2004,116610.0
11,2005,120417.0
11,2006,119128.0
11,2007,92874.0
11,2008,114855.0
11,2009,110180.0
11,2010,115758.0
11,2011,137844.0
11,2012,134928.0
11,2013,157434.0
12,1961,
12,1962,
12,1963,
12,1964,
12,1965,
12,1966,
12,1967,
12,1968,
12,1969,
12,1970,
12,1971,
12,1972,
12,1973,
12,1974,
12,1975,
12,1976,
12,1977,
12,1978,
12,1979,
12,1980,
12,1981,
12,1982,
12,1983,
12,1984,
12,1985,
12,1986,
12,1987,
12,1988,
12,1989,
12,1990,
12,1991,
12,1992,
12,1993,
12,1994,
12,1995,
12,1996,
12,1997,
12,1998,
12,1999,
12,2000,
12,2001,
12,2002,
12,2003,
12,2004,
12,2005,0.0
12,2006,0.0
12,2007,0.0
12,2008,0.0
12,2009,0.0
12,2010,0.0
12,2011,0.0
12,2012,0.0
12,2013,0.0
13,1961,
13,1962,
13,1963,
13,1964,
13,1965,
13,1966,
13,1967,
13,1968,
13,1969,
13,1970,
13,1971,
13,1972,
13,1973,
13,1974,
13,1975,
13,1976,
13,1977,
13,1978,
13,1979,
13,1980,
13,1981,
13,1982,
13,1983,
13,1984,
13,1985,
13,1986,
13,1987,
13,1988,
13,1989,
13,1990,
13,1991,
13,1992,
13,1993,
13,1994,
13,1995,
13,1996,
13,1997,
13,1998,
13,1999,
13,2000,
13,2001,
13,2002,
13,2003,
13,2004,
13,2005,
13,2006,
13,2007,
13,2008,
13,2009,
13,2010,
13,2011,
13,2012,104826.0
13,2013,170389.0
57,1992,
57,1993,
57,1994,
57,1995,
57,1996,
57,1997,
57,1998,3887.0
57,1999,1397.0
57,2000,1800.0
57,2001,3543.0
57,2002,0.0
57,2003,0.0
57,2004,0.0
57,2005,0.0
57,2006,0.0
57,2007,0.0
57,2008,0.0
57,2009,0.0
57,2010,0.0
57,2011,0.0
57,2012,540.0
57,2013,623.0
255,2000,
255,2001,0.0
255,2002,0.0
255,2003,0.0
255,2004,0.0
255,2005,0.0
255,2006,0.0
255,2007,0.0
255,2008,0.0
255,2009,0.0
255,2010,250667.0
255,2011,296781.0
255,2012,246552.0
255,2013,276818.0
23,1961,0.0
23,1962,0.0
23,1963,0.0
23,1964,0.0
23,1965,0.0
23,1966,0.0
23,1967,0.0
23,1968,0.0
23,1969,0.0
23,1970,0.0
23,1971,0.0
23,1972,0.0
23,1973,0.0
23,1974,0.0
23,1975,0.0
23,1976,0.0
23,1977,0.0
23,1978,0.0
23,1979,0.0
23,1980,0.0
23,1981,0.0
23,1982,0.0
23,1983,0.0
23,1984,0.0
23,1985,0.0
23,1986,0.0
23,1987,0.0
23,1988,0.0
23,1989,0.0
23,1990,0.0
23,1991,0.0
23,1992,2558.0
23,1993,1031.0
23,1994,615.0
23,1995,198.0
23,1996,18.0
23,1997,0.0
23,1998,0.0
23,1999,0.0
23,2000,14.0
23,2001,14.0
23,2002,1.0
23,2003,53.0
23,2004,1.0
23,2005,25.0
23,2006,0.0
23,2007,63.0
23,2008,0.0
23,2009,0.0
23,2010,0.0
23,2011,66.0
23,2012,0.0
23,2013,0.0
53,1961,
53,1962,
53,1963,
53,1964,
53,1965,
53,1966,
53,1967,
53,1968,
53,1969,
53,1970,
53,1971,
53,1972,
53,1973,
53,1974,
53,1975,
53,1976,
53,1977,
53,1978,
53,1979,
53,1980,
53,1981,
53,1982,
53,1983,
53,1984,
53,1985,
53,1986,
53,1987,
53,1988,
53,1989,
53,1990,
53,1991,
53,1992,
53,1993,
53,1994,
53,1995,
53,1996,
53,1997,
53,1998,
53,1999,
53,2000,
53,2001,
53,2002,
53,2003,
53,2004,
53,2005,
53,2006,
53,2007,
53,2008,
53,2009,
53,2010,0.0
53,2011,0.0
53,2012,0.0
53,2013,0.0
80,1992,
80,1993,
80,1994,
80,1995,
80,1996,
80,1997,
80,1998,
80,1999,
80,2000,
80,2001,
80,2002,
80,2003,
80,2004,
80,2005,
80,2006,
80,2007,
80,2008,
80,2009,
80,2010,
80,2011,
80,2012,3.0
80,2013,0.0
20,1961,
20,1962,
20,1963,
20,1964,
20,1965,
20,1966,
20,1967,
20,1968,
20,1969,
20,1970,
20,1971,
20,1972,
20,1973,
20,1974,
20,1975,
20,1976,
20,1977,
20,1978,
20,1979,
20,1980,
20,1981,
20,1982,
20,1983,
20,1984,
20,1985,
20,1986,
20,1987,
20,1988,
20,1989,
20,1990,
20,1991,
20,1992,
20,1993,
20,1994,
20,1995,
20,1996,2.0
20,1997,0.0
20,1998,1.0
20,1999,4.0
20,2000,2.0
20,2001,0.0
20,2002,1.0
20,2003,0.0
20,2004,0.0
20,2005,0.0
20,2006,0.0
20,2007,0.0
20,2008,1.0
20,2009,4.0
20,2010,0.0
20,2011,2.0
20,2012,3.0
20,2013,3.0
21,1961,
21,1962,
21,1963,
21,1964,
21,1965,
21,1966,
21,1967,
21,1968,
21,1969,
21,1970,
21,1971,
21,1972,
21,1973,
21,1974,
21,1975,
21,1976,
21,1977,
21,1978,
21,1979,
21,1980,
21,1981,
21,1982,
21,1983,
21,1984,
21,1985,
21,1986,
21,1987,
21,1988,
21,1989,
21,1990,
21,1991,
21,1992,
21,1993,
21,1994,
21,1995,
21,1996,
21,1997,
21,1998,1758.0
21,1999,1931.0
21,2000,5132.0
21,2001,4873.0
21,2002,2872.0
21,2003,2923.0
21,2004,4172.0
21,2005,5391.0
21,2006,7375.0
21,2007,10463.0
21,2008,14673.0
21,2009,12825.0
21,2010,10186.0
21,2011,7376.0
21,2012,4742.0
21,2013,5895.0
27,1961,
27,1962,
27,1963,
27,1964,
27,1965,
27,1966,
27,1967,
27,1968,
27,1969,
27,1970,
27,1971,
27,1972,
27,1973,
27,1974,
27,1975,
27,1976,
27,1977,
27,1978,
27,1979,
27,1980,
27,1981,
27,1982,
27,1983,
27,1984,
27,1985,
27,1986,
27,1987,
27,1988,
27,1989,
27,1990,
27,1991,
27,1992,
27,1993,
27,1994,
27,1995,
27,1996,
27,1997,
27,1998,
27,1999,
27,2000,
27,2001,11.0
27,2002,524.0
27,2003,887.0
27,2004,1221.0
27,2005,609.0
27,2006,1329.0
27,2007,1822.0
27,2008,2040.0
27,2009,535.0
27,2010,1441.0
27,2011,209.0
27,2012,1917.0
27,2013,3284.0
35,1961,
35,1962,
35,1963,
35,1964,
35,1965,
35,1966,
35,1967,
35,1968,
35,1969,
35,1970,
35,1971,
35,1972,
35,1973,
35,1974,
35,1975,
35,1976,
35,1977,
35,1978,
35,1979,
35,1980,
35,1981,
35,1982,
35,1983,
35,1984,
35,1985,
35,1986,
35,1987,
35,1988,
35,1989,
35,1990,
35,1991,
35,1992,
35,1993,
35,1994,
35,1995,
35,1996,
35,1997,
35,1998,0.0
35,1999,0.0
35,2000,0.0
35,2001,0.0
35,2002,0.0
35,2003,0.0
35,2004,0.0
35,2005,0.0
35,2006,0.0
35,2007,0.0
35,2008,0.0
35,2009,0.0
35,2010,0.0
35,2011,0.0
35,2012,0.0
35,2013,0.0
32,1961,
32,1962,
32,1963,
32,1964,
32,1965,
32,1966,
32,1967,
32,1968,
32,1969,
32,1970,
32,1971,
32,1972,
32,1973,
32,1974,
32,1975,
32,1976,
32,1977,
32,1978,
32,1979,
32,1980,
32,1981,
32,1982,
32,1983,
32,1984,
32,1985,
32,1986,
32,1987,
32,1988,
32,1989,
32,1990,
32,1991,
32,1992,
32,1993,
32,1994,
32,1995,
32,1996,
32,1997,
32,1998,15.0
32,1999,13.0
32,2000,1.0
32,2001,1.0
32,2002,14.0
32,2003,10.0
32,2004,22.0
32,2005,8.0
32,2006,0.0
32,2007,0.0
32,2008,1.0
32,2009,0.0
32,2010,0.0
32,2011,0.0
32,2012,0.0
32,2013,0.0
33,1961,
33,1962,
33,1963,
33,1964,
33,1965,
33,1966,
33,1967,
33,1968,
33,1969,
33,1970,
33,1971,
33,1972,
33,1973,
33,1974,
33,1975,
33,1976,
33,1977,
33,1978,
33,1979,
33,1980,
33,1981,
33,1982,
33,1983,
33,1984,
33,1985,
33,1986,
33,1987,
33,1988,
33,1989,
33,1990,
33,1991,
33,1992,
33,1993,
33,1994,
33,1995,
33,1996,
33,1997,
33,1998,6726.0
33,1999,1630.0
33,2000,1869.0
33,2001,2226.0
33,2002,973.0
33,2003,566.0
33,2004,205.0
33,2005,282.0
33,2006,349.0
33,2007,393.0
33,2008,104.0
33,2009,268.0
33,2010,194.0
33,2011,199.0
33,2012,814.0
33,2013,1813.0
96,1961,
96,1962,
96,1963,
96,1964,
96,1965,
96,1966,
96,1967,
96,1968,
96,1969,
96,1970,
96,1971,
96,1972,
96,1973,
96,1974,
96,1975,
96,1976,
96,1977,
96,1978,
96,1979,
96,1980,
96,1981,
96,1982,
96,1983,
96,1984,
96,1985,
96,1986,
96,1987,
96,1988,
96,1989,
96,1990,
96,1991,
96,1992,
96,1993,
96,1994,
96,1995,
96,1996,
96,1997,
96,1998,
96,1999,
96,2000,
96,2001,
96,2002,
96,2003,
96,2004,
96,2005,
96,2006,
96,2007,
96,2008,
96,2009,
96,2010,
96,2011,
96,2012,
96,2013,4471.0
128,1961,
128,1962,
128,1963,
128,1964,
128,1965,
128,1966,
128,1967,
128,1968,
128,1969,
128,1970,
128,1971,
128,1972,
128,1973,
128,1974,
128,1975,
128,1976,
128,1977,
128,1978,
128,1979,
128,1980,
128,1981,
128,1982,
128,1983,
128,1984,
128,1985,
128,1986,
128,1987,
128,1988,
128,1989,
128,1990,
128,1991,
128,1992,
128,1993,
128,1994,
128,1995,7.0
128,1996,0.0
128,1997,0.0
128,1998,7.0
128,1999,2.0
128,2000,0.0
128,2001,3.0
128,2002,0.0
128,2003,1.0
128,2004,8.0
128,2005,8.0
128,2006,0.0
128,2007,10.0
128,2008,1.0
128,2009,1.0
128,2010,0.0
128,2011,0.0
128,2012,2.0
128,2013,0.0
41,1961,
41,1962,
41,1963,
41,1964,
41,1965,
41,1966,
41,1967,
41,1968,
41,1969,
41,1970,
41,1971,
41,1972,
41,1973,
41,1974,
41,1975,
41,1976,
41,1977,
41,1978,
41,1979,
41,1980,
41,1981,
41,1982,
41,1983,
41,1984,
41,1985,
41,1986,
41,1987,
41,1988,
41,1989,
41,1990,
41,1991,
41,1992,
41,1993,
41,1994,
41,1995,
41,1996,16.0
41,1997,384.0
41,1998,374.0
41,1999,14.0
41,2000,7.0
41,2001,14.0
41,2002,0.0
41,2003,27.0
41,2004,0.0
41,2005,20.0
41,2006,0.0
41,2007,0.0
41,2008,0.0
41,2009,230.0
41,2010,363.0
41,2011,777.0
41,2012,1802.0
41,2013,501.0
214,1961,
214,1962,
214,1963,
214,1964,
214,1965,
214,1966,
214,1967,
214,1968,
214,1969,
214,1970,
214,1971,
214,1972,
214,1973,
214,1974,
214,1975,
214,1976,
214,1977,
214,1978,
214,1979,
214,1980,
214,1981,
214,1982,
214,1983,
214,1984,
214,1985,
214,1986,
214,1987,
214,1988,
214,1989,
214,1990,
214,1991,
214,1992,
214,1993,
214,1994,
214,1995,13.0
214,1996,16.0
214,1997,18.0
214,1998,1.0
214,1999,26.0
214,2000,0.0
214,2001,6.0
214,2002,84.0
214,2003,0.0
214,2004,51.0
214,2005,62.0
214,2006,83.0
214,2007,83.0
214,2008,83.0
214,2009,12.0
214,2010,2.0
214,2011,60.0
214,2012,47.0
214,2013,257.0
44,1961,
44,1962,
44,1963,
44,1964,
44,1965,
44,1966,
44,1967,
44,1968,
44,1969,
44,1970,
44,1971,
44,1972,
44,1973,
44,1974,
44,1975,
44,1976,
44,1977,
44,1978,
44,1979,
44,1980,
44,1981,
44,1982,
44,1983,
44,1984,
44,1985,
44,1986,
44,1987,
44,1988,
44,1989,
44,1990,
44,1991,
44,1992,
44,1993,
44,1994,
44,1995,
44,1996,
44,1997,
44,1998,
44,1999,4.0
44,2000,143.0
44,2001,31.0
44,2002,0.0
44,2003,407.0
44,2004,1634.0
44,2005,2158.0
44,2006,2830.0
44,2007,3817.0
44,2008,4112.0
44,2009,3414.0
44,2010,1550.0
44,2011,0.0
44,2012,1.0
44,2013,0.0
48,1961,
48,1962,
48,1963,
48,1964,
48,1965,
48,1966,
48,1967,
48,1968,
48,1969,
48,1970,
48,1971,
48,1972,
48,1973,
48,1974,
48,1975,
48,1976,
48,1977,
48,1978,
48,1979,
48,1980,
48,1981,
48,1982,
48,1983,
48,1984,
48,1985,
48,1986,
48,1987,
48,1988,
48,1989,
48,1990,
48,1991,
48,1992,
48,1993,
48,1994,
48,1995,9.0
48,1996,9.0
48,1997,23.0
48,1998,34.0
48,1999,74.0
48,2000,85.0
48,2001,128.0
48,2002,115.0
48,2003,0.0
48,2004,0.0
48,2005,0.0
48,2006,0.0
48,2007,0.0
48,2008,0.0
48,2009,0.0
48,2010,0.0
48,2011,0.0
48,2012,310.0
48,2013,288.0
98,1992,
98,1993,
98,1994,
98,1995,
98,1996,
98,1997,3672.0
98,1998,0.0
98,1999,4012.0
98,2000,3342.0
98,2001,3429.0
98,2002,0.0
98,2003,0.0
98,2004,0.0
98,2005,0.0
98,2006,0.0
98,2007,0.0
98,2008,0.0
98,2009,0.0
98,2010,3465.0
98,2011,3744.0
98,2012,4570.0
98,2013,5358.0
50,1961,
50,1962,
50,1963,
50,1964,
50,1965,
50,1966,
50,1967,
50,1968,
50,1969,
50,1970,
50,1971,
50,1972,
50,1973,
50,1974,
50,1975,
50,1976,
50,1977,
50,1978,
50,1979,
50,1980,
50,1981,
50,1982,
50,1983,
50,1984,
50,1985,
50,1986,
50,1987,
50,1988,
50,1989,
50,1990,
50,1991,
50,1992,
50,1993,
50,1994,
50,1995,
50,1996,
50,1997,
50,1998,
50,1999,
50,2000,
50,2001,
50,2002,
50,2003,
50,2004,
50,2005,
50,2006,
50,2007,
50,2008,24.0
50,2009,0.0
50,2010,0.0
50,2011,0.0
50,2012,0.0
50,2013,0.0
167,1993,1348.0
167,1994,907.0
167,1995,1492.0
167,1996,420.0
167,1997,1118.0
167,1998,285.0
167,1999,334.0
167,2000,706.0
167,2001,1616.0
167,2002,1655.0
167,2003,1224.0
167,2004,1732.0
167,2005,4387.0
167,2006,4798.0
167,2007,5936.0
167,2008,8927.0
167,2009,7268.0
167,2010,8054.0
167,2011,10337.0
167,2012,14635.0
167,2013,23629.0
54,1961,0.0
54,1962,0.0
54,1963,0.0
54,1964,0.0
54,1965,0.0
54,1966,0.0
54,1967,0.0
54,1968,0.0
54,1969,0.0
54,1970,0.0
54,1971,0.0
54,1972,0.0
54,1973,0.0
54,1974,0.0
54,1975,0.0
54,1976,0.0
54,1977,0.0
54,1978,0.0
54,1979,0.0
54,1980,0.0
54,1981,0.0
54,1982,0.0
54,1983,0.0
54,1984,0.0
54,1985,0.0
54,1986,0.0
54,1987,0.0
54,1988,0.0
54,1989,0.0
54,1990,0.0
54,1991,0.0
54,1992,0.0
54,1993,0.0
54,1994,0.0
54,1995,0.0
54,1996,46863.0
54,1997,52294.0
54,1998,61006.0
54,1999,57433.0
54,2000,58597.0
54,2001,49845.0
54,2002,55890.0
54,2003,61129.0
54,2004,64973.0
54,2005,73527.0
54,2006,35740.0
54,2007,60189.0
54,2008,31612.0
54,2009,18002.0
54,2010,18579.0
54,2011,22905.0
54,2012,26796.0
54,2013,25612.0
58,1961,
58,1962,
58,1963,
58,1964,
58,1965,
58,1966,
58,1967,
58,1968,
58,1969,
58,1970,
58,1971,
58,1972,
58,1973,
58,1974,
58,1975,
58,1976,
58,1977,
58,1978,
58,1979,
58,1980,
58,1981,
58,1982,
58,1983,
58,1984,
58,1985,
58,1986,
58,1987,
58,1988,
58,1989,
58,1990,
58,1991,
58,1992,
58,1993,
58,1994,
58,1995,
58,1996,
58,1997,
58,1998,
58,1999,
58,2000,
58,2001,
58,2002,
58,2003,
58,2004,
58,2005,
58,2006,
58,2007,
58,2008,
58,2009,
58,2010,
58,2011,
58,2012,1.0
58,2013,0.0
59,1961,
59,1962,
59,1963,
59,1964,
59,1965,
59,1966,
59,1967,
59,1968,
59,1969,
59,1970,
59,1971,
59,1972,
59,1973,
59,1974,
59,1975,
59,1976,
59,1977,
59,1978,
59,1979,
59,1980,
59,1981,
59,1982,
59,1983,
59,1984,
59,1985,
59,1986,
59,1987,
59,1988,
59,1989,
59,1990,
59,1991,
59,1992,
59,1993,
59,1994,
59,1995,98.0
59,1996,241.0
59,1997,410.0
59,1998,218.0
59,1999,310.0
59,2000,25.0
59,2001,65.0
59,2002,213.0
59,2003,426.0
59,2004,216.0
59,2005,398.0
59,2006,392.0
59,2007,3276.0
59,2008,26064.0
59,2009,80606.0
59,2010,69120.0
59,2011,225050.0
59,2012,241402.0
59,2013,234490.0
60,1961,
60,1962,
60,1963,
60,1964,
60,1965,
60,1966,
60,1967,
60,1968,
60,1969,
60,1970,
60,1971,
60,1972,
60,1973,
60,1974,
60,1975,
60,1976,
60,1977,
60,1978,
60,1979,
60,1980,
60,1981,
60,1982,
60,1983,
60,1984,
60,1985,
60,1986,
60,1987,
60,1988,
60,1989,
60,1990,
60,1991,
60,1992,
60,1993,
60,1994,
60,1995,
60,1996,
60,1997,
60,1998,
60,1999,38.0
60,2000,1.0
60,2001,0.0
60,2002,36.0
60,2003,69.0
60,2004,112.0
60,2005,163.0
60,2006,215.0
60,2007,386.0
60,2008,442.0
60,2009,353.0
60,2010,228.0
60,2011,245.0
60,2012,378.0
60,2013,393.0
63,1992,
63,1993,
63,1994,
63,1995,
63,1996,
63,1997,
63,1998,925.0
63,1999,88.0
63,2000,0.0
63,2001,0.0
63,2002,0.0
63,2003,0.0
63,2004,78.0
63,2005,855.0
63,2006,657.0
63,2007,444.0
63,2008,450.0
63,2009,593.0
63,2010,835.0
63,2011,1059.0
63,2012,1040.0
63,2013,2056.0
238,1993,
238,1994,
238,1995,
238,1996,
238,1997,
238,1998,
238,1999,
238,2000,
238,2001,
238,2002,
238,2003,
238,2004,
238,2005,
238,2006,
238,2007,
238,2008,
238,2009,
238,2010,
238,2011,
238,2012,3.0
238,2013,3.0
66,1961,
66,1962,
66,1963,
66,1964,
66,1965,
66,1966,
66,1967,
66,1968,
66,1969,
66,1970,
66,1971,
66,1972,
66,1973,
66,1974,
66,1975,
66,1976,
66,1977,
66,1978,
66,1979,
66,1980,
66,1981,
66,1982,
66,1983,
66,1984,
66,1985,
66,1986,
66,1987,
66,1988,
66,1989,
66,1990,
66,1991,
66,1992,
66,1993,
66,1994,
66,1995,
66,1996,
66,1997,
66,1998,
66,1999,
66,2000,
66,2001,
66,2002,3.0
66,2003,1.0
66,2004,10.0
66,2005,5.0
66,2006,12.0
66,2007,18.0
66,2008,9.0
66,2009,6.0
66,2010,4.0
66,2011,1.0
66,2012,0.0
66,2013,7.0
67,1961,
67,1962,
67,1963,
67,1964,
67,1965,
67,1966,
67,1967,
67,1968,
67,1969,
67,1970,
67,1971,
67,1972,
67,1973,
67,1974,
67,1975,
67,1976,
67,1977,
67,1978,
67,1979,
67,1980,
67,1981,
67,1982,
67,1983,
67,1984,
67,1985,
67,1986,
67,1987,
67,1988,
67,1989,
67,1990,
67,1991,
67,1992,
67,1993,
67,1994,
67,1995,
67,1996,26408.0
67,1997,38395.0
67,1998,27989.0
67,1999,14835.0
67,2000,32519.0
67,2001,22549.0
67,2002,28765.0
67,2003,34004.0
67,2004,65694.0
67,2005,64898.0
67,2006,87314.0
67,2007,51264.0
67,2008,60747.0
67,2009,35956.0
67,2010,56246.0
67,2011,63453.0
67,2012,58254.0
67,2013,71843.0
68,1961,
68,1962,
68,1963,
68,1964,
68,1965,
68,1966,
68,1967,
68,1968,
68,1969,
68,1970,
68,1971,
68,1972,
68,1973,
68,1974,
68,1975,
68,1976,
68,1977,
68,1978,
68,1979,
68,1980,
68,1981,
68,1982,
68,1983,
68,1984,
68,1985,
68,1986,
68,1987,
68,1988,
68,1989,
68,1990,
68,1991,
68,1992,
68,1993,
68,1994,
68,1995,
68,1996,
68,1997,
68,1998,
68,1999,
68,2000,
68,2001,
68,2002,
68,2003,
68,2004,
68,2005,
68,2006,
68,2007,
68,2008,
68,2009,
68,2010,
68,2011,
68,2012,368422.0
68,2013,403011.0
73,1992,
73,1993,
73,1994,
73,1995,
73,1996,
73,1997,
73,1998,
73,1999,
73,2000,3.0
73,2001,0.0
73,2002,7.0
73,2003,22.0
73,2004,11.0
73,2005,0.0
73,2006,0.0
73,2007,54.0
73,2008,0.0
73,2009,4.0
73,2010,0.0
73,2011,1.0
73,2012,10.0
73,2013,2.0
79,1961,
79,1962,
79,1963,
79,1964,
79,1965,
79,1966,
79,1967,
79,1968,
79,1969,
79,1970,
79,1971,
79,1972,
79,1973,
79,1974,
79,1975,
79,1976,
79,1977,
79,1978,
79,1979,
79,1980,
79,1981,
79,1982,
79,1983,
79,1984,
79,1985,
79,1986,
79,1987,
79,1988,
79,1989,
79,1990,
79,1991,
79,1992,
79,1993,
79,1994,
79,1995,
79,1996,
79,1997,
79,1998,
79,1999,
79,2000,
79,2001,
79,2002,
79,2003,
79,2004,
79,2005,
79,2006,
79,2007,
79,2008,
79,2009,
79,2010,
79,2011,
79,2012,328095.0
79,2013,366722.0
81,1961,
81,1962,
81,1963,
81,1964,
81,1965,
81,1966,
81,1967,
81,1968,
81,1969,
81,1970,
81,1971,
81,1972,
81,1973,
81,1974,
81,1975,
81,1976,
81,1977,
81,1978,
81,1979,
81,1980,
81,1981,
81,1982,
81,1983,
81,1984,
81,1985,
81,1986,
81,1987,
81,1988,
81,1989,
81,1990,
81,1991,
81,1992,
81,1993,
81,1994,
81,1995,
81,1996,
81,1997,
81,1998,
81,1999,
81,2000,
81,2001,
81,2002,
81,2003,
81,2004,
81,2005,
81,2006,
81,2007,
81,2008,
81,2009,12.0
81,2010,0.0
81,2011,0.0
81,2012,0.0
81,2013,0.0
84,1961,0.0
84,1962,0.0
84,1963,0.0
84,1964,0.0
84,1965,0.0
84,1966,0.0
84,1967,0.0
84,1968,0.0
84,1969,0.0
84,1970,0.0
84,1971,0.0
84,1972,0.0
84,1973,0.0
84,1974,0.0
84,1975,0.0
84,1976,0.0
84,1977,0.0
84,1978,0.0
84,1979,0.0
84,1980,0.0
84,1981,0.0
84,1982,0.0
84,1983,0.0
84,1984,0.0
84,1985,0.0
84,1986,
84,1987,
84,1988,
84,1989,
84,1990,
84,1991,
84,1992,
84,1993,
84,1994,
84,1995,
84,1996,
84,1997,
84,1998,
84,1999,568.0
84,2000,475.0
84,2001,561.0
84,2002,597.0
84,2003,206.0
84,2004,389.0
84,2005,776.0
84,2006,758.0
84,2007,1524.0
84,2008,1318.0
84,2009,857.0
84,2010,813.0
84,2011,982.0
84,2012,888.0
84,2013,757.0
89,1961,
89,1962,
89,1963,
89,1964,
89,1965,
89,1966,
89,1967,
89,1968,
89,1969,
89,1970,
89,1971,
89,1972,
89,1973,
89,1974,
89,1975,
89,1976,
89,1977,
89,1978,
89,1979,
89,1980,
89,1981,
89,1982,
89,1983,
89,1984,
89,1985,
89,1986,
89,1987,
89,1988,
89,1989,
89,1990,
89,1991,
89,1992,
89,1993,
89,1994,
89,1995,
89,1996,
89,1997,
89,1998,
89,1999,
89,2000,
89,2001,
89,2002,2.0
89,2003,0.0
89,2004,5.0
89,2005,8.0
89,2006,69.0
89,2007,470.0
89,2008,254.0
89,2009,76.0
89,2010,23.0
89,2011,14.0
89,2012,12.0
89,2013,11.0
91,1961,
91,1962,
91,1963,
91,1964,
91,1965,
91,1966,
91,1967,
91,1968,
91,1969,
91,1970,
91,1971,
91,1972,
91,1973,
91,1974,
91,1975,
91,1976,
91,1977,
91,1978,
91,1979,
91,1980,
91,1981,
91,1982,
91,1983,
91,1984,
91,1985,
91,1986,
91,1987,
91,1988,
91,1989,
91,1990,
91,1991,
91,1992,
91,1993,
91,1994,
91,1995,
91,1996,
91,1997,
91,1998,
91,1999,1.0
91,2000,
91,2001,
91,2002,
91,2003,
91,2004,
91,2005,
91,2006,
91,2007,
91,2008,
91,2009,
91,2010,
91,2011,
91,2012,
91,2013,
95,1961,
95,1962,
95,1963,
95,1964,
95,1965,
95,1966,
95,1967,
95,1968,
95,1969,
95,1970,
95,1971,
95,1972,
95,1973,
95,1974,
95,1975,
95,1976,
95,1977,
95,1978,
95,1979,
95,1980,
95,1981,
95,1982,
95,1983,
95,1984,
95,1985,
95,1986,
95,1987,
95,1988,
95,1989,
95,1990,
95,1991,
95,1992,
95,1993,
95,1994,
95,1995,
95,1996,185.0
95,1997,196.0
95,1998,126.0
95,1999,452.0
95,2000,0.0
95,2001,22.0
95,2002,556.0
95,2003,1920.0
95,2004,945.0
95,2005,1439.0
95,2006,2822.0
95,2007,1590.0
95,2008,3095.0
95,2009,4425.0
95,2010,8123.0
95,2011,7673.0
95,2012,1689.0
95,2013,271.0
97,1961,
97,1962,
97,1963,
97,1964,
97,1965,
97,1966,
97,1967,
97,1968,
97,1969,
97,1970,
97,1971,
97,1972,
97,1973,
97,1974,
97,1975,
97,1976,
97,1977,
97,1978,
97,1979,
97,1980,
97,1981,
97,1982,
97,1983,
97,1984,
97,1985,
97,1986,
97,1987,
97,1988,
97,1989,
97,1990,
97,1991,
97,1992,
97,1993,
97,1994,
97,1995,
97,1996,1458.0
97,1997,893.0
97,1998,1141.0
97,1999,1111.0
97,2000,1985.0
97,2001,2142.0
97,2002,886.0
97,2003,850.0
97,2004,385.0
97,2005,2505.0
97,2006,2706.0
97,2007,5781.0
97,2008,9553.0
97,2009,3147.0
97,2010,6047.0
97,2011,8360.0
97,2012,27083.0
97,2013,38964.0
99,1961,
99,1962,
99,1963,
99,1964,
99,1965,
99,1966,
99,1967,
99,1968,
99,1969,
99,1970,
99,1971,
99,1972,
99,1973,
99,1974,
99,1975,
99,1976,
99,1977,
99,1978,
99,1979,
99,1980,
99,1981,
99,1982,
99,1983,
99,1984,
99,1985,
99,1986,
99,1987,
99,1988,
99,1989,
99,1990,
99,1991,
99,1992,
99,1993,
99,1994,
99,1995,
99,1996,
99,1997,
99,1998,
99,1999,
99,2000,7.0
99,2001,0.0
99,2002,4.0
99,2003,3.0
99,2004,8.0
99,2005,28.0
99,2006,0.0
99,2007,1.0
99,2008,3.0
99,2009,4.0
99,2010,8.0
99,2011,338.0
99,2012,287.0
99,2013,7.0
100,1961,
100,1962,
100,1963,
100,1964,
100,1965,
100,1966,
100,1967,
100,1968,
100,1969,
100,1970,
100,1971,
100,1972,
100,1973,
100,1974,
100,1975,
100,1976,
100,1977,
100,1978,
100,1979,
100,1980,
100,1981,
100,1982,
100,1983,
100,1984,
100,1985,
100,1986,
100,1987,
100,1988,
100,1989,
100,1990,
100,1991,
100,1992,
100,1993,
100,1994,
100,1995,
100,1996,6.0
100,1997,17.0
100,1998,5.0
100,1999,17.0
100,2000,9.0
100,2001,52.0
100,2002,22.0
100,2003,17.0
100,2004,125.0
100,2005,180.0
100,2006,361.0
100,2007,4659.0
100,2008,5418.0
100,2009,3047.0
100,2010,3241.0
100,2011,2368.0
100,2012,3128.0
100,2013,3920.0
101,1961,
101,1962,
101,1963,
101,1964,
101,1965,
101,1966,
101,1967,
101,1968,
101,1969,
101,1970,
101,1971,
101,1972,
101,1973,
101,1974,
101,1975,
101,1976,
101,1977,
101,1978,
101,1979,
101,1980,
101,1981,
101,1982,
101,1983,
101,1984,
101,1985,
101,1986,
101,1987,
101,1988,
101,1989,
101,1990,
101,1991,
101,1992,
101,1993,
101,1994,
101,1995,
101,1996,
101,1997,24.0
101,1998,202.0
101,1999,0.0
101,2000,36.0
101,2001,51.0
101,2002,66.0
101,2003,1116.0
101,2004,1073.0
101,2005,915.0
101,2006,1368.0
101,2007,1163.0
101,2008,2257.0
101,2009,1944.0
101,2010,2471.0
101,2011,2334.0
101,2012,2554.0
101,2013,3042.0
102,1961,
102,1962,
102,1963,
102,1964,
102,1965,
102,1966,
102,1967,
102,1968,
102,1969,
102,1970,
102,1971,
102,1972,
102,1973,
102,1974,
102,1975,
102,1976,
102,1977,
102,1978,
102,1979,
102,1980,
102,1981,
102,1982,
102,1983,
102,1984,
102,1985,
102,1986,
102,1987,
102,1988,
102,1989,
102,1990,
102,1991,
102,1992,
102,1993,
102,1994,
102,1995,
102,1996,
102,1997,
102,1998,
102,1999,
102,2000,
102,2001,5.0
102,2002,81.0
102,2003,144.0
102,2004,94.0
102,2005,700.0
102,2006,3748.0
102,2007,14446.0
102,2008,4468.0
102,2009,7708.0
102,2010,700.0
102,2011,283.0
102,2012,283.0
102,2013,283.0
104,1961,
104,1962,
104,1963,
104,1964,
104,1965,
104,1966,
104,1967,
104,1968,
104,1969,
104,1970,
104,1971,
104,1972,
104,1973,
104,1974,
104,1975,
104,1976,
104,1977,
104,1978,
104,1979,
104,1980,
104,1981,
104,1982,
104,1983,
104,1984,
104,1985,
104,1986,
104,1987,
104,1988,
104,1989,
104,1990,
104,1991,
104,1992,
104,1993,
104,1994,
104,1995,
104,1996,
104,1997,
104,1998,
104,1999,
104,2000,30261.0
104,2001,25695.0
104,2002,24301.0
104,2003,27722.0
104,2004,56303.0
104,2005,59573.0
104,2006,63860.0
104,2007,63327.0
104,2008,66576.0
104,2009,72433.0
104,2010,82666.0
104,2011,68119.0
104,2012,48898.0
104,2013,120994.0
105,1961,0.0
105,1962,0.0
105,1963,0.0
105,1964,0.0
105,1965,0.0
105,1966,0.0
105,1967,0.0
105,1968,0.0
105,1969,0.0
105,1970,0.0
105,1971,0.0
105,1972,0.0
105,1973,0.0
105,1974,0.0
105,1975,0.0
105,1976,0.0
105,1977,0.0
105,1978,0.0
105,1979,0.0
105,1980,0.0
105,1981,0.0
105,1982,0.0
105,1983,0.0
105,1984,0.0
105,1985,0.0
105,1986,0.0
105,1987,0.0
105,1988,800.0
105,1989,195.0
105,1990,13.0
105,1991,46.0
105,1992,95.0
105,1993,14.0
105,1994,0.0
105,1995,0.0
105,1996,0.0
105,1997,0.0
105,1998,0.0
105,1999,0.0
105,2000,0.0
105,2001,0.0
105,2002,0.0
105,2003,0.0
105,2004,286.0
105,2005,27.0
105,2006,1205.0
105,2007,510.0
105,2008,0.0
105,2009,92.0
105,2010,0.0
105,2011,0.0
105,2012,1.0
105,2013,9.0
106,1961,
106,1962,
106,1963,
106,1964,
106,1965,
106,1966,
106,1967,
106,1968,
106,1969,
106,1970,
106,1971,
106,1972,
106,1973,
106,1974,
106,1975,
106,1976,
106,1977,
106,1978,
106,1979,
106,1980,
106,1981,
106,1982,
106,1983,
106,1984,
106,1985,
106,1986,
106,1987,
106,1988,
106,1989,
106,1990,
106,1991,
106,1992,
106,1993,
106,1994,
106,1995,
106,1996,23202.0
106,1997,17599.0
106,1998,17973.0
106,1999,17734.0
106,2000,13650.0
106,2001,15001.0
106,2002,16431.0
106,2003,23763.0
106,2004,31040.0
106,2005,27383.0
106,2006,23042.0
106,2007,25555.0
106,2008,28487.0
106,2009,22562.0
106,2010,21437.0
106,2011,20135.0
106,2012,21235.0
106,2013,21334.0
109,1961,
109,1962,
109,1963,
109,1964,
109,1965,
109,1966,
109,1967,
109,1968,
109,1969,
109,1970,
109,1971,
109,1972,
109,1973,
109,1974,
109,1975,
109,1976,
109,1977,
109,1978,
109,1979,
109,1980,
109,1981,
109,1982,
109,1983,
109,1984,
109,1985,
109,1986,
109,1987,
109,1988,
109,1989,
109,1990,
109,1991,
109,1992,
109,1993,
109,1994,
109,1995,
109,1996,
109,1997,
109,1998,
109,1999,
109,2000,
109,2001,2787.0
109,2002,
109,2003,
109,2004,3532.0
109,2005,3312.0
109,2006,321.0
109,2007,4544.0
109,2008,5719.0
109,2009,2412.0
109,2010,415.0
109,2011,1073.0
109,2012,752.0
109,2013,183.0
110,1961,
110,1962,
110,1963,
110,1964,
110,1965,
110,1966,
110,1967,
110,1968,
110,1969,
110,1970,
110,1971,
110,1972,
110,1973,
110,1974,
110,1975,
110,1976,
110,1977,
110,1978,
110,1979,
110,1980,
110,1981,
110,1982,
110,1983,
110,1984,
110,1985,
110,1986,
110,1987,
110,1988,
110,1989,
110,1990,
110,1991,
110,1992,
110,1993,
110,1994,
110,1995,
110,1996,
110,1997,282.0
110,1998,624.0
110,1999,930.0
110,2000,1323.0
110,2001,792.0
110,2002,793.0
110,2003,1508.0
110,2004,1556.0
110,2005,1907.0
110,2006,2419.0
110,2007,2921.0
110,2008,2518.0
110,2009,2484.0
110,2010,2376.0
110,2011,2666.0
110,2012,2757.0
110,2013,3756.0
112,1961,
112,1962,
112,1963,
112,1964,
112,1965,
112,1966,
112,1967,
112,1968,
112,1969,
112,1970,
112,1971,
112,1972,
112,1973,
112,1974,
112,1975,
112,1976,
112,1977,
112,1978,
112,1979,
112,1980,
112,1981,
112,1982,
112,1983,
112,1984,
112,1985,
112,1986,
112,1987,
112,1988,
112,1989,
112,1990,
112,1991,
112,1992,
112,1993,
112,1994,
112,1995,
112,1996,
112,1997,
112,1998,
112,1999,
112,2000,
112,2001,
112,2002,
112,2003,
112,2004,
112,2005,
112,2006,
112,2007,
112,2008,
112,2009,
112,2010,
112,2011,
112,2012,310.0
112,2013,16.0
108,1992,
108,1993,
108,1994,
108,1995,
108,1996,
108,1997,
108,1998,
108,1999,
108,2000,124.0
108,2001,75.0
108,2002,30.0
108,2003,26.0
108,2004,5.0
108,2005,11.0
108,2006,0.0
108,2007,54.0
108,2008,244.0
108,2009,88.0
108,2010,120.0
108,2011,114.0
108,2012,198.0
108,2013,44.0
114,1961,
114,1962,
114,1963,
114,1964,
114,1965,
114,1966,
114,1967,
114,1968,
114,1969,
114,1970,
114,1971,
114,1972,
114,1973,
114,1974,
114,1975,
114,1976,
114,1977,
114,1978,
114,1979,
114,1980,
114,1981,
114,1982,
114,1983,
114,1984,
114,1985,
114,1986,
114,1987,
114,1988,
114,1989,
114,1990,
114,1991,
114,1992,
114,1993,
114,1994,
114,1995,
114,1996,
114,1997,
114,1998,
114,1999,
114,2000,4.0
114,2001,5.0
114,2002,8.0
114,2003,29.0
114,2004,118.0
114,2005,119.0
114,2006,79.0
114,2007,67.0
114,2008,68.0
114,2009,78.0
114,2010,96.0
114,2011,11.0
114,2012,11.0
114,2013,76.0
118,1961,
118,1962,
118,1963,
118,1964,
118,1965,
118,1966,
118,1967,
118,1968,
118,1969,
118,1970,
118,1971,
118,1972,
118,1973,
118,1974,
118,1975,
118,1976,
118,1977,
118,1978,
118,1979,
118,1980,
118,1981,
118,1982,
118,1983,
118,1984,
118,1985,
118,1986,
118,1987,
118,1988,
118,1989,
118,1990,
118,1991,
118,1992,
118,1993,
118,1994,
118,1995,
118,1996,
118,1997,
118,1998,
118,1999,
118,2000,15.0
118,2001,67.0
118,2002,
118,2003,
118,2004,
118,2005,
118,2006,
118,2007,
118,2008,
118,2009,201.0
118,2010,0.0
118,2011,0.0
118,2012,0.0
118,2013,75.0
113,1992,
113,1993,
113,1994,
113,1995,
113,1996,
113,1997,
113,1998,
113,1999,
113,2000,
113,2001,349.0
113,2002,85.0
113,2003,9.0
113,2004,370.0
113,2005,0.0
113,2006,692.0
113,2007,518.0
113,2008,331.0
113,2009,172.0
113,2010,123.0
113,2011,0.0
113,2012,0.0
113,2013,0.0
119,1992,
119,1993,
119,1994,
119,1995,
119,1996,30.0
119,1997,165.0
119,1998,381.0
119,1999,434.0
119,2000,417.0
119,2001,658.0
119,2002,711.0
119,2003,756.0
119,2004,0.0
119,2005,0.0
119,2006,0.0
119,2007,0.0
119,2008,0.0
119,2009,0.0
119,2010,0.0
119,2011,2518.0
119,2012,2390.0
119,2013,3053.0
121,1961,
121,1962,
121,1963,
121,1964,
121,1965,
121,1966,
121,1967,
121,1968,
121,1969,
121,1970,
121,1971,
121,1972,
121,1973,
121,1974,
121,1975,
121,1976,
121,1977,
121,1978,
121,1979,
121,1980,
121,1981,
121,1982,
121,1983,
121,1984,
121,1985,
121,1986,
121,1987,
121,1988,
121,1989,
121,1990,
121,1991,
121,1992,
121,1993,
121,1994,
121,1995,
121,1996,
121,1997,571.0
121,1998,139.0
121,1999,87.0
121,2000,2.0
121,2001,92.0
121,2002,65.0
121,2003,236.0
121,2004,135.0
121,2005,111.0
121,2006,147.0
121,2007,421.0
121,2008,362.0
121,2009,224.0
121,2010,383.0
121,2011,1214.0
121,2012,1068.0
121,2013,840.0
126,1992,
126,1993,
126,1994,
126,1995,8883.0
126,1996,7895.0
126,1997,5353.0
126,1998,7284.0
126,1999,1456.0
126,2000,311.0
126,2001,479.0
126,2002,927.0
126,2003,1121.0
126,2004,0.0
126,2005,0.0
126,2006,0.0
126,2007,0.0
126,2008,0.0
126,2009,0.0
126,2010,2353.0
126,2011,4180.0
126,2012,4558.0
126,2013,4864.0
256,2000,
256,2001,0.0
256,2002,0.0
256,2003,0.0
256,2004,0.0
256,2005,0.0
256,2006,0.0
256,2007,0.0
256,2008,0.0
256,2009,0.0
256,2010,0.0
256,2011,0.0
256,2012,17880.0
256,2013,20344.0
129,1961,
129,1962,
129,1963,
129,1964,
129,1965,
129,1966,
129,1967,
129,1968,
129,1969,
129,1970,
129,1971,
129,1972,
129,1973,
129,1974,
129,1975,
129,1976,
129,1977,
129,1978,
129,1979,
129,1980,
129,1981,
129,1982,
129,1983,
129,1984,
129,1985,
129,1986,
129,1987,
129,1988,
129,1989,
129,1990,
129,1991,
129,1992,
129,1993,
129,1994,
129,1995,
129,1996,
129,1997,
129,1998,
129,1999,
129,2000,
129,2001,
129,2002,
129,2003,
129,2004,
129,2005,
129,2006,
129,2007,
129,2008,45.0
129,2009,0.0
129,2010,0.0
129,2011,0.0
129,2012,206.0
129,2013,0.0
131,1961,
131,1962,
131,1963,
131,1964,
131,1965,
131,1966,
131,1967,
131,1968,
131,1969,
131,1970,
131,1971,
131,1972,
131,1973,
131,1974,
131,1975,
131,1976,
131,1977,
131,1978,
131,1979,
131,1980,
131,1981,
131,1982,
131,1983,
131,1984,
131,1985,
131,1986,
131,1987,
131,1988,
131,1989,
131,1990,
131,1991,
131,1992,
131,1993,
131,1994,
131,1995,
131,1996,
131,1997,
131,1998,
131,1999,
131,2000,
131,2001,
131,2002,
131,2003,
131,2004,
131,2005,
131,2006,
131,2007,
131,2008,28.0
131,2009,79.0
131,2010,276.0
131,2011,370.0
131,2012,817.0
131,2013,809.0
132,1961,
132,1962,
132,1963,
132,1964,
132,1965,
132,1966,
132,1967,
132,1968,
132,1969,
132,1970,
132,1971,
132,1972,
132,1973,
132,1974,
132,1975,
132,1976,
132,1977,
132,1978,
132,1979,
132,1980,
132,1981,
132,1982,
132,1983,
132,1984,
132,1985,
132,1986,
132,1987,
132,1988,
132,1989,
132,1990,
132,1991,
132,1992,
132,1993,
132,1994,
132,1995,
132,1996,
132,1997,
132,1998,
132,1999,
132,2000,
132,2001,0.0
132,2002,0.0
132,2003,0.0
132,2004,0.0
132,2005,0.0
132,2006,0.0
132,2007,0.0
132,2008,0.0
132,2009,0.0
132,2010,0.0
132,2011,0.0
132,2012,0.0
132,2013,0.0
134,1961,0.0
134,1962,0.0
134,1963,0.0
134,1964,0.0
134,1965,0.0
134,1966,0.0
134,1967,0.0
134,1968,0.0
134,1969,0.0
134,1970,0.0
134,1971,0.0
134,1972,0.0
134,1973,0.0
134,1974,0.0
134,1975,0.0
134,1976,0.0
134,1977,0.0
134,1978,0.0
134,1979,0.0
134,1980,0.0
134,1981,0.0
134,1982,0.0
134,1983,0.0
134,1984,0.0
134,1985,0.0
134,1986,0.0
134,1987,0.0
134,1988,0.0
134,1989,0.0
134,1990,77.0
134,1991,4.0
134,1992,13.0
134,1993,161.0
134,1994,0.0
134,1995,0.0
134,1996,0.0
134,1997,0.0
134,1998,32.0
134,1999,0.0
134,2000,7.0
134,2001,0.0
134,2002,42.0
134,2003,5.0
134,2004,0.0
134,2005,0.0
134,2006,0.0
134,2007,0.0
134,2008,52.0
134,2009,0.0
134,2010,0.0
134,2011,26.0
134,2012,0.0
134,2013,26.0
137,1961,0.0
137,1962,0.0
137,1963,0.0
137,1964,0.0
137,1965,0.0
137,1966,0.0
137,1967,0.0
137,1968,0.0
137,1969,0.0
137,1970,0.0
137,1971,0.0
137,1972,0.0
137,1973,0.0
137,1974,0.0
137,1975,0.0
137,1976,0.0
137,1977,0.0
137,1978,0.0
137,1979,0.0
137,1980,0.0
137,1981,0.0
137,1982,0.0
137,1983,0.0
137,1984,0.0
137,1985,0.0
137,1986,0.0
137,1987,0.0
137,1988,0.0
137,1989,0.0
137,1990,0.0
137,1991,0.0
137,1992,1.0
137,1993,0.0
137,1994,0.0
137,1995,0.0
137,1996,0.0
137,1997,0.0
137,1998,85.0
137,1999,0.0
137,2000,0.0
137,2001,0.0
137,2002,0.0
137,2003,0.0
137,2004,0.0
137,2005,0.0
137,2006,0.0
137,2007,0.0
137,2008,0.0
137,2009,0.0
137,2010,0.0
137,2011,0.0
137,2012,44.0
137,2013,216.0
138,1961,
138,1962,
138,1963,
138,1964,
138,1965,
138,1966,
138,1967,
138,1968,
138,1969,
138,1970,
138,1971,
138,1972,
138,1973,
138,1974,
138,1975,
138,1976,
138,1977,
138,1978,
138,1979,
138,1980,
138,1981,
138,1982,
138,1983,
138,1984,
138,1985,
138,1986,
138,1987,
138,1988,
138,1989,
138,1990,
138,1991,
138,1992,
138,1993,
138,1994,
138,1995,
138,1996,
138,1997,606.0
138,1998,692.0
138,1999,501.0
138,2000,332.0
138,2001,229.0
138,2002,498.0
138,2003,901.0
138,2004,1537.0
138,2005,1179.0
138,2006,1967.0
138,2007,2218.0
138,2008,2669.0
138,2009,2197.0
138,2010,2364.0
138,2011,876.0
138,2012,805.0
138,2013,770.0
273,2006,
273,2007,
273,2008,
273,2009,
273,2010,
273,2011,
273,2012,6.0
273,2013,6.0
143,1961,
143,1962,
143,1963,
143,1964,
143,1965,
143,1966,
143,1967,
143,1968,
143,1969,
143,1970,
143,1971,
143,1972,
143,1973,
143,1974,
143,1975,
143,1976,
143,1977,
143,1978,
143,1979,
143,1980,
143,1981,
143,1982,
143,1983,
143,1984,
143,1985,
143,1986,
143,1987,
143,1988,
143,1989,
143,1990,
143,1991,
143,1992,
143,1993,
143,1994,
143,1995,
143,1996,12034.0
143,1997,20108.0
143,1998,16594.0
143,1999,19083.0
143,2000,19421.0
143,2001,24397.0
143,2002,32030.0
143,2003,41857.0
143,2004,48514.0
143,2005,72702.0
143,2006,97091.0
143,2007,97775.0
143,2008,94512.0
143,2009,94954.0
143,2010,91746.0
143,2011,33908.0
143,2012,113408.0
143,2013,140051.0
147,1961,
147,1962,
147,1963,
147,1964,
147,1965,
147,1966,
147,1967,
147,1968,
147,1969,
147,1970,
147,1971,
147,1972,
147,1973,
147,1974,
147,1975,
147,1976,
147,1977,
147,1978,
147,1979,
147,1980,
147,1981,
147,1982,
147,1983,
147,1984,
147,1985,
147,1986,
147,1987,
147,1988,
147,1989,
147,1990,
147,1991,
147,1992,
147,1993,
147,1994,
147,1995,
147,1996,
147,1997,
147,1998,
147,1999,
147,2000,
147,2001,
147,2002,
147,2003,
147,2004,
147,2005,
147,2006,
147,2007,
147,2008,
147,2009,
147,2010,
147,2011,
147,2012,1.0
147,2013,2.0
149,1961,
149,1962,
149,1963,
149,1964,
149,1965,
149,1966,
149,1967,
149,1968,
149,1969,
149,1970,
149,1971,
149,1972,
149,1973,
149,1974,
149,1975,
149,1976,
149,1977,
149,1978,
149,1979,
149,1980,
149,1981,
149,1982,
149,1983,
149,1984,
149,1985,
149,1986,
149,1987,
149,1988,
149,1989,
149,1990,
149,1991,
149,1992,
149,1993,
149,1994,
149,1995,
149,1996,
149,1997,
149,1998,
149,1999,
149,2000,
149,2001,
149,2002,
149,2003,
149,2004,
149,2005,
149,2006,
149,2007,
149,2008,
149,2009,
149,2010,
149,2011,0.0
149,2012,0.0
149,2013,0.0
150,1961,
150,1962,
150,1963,
150,1964,
150,1965,
150,1966,
150,1967,
150,1968,
150,1969,
150,1970,
150,1971,
150,1972,
150,1973,
150,1974,
150,1975,
150,1976,
150,1977,
150,1978,
150,1979,
150,1980,
150,1981,
150,1982,
150,1983,
150,1984,
150,1985,
150,1986,
150,1987,
150,1988,
150,1989,
150,1990,
150,1991,
150,1992,
150,1993,
150,1994,
150,1995,
150,1996,
150,1997,
150,1998,
150,1999,
150,2000,
150,2001,
150,2002,
150,2003,
150,2004,
150,2005,
150,2006,
150,2007,
150,2008,
150,2009,
150,2010,
150,2011,
150,2012,46945.0
150,2013,47907.0
153,1961,
153,1962,
153,1963,
153,1964,
153,1965,
153,1966,
153,1967,
153,1968,
153,1969,
153,1970,
153,1971,
153,1972,
153,1973,
153,1974,
153,1975,
153,1976,
153,1977,
153,1978,
153,1979,
153,1980,
153,1981,
153,1982,
153,1983,
153,1984,
153,1985,
153,1986,
153,1987,
153,1988,
153,1989,
153,1990,
153,1991,
153,1992,
153,1993,
153,1994,
153,1995,
153,1996,
153,1997,4.0
153,1998,0.0
153,1999,0.0
153,2000,0.0
153,2001,0.0
153,2002,0.0
153,2003,0.0
153,2004,0.0
153,2005,0.0
153,2006,0.0
153,2007,0.0
153,2008,0.0
153,2009,0.0
153,2010,0.0
153,2011,0.0
153,2012,0.0
153,2013,0.0
156,1961,0.0
156,1962,0.0
156,1963,612.0
156,1964,698.0
156,1965,1001.0
156,1966,951.0
156,1967,1145.0
156,1968,837.0
156,1969,314.0
156,1970,484.0
156,1971,382.0
156,1972,574.0
156,1973,831.0
156,1974,926.0
156,1975,924.0
156,1976,1878.0
156,1977,1163.0
156,1978,2220.0
156,1979,2751.0
156,1980,3451.0
156,1981,4839.0
156,1982,5561.0
156,1983,6561.0
156,1984,10260.0
156,1985,7954.0
156,1986,7132.0
156,1987,11618.0
156,1988,8145.0
156,1989,13194.0
156,1990,12429.0
156,1991,15460.0
156,1992,15619.0
156,1993,18180.0
156,1994,22889.0
156,1995,24808.0
156,1996,36469.0
156,1997,45092.0
156,1998,37918.0
156,1999,44622.0
156,2000,40694.0
156,2001,40595.0
156,2002,39215.0
156,2003,43788.0
156,2004,58167.0
156,2005,82704.0
156,2006,76328.0
156,2007,68783.0
156,2008,71701.0
156,2009,66765.0
156,2010,85629.0
156,2011,72348.0
156,2012,88208.0
156,2013,94479.0
157,1961,
157,1962,
157,1963,
157,1964,
157,1965,
157,1966,
157,1967,
157,1968,
157,1969,
157,1970,
157,1971,
157,1972,
157,1973,
157,1974,
157,1975,
157,1976,
157,1977,
157,1978,
157,1979,
157,1980,
157,1981,
157,1982,
157,1983,
157,1984,
157,1985,
157,1986,
157,1987,
157,1988,
157,1989,
157,1990,
157,1991,
157,1992,
157,1993,
157,1994,
157,1995,
157,1996,
157,1997,19.0
157,1998,1785.0
157,1999,2645.0
157,2000,4463.0
157,2001,3313.0
157,2002,12271.0
157,2003,7850.0
157,2004,8189.0
157,2005,8347.0
157,2006,100.0
157,2007,12322.0
157,2008,15718.0
157,2009,21766.0
157,2010,21069.0
157,2011,23808.0
157,2012,0.0
157,2013,0.0
162,1961,
162,1962,
162,1963,
162,1964,
162,1965,
162,1966,
162,1967,
162,1968,
162,1969,
162,1970,
162,1971,
162,1972,
162,1973,
162,1974,
162,1975,
162,1976,
162,1977,
162,1978,
162,1979,
162,1980,
162,1981,
162,1982,
162,1983,
162,1984,
162,1985,
162,1986,
162,1987,
162,1988,
162,1989,
162,1990,
162,1991,
162,1992,
162,1993,
162,1994,
162,1995,
162,1996,
162,1997,
162,1998,
162,1999,
162,2000,1026.0
162,2001,657.0
162,2002,735.0
162,2003,765.0
162,2004,714.0
162,2005,526.0
162,2006,807.0
162,2007,691.0
162,2008,903.0
162,2009,743.0
162,2010,498.0
162,2011,346.0
162,2012,377.0
162,2013,321.0
299,1961,
299,1962,
299,1963,
299,1964,
299,1965,
299,1966,
299,1967,
299,1968,
299,1969,
299,1970,
299,1971,
299,1972,
299,1973,
299,1974,
299,1975,
299,1976,
299,1977,
299,1978,
299,1979,
299,1980,
299,1981,
299,1982,
299,1983,
299,1984,
299,1985,
299,1986,
299,1987,
299,1988,
299,1989,
299,1990,
299,1991,
299,1992,
299,1993,
299,1994,
299,1995,
299,1996,199.0
299,1997,69.0
299,1998,313.0
299,1999,473.0
299,2000,300.0
299,2001,330.0
299,2002,350.0
299,2003,350.0
299,2004,350.0
299,2005,350.0
299,2006,14.0
299,2007,3.0
299,2008,13.0
299,2009,13.0
299,2010,4.0
299,2011,4.0
299,2012,2.0
299,2013,10.0
221,1961,
221,1962,
221,1963,
221,1964,
221,1965,
221,1966,
221,1967,
221,1968,
221,1969,
221,1970,
221,1971,
221,1972,
221,1973,
221,1974,
221,1975,
221,1976,
221,1977,
221,1978,
221,1979,
221,1980,
221,1981,
221,1982,
221,1983,
221,1984,
221,1985,
221,1986,
221,1987,
221,1988,
221,1989,
221,1990,
221,1991,
221,1992,
221,1993,
221,1994,
221,1995,
221,1996,
221,1997,
221,1998,
221,1999,
221,2000,
221,2001,
221,2002,886.0
221,2003,0.0
221,2004,96.0
221,2005,129.0
221,2006,120.0
221,2007,121.0
221,2008,0.0
221,2009,0.0
221,2010,0.0
221,2011,0.0
221,2012,5.0
221,2013,206.0
166,1961,
166,1962,
166,1963,
166,1964,
166,1965,
166,1966,
166,1967,
166,1968,
166,1969,
166,1970,
166,1971,
166,1972,
166,1973,
166,1974,
166,1975,
166,1976,
166,1977,
166,1978,
166,1979,
166,1980,
166,1981,
166,1982,
166,1983,
166,1984,
166,1985,
166,1986,
166,1987,
166,1988,
166,1989,
166,1990,
166,1991,
166,1992,
166,1993,
166,1994,
166,1995,
166,1996,1385.0
166,1997,0.0
166,1998,997.0
166,1999,370.0
166,2000,244.0
166,2001,413.0
166,2002,945.0
166,2003,1317.0
166,2004,1447.0
166,2005,2770.0
166,2006,2681.0
166,2007,3346.0
166,2008,6408.0
166,2009,4366.0
166,2010,6270.0
166,2011,7012.0
166,2012,7202.0
166,2013,6570.0
169,1961,
169,1962,
169,1963,
169,1964,
169,1965,
169,1966,
169,1967,
169,1968,
169,1969,
169,1970,
169,1971,
169,1972,
169,1973,
169,1974,
169,1975,
169,1976,
169,1977,
169,1978,
169,1979,
169,1980,
169,1981,
169,1982,
169,1983,
169,1984,
169,1985,
169,1986,
169,1987,
169,1988,
169,1989,
169,1990,
169,1991,
169,1992,
169,1993,
169,1994,
169,1995,
169,1996,
169,1997,
169,1998,
169,1999,
169,2000,
169,2001,
169,2002,
169,2003,
169,2004,
169,2005,
169,2006,
169,2007,
169,2008,
169,2009,
169,2010,3.0
169,2011,8.0
169,2012,8.0
169,2013,0.0
170,1961,
170,1962,
170,1963,
170,1964,
170,1965,
170,1966,
170,1967,
170,1968,
170,1969,
170,1970,
170,1971,
170,1972,
170,1973,
170,1974,
170,1975,
170,1976,
170,1977,
170,1978,
170,1979,
170,1980,
170,1981,
170,1982,
170,1983,
170,1984,
170,1985,
170,1986,
170,1987,
170,1988,
170,1989,
170,1990,
170,1991,
170,1992,
170,1993,
170,1994,
170,1995,
170,1996,
170,1997,
170,1998,
170,1999,
170,2000,
170,2001,0.0
170,2002,3.0
170,2003,0.0
170,2004,0.0
170,2005,3.0
170,2006,1.0
170,2007,5.0
170,2008,0.0
170,2009,0.0
170,2010,13.0
170,2011,0.0
170,2012,1.0
170,2013,0.0
171,1961,0.0
171,1962,0.0
171,1963,0.0
171,1964,0.0
171,1965,0.0
171,1966,0.0
171,1967,0.0
171,1968,0.0
171,1969,0.0
171,1970,0.0
171,1971,0.0
171,1972,0.0
171,1973,0.0
171,1974,0.0
171,1975,0.0
171,1976,0.0
171,1977,0.0
171,1978,0.0
171,1979,0.0
171,1980,0.0
171,1981,0.0
171,1982,0.0
171,1983,0.0
171,1984,0.0
171,1985,0.0
171,1986,0.0
171,1987,0.0
171,1988,0.0
171,1989,0.0
171,1990,0.0
171,1991,208.0
171,1992,38.0
171,1993,63.0
171,1994,180.0
171,1995,565.0
171,1996,211.0
171,1997,291.0
171,1998,0.0
171,1999,337.0
171,2000,274.0
171,2001,334.0
171,2002,449.0
171,2003,410.0
171,2004,588.0
171,2005,813.0
171,2006,470.0
171,2007,1854.0
171,2008,3022.0
171,2009,3634.0
171,2010,3938.0
171,2011,3106.0
171,2012,2032.0
171,2013,4095.0
173,1961,
173,1962,
173,1963,
173,1964,
173,1965,
173,1966,
173,1967,
173,1968,
173,1969,
173,1970,
173,1971,
173,1972,
173,1973,
173,1974,
173,1975,
173,1976,
173,1977,
173,1978,
173,1979,
173,1980,
173,1981,
173,1982,
173,1983,
173,1984,
173,1985,
173,1986,
173,1987,
173,1988,
173,1989,
173,1990,
173,1991,
173,1992,
173,1993,
173,1994,
173,1995,
173,1996,3105.0
173,1997,0.0
173,1998,0.0
173,1999,0.0
173,2000,14737.0
173,2001,0.0
173,2002,21264.0
173,2003,20162.0
173,2004,52405.0
173,2005,84468.0
173,2006,97298.0
173,2007,123434.0
173,2008,156038.0
173,2009,124605.0
173,2010,127601.0
173,2011,143890.0
173,2012,163194.0
173,2013,179222.0
174,1961,0.0
174,1962,0.0
174,1963,0.0
174,1964,0.0
174,1965,0.0
174,1966,98.0
174,1967,101.0
174,1968,32.0
174,1969,46.0
174,1970,77.0
174,1971,24.0
174,1972,168.0
174,1973,104.0
174,1974,282.0
174,1975,446.0
174,1976,566.0
174,1977,1137.0
174,1978,2876.0
174,1979,3497.0
174,1980,2213.0
174,1981,3123.0
174,1982,1643.0
174,1983,2015.0
174,1984,3406.0
174,1985,0.0
174,1986,0.0
174,1987,0.0
174,1988,0.0
174,1989,0.0
174,1990,0.0
174,1991,0.0
174,1992,0.0
174,1993,0.0
174,1994,0.0
174,1995,0.0
174,1996,0.0
174,1997,0.0
174,1998,0.0
174,1999,0.0
174,2000,164.0
174,2001,58.0
174,2002,85.0
174,2003,225.0
174,2004,470.0
174,2005,387.0
174,2006,1471.0
174,2007,1358.0
174,2008,498.0
174,2009,344.0
174,2010,831.0
174,2011,871.0
174,2012,1569.0
174,2013,2029.0
179,1961,
179,1962,
179,1963,
179,1964,
179,1965,
179,1966,
179,1967,
179,1968,
179,1969,
179,1970,
179,1971,
179,1972,
179,1973,
179,1974,
179,1975,
179,1976,
179,1977,
179,1978,
179,1979,
179,1980,
179,1981,
179,1982,
179,1983,
179,1984,
179,1985,
179,1986,
179,1987,
179,1988,
179,1989,
179,1990,
179,1991,
179,1992,
179,1993,
179,1994,
179,1995,
179,1996,
179,1997,
179,1998,
179,1999,
179,2000,
179,2001,
179,2002,24.0
179,2003,24.0
179,2004,6.0
179,2005,5.0
179,2006,6.0
179,2007,0.0
179,2008,0.0
179,2009,35.0
179,2010,0.0
179,2011,0.0
179,2012,0.0
179,2013,0.0
117,1961,0.0
117,1962,0.0
117,1963,0.0
117,1964,0.0
117,1965,0.0
117,1966,0.0
117,1967,0.0
117,1968,0.0
117,1969,0.0
117,1970,0.0
117,1971,0.0
117,1972,0.0
117,1973,0.0
117,1974,0.0
117,1975,0.0
117,1976,0.0
117,1977,0.0
117,1978,0.0
117,1979,0.0
117,1980,0.0
117,1981,0.0
117,1982,0.0
117,1983,0.0
117,1984,0.0
117,1985,0.0
117,1986,66.0
117,1987,0.0
117,1988,0.0
117,1989,0.0
117,1990,0.0
117,1991,0.0
117,1992,0.0
117,1993,0.0
117,1994,0.0
117,1995,24.0
117,1996,84.0
117,1997,96.0
117,1998,0.0
117,1999,44.0
117,2000,1909.0
117,2001,2126.0
117,2002,1599.0
117,2003,1890.0
117,2004,758.0
117,2005,1135.0
117,2006,608.0
117,2007,223.0
117,2008,91.0
117,2009,153.0
117,2010,55.0
117,2011,163.0
117,2012,41.0
117,2013,187.0
146,1992,
146,1993,
146,1994,68.0
146,1995,90.0
146,1996,0.0
146,1997,0.0
146,1998,
146,1999,
146,2000,4.0
146,2001,10.0
146,2002,0.0
146,2003,0.0
146,2004,0.0
146,2005,0.0
146,2006,0.0
146,2007,0.0
146,2008,0.0
146,2009,0.0
146,2010,0.0
146,2011,0.0
146,2012,0.0
146,2013,0.0
183,1961,
183,1962,
183,1963,
183,1964,
183,1965,
183,1966,
183,1967,
183,1968,
183,1969,
183,1970,
183,1971,
183,1972,
183,1973,
183,1974,
183,1975,
183,1976,
183,1977,
183,1978,
183,1979,
183,1980,
183,1981,
183,1982,
183,1983,
183,1984,
183,1985,
183,1986,
183,1987,
183,1988,
183,1989,
183,1990,
183,1991,
183,1992,
183,1993,
183,1994,
183,1995,
183,1996,
183,1997,
183,1998,
183,1999,
183,2000,6.0
183,2001,20.0
183,2002,27.0
183,2003,15.0
183,2004,1.0
183,2005,760.0
183,2006,1133.0
183,2007,10.0
183,2008,13.0
183,2009,86.0
183,2010,534.0
183,2011,1352.0
183,2012,2296.0
183,2013,3853.0
185,1992,
185,1993,
185,1994,
185,1995,
185,1996,
185,1997,297.0
185,1998,229.0
185,1999,51.0
185,2000,0.0
185,2001,0.0
185,2002,0.0
185,2003,0.0
185,2004,5310.0
185,2005,9428.0
185,2006,17764.0
185,2007,30087.0
185,2008,37579.0
185,2009,28075.0
185,2010,31208.0
185,2011,29407.0
185,2012,51463.0
185,2013,51366.0
184,1961,
184,1962,
184,1963,
184,1964,
184,1965,
184,1966,
184,1967,
184,1968,
184,1969,
184,1970,
184,1971,
184,1972,
184,1973,
184,1974,
184,1975,
184,1976,
184,1977,
184,1978,
184,1979,
184,1980,
184,1981,
184,1982,
184,1983,
184,1984,
184,1985,
184,1986,
184,1987,
184,1988,
184,1989,
184,1990,
184,1991,
184,1992,
184,1993,
184,1994,
184,1995,
184,1996,
184,1997,
184,1998,
184,1999,
184,2000,
184,2001,
184,2002,
184,2003,
184,2004,
184,2005,
184,2006,
184,2007,
184,2008,
184,2009,
184,2010,
184,2011,
184,2012,1.0
184,2013,0.0
189,1961,
189,1962,
189,1963,
189,1964,
189,1965,
189,1966,
189,1967,
189,1968,
189,1969,
189,1970,
189,1971,
189,1972,
189,1973,
189,1974,
189,1975,
189,1976,
189,1977,
189,1978,
189,1979,
189,1980,
189,1981,
189,1982,
189,1983,
189,1984,
189,1985,
189,1986,
189,1987,
189,1988,
189,1989,
189,1990,
189,1991,
189,1992,
189,1993,
189,1994,
189,1995,
189,1996,
189,1997,
189,1998,
189,1999,
189,2000,
189,2001,
189,2002,
189,2003,3.0
189,2004,3.0
189,2005,0.0
189,2006,0.0
189,2007,0.0
189,2008,0.0
189,2009,0.0
189,2010,0.0
189,2011,0.0
189,2012,0.0
189,2013,0.0
194,1961,0.0
194,1962,0.0
194,1963,0.0
194,1964,0.0
194,1965,0.0
194,1966,0.0
194,1967,0.0
194,1968,0.0
194,1969,0.0
194,1970,0.0
194,1971,0.0
194,1972,0.0
194,1973,0.0
194,1974,0.0
194,1975,0.0
194,1976,0.0
194,1977,0.0
194,1978,0.0
194,1979,0.0
194,1980,0.0
194,1981,0.0
194,1982,0.0
194,1983,0.0
194,1984,0.0
194,1985,0.0
194,1986,0.0
194,1987,0.0
194,1988,0.0
194,1989,0.0
194,1990,0.0
194,1991,1450.0
194,1992,1452.0
194,1993,267.0
194,1994,0.0
194,1995,0.0
194,1996,0.0
194,1997,668.0
194,1998,795.0
194,1999,0.0
194,2000,1653.0
194,2001,2403.0
194,2002,1851.0
194,2003,2816.0
194,2004,2832.0
194,2005,4197.0
194,2006,4831.0
194,2007,8802.0
194,2008,11946.0
194,2009,0.0
194,2010,20968.0
194,2011,29422.0
194,2012,28489.0
194,2013,35596.0
195,1961,
195,1962,
195,1963,
195,1964,
195,1965,
195,1966,
195,1967,
195,1968,
195,1969,
195,1970,
195,1971,
195,1972,
195,1973,
195,1974,
195,1975,
195,1976,
195,1977,
195,1978,
195,1979,
195,1980,
195,1981,
195,1982,
195,1983,
195,1984,
195,1985,
195,1986,
195,1987,
195,1988,
195,1989,
195,1990,
195,1991,
195,1992,
195,1993,
195,1994,
195,1995,
195,1996,
195,1997,
195,1998,
195,1999,
195,2000,
195,2001,
195,2002,
195,2003,
195,2004,
195,2005,
195,2006,
195,2007,
195,2008,
195,2009,
195,2010,
195,2011,
195,2012,
195,2013,3.0
272,2006,964.0
272,2007,1069.0
272,2008,1191.0
272,2009,1087.0
272,2010,928.0
272,2011,1149.0
272,2012,988.0
272,2013,953.0
186,1992,
186,1993,
186,1994,
186,1995,
186,1996,
186,1997,
186,1998,
186,1999,
186,2000,
186,2001,141.0
186,2002,
186,2003,
186,2004,
186,2005,
200,1961,
200,1962,
200,1963,
200,1964,
200,1965,
200,1966,
200,1967,
200,1968,
200,1969,
200,1970,
200,1971,
200,1972,
200,1973,
200,1974,
200,1975,
200,1976,
200,1977,
200,1978,
200,1979,
200,1980,
200,1981,
200,1982,
200,1983,
200,1984,
200,1985,
200,1986,
200,1987,
200,1988,
200,1989,
200,1990,
200,1991,
200,1992,
200,1993,
200,1994,
200,1995,
200,1996,
200,1997,849.0
200,1998,786.0
200,1999,777.0
200,2000,767.0
200,2001,472.0
200,2002,500.0
200,2003,1159.0
200,2004,600.0
200,2005,1064.0
200,2006,1675.0
200,2007,2582.0
200,2008,3317.0
200,2009,4235.0
200,2010,5407.0
200,2011,4740.0
200,2012,5763.0
200,2013,7573.0
199,1993,
199,1994,
199,1995,
199,1996,4235.0
199,1997,2880.0
199,1998,2178.0
199,1999,1787.0
199,2000,0.0
199,2001,0.0
199,2002,0.0
199,2003,7786.0
199,2004,10828.0
199,2005,10707.0
199,2006,13713.0
199,2007,22127.0
199,2008,32219.0
199,2009,22348.0
199,2010,23738.0
199,2011,28883.0
199,2012,24985.0
199,2013,29009.0
198,1992,
198,1993,
198,1994,
198,1995,
198,1996,261.0
198,1997,297.0
198,1998,402.0
198,1999,8.0
198,2000,1508.0
198,2001,918.0
198,2002,935.0
198,2003,940.0
198,2004,871.0
198,2005,641.0
198,2006,966.0
198,2007,448.0
198,2008,553.0
198,2009,601.0
198,2010,435.0
198,2011,634.0
198,2012,850.0
198,2013,768.0
202,1961,
202,1962,
202,1963,
202,1964,
202,1965,
202,1966,
202,1967,
202,1968,
202,1969,
202,1970,
202,1971,
202,1972,
202,1973,
202,1974,
202,1975,
202,1976,
202,1977,
202,1978,
202,1979,
202,1980,
202,1981,
202,1982,
202,1983,
202,1984,
202,1985,
202,1986,
202,1987,
202,1988,
202,1989,
202,1990,
202,1991,
202,1992,
202,1993,
202,1994,
202,1995,
202,1996,
202,1997,
202,1998,
202,1999,
202,2000,
202,2001,
202,2002,
202,2003,
202,2004,
202,2005,
202,2006,
202,2007,
202,2008,
202,2009,
202,2010,
202,2011,
202,2012,2570.0
202,2013,5915.0
203,1961,
203,1962,
203,1963,
203,1964,
203,1965,
203,1966,
203,1967,
203,1968,
203,1969,
203,1970,
203,1971,
203,1972,
203,1973,
203,1974,
203,1975,
203,1976,
203,1977,
203,1978,
203,1979,
203,1980,
203,1981,
203,1982,
203,1983,
203,1984,
203,1985,
203,1986,
203,1987,
203,1988,
203,1989,
203,1990,
203,1991,
203,1992,
203,1993,
203,1994,
203,1995,
203,1996,20478.0
203,1997,20880.0
203,1998,17649.0
203,1999,13856.0
203,2000,12458.0
203,2001,14337.0
203,2002,13766.0
203,2003,15861.0
203,2004,15637.0
203,2005,17879.0
203,2006,22651.0
203,2007,34028.0
203,2008,31515.0
203,2009,23827.0
203,2010,27601.0
203,2011,29827.0
203,2012,22474.0
203,2013,22613.0
38,1961,
38,1962,
38,1963,
38,1964,
38,1965,
38,1966,
38,1967,
38,1968,
38,1969,
38,1970,
38,1971,
38,1972,
38,1973,
38,1974,
38,1975,
38,1976,
38,1977,
38,1978,
38,1979,
38,1980,
38,1981,
38,1982,
38,1983,
38,1984,
38,1985,
38,1986,
38,1987,
38,1988,
38,1989,
38,1990,
38,1991,
38,1992,
38,1993,
38,1994,
38,1995,18.0
38,1996,93.0
38,1997,71.0
38,1998,73.0
38,1999,117.0
38,2000,64.0
38,2001,48.0
38,2002,38.0
38,2003,32.0
38,2004,32.0
38,2005,19.0
38,2006,19.0
38,2007,19.0
38,2008,9.0
38,2009,1.0
38,2010,2.0
38,2011,11.0
38,2012,7.0
38,2013,11.0
210,1961,
210,1962,
210,1963,
210,1964,
210,1965,
210,1966,
210,1967,
210,1968,
210,1969,
210,1970,
210,1971,
210,1972,
210,1973,
210,1974,
210,1975,
210,1976,
210,1977,
210,1978,
210,1979,
210,1980,
210,1981,
210,1982,
210,1983,
210,1984,
210,1985,
210,1986,
210,1987,
210,1988,
210,1989,
210,1990,
210,1991,
210,1992,
210,1993,
210,1994,
210,1995,
210,1996,2065.0
210,1997,2165.0
210,1998,2041.0
210,1999,2365.0
210,2000,2223.0
210,2001,2425.0
210,2002,2213.0
210,2003,2715.0
210,2004,2946.0
210,2005,7674.0
210,2006,2410.0
210,2007,2009.0
210,2008,6049.0
210,2009,7456.0
210,2010,8715.0
210,2011,8609.0
210,2012,7868.0
210,2013,7867.0
211,1961,
211,1962,
211,1963,
211,1964,
211,1965,
211,1966,
211,1967,
211,1968,
211,1969,
211,1970,
211,1971,
211,1972,
211,1973,
211,1974,
211,1975,
211,1976,
211,1977,
211,1978,
211,1979,
211,1980,
211,1981,
211,1982,
211,1983,
211,1984,
211,1985,
211,1986,
211,1987,
211,1988,
211,1989,
211,1990,
211,1991,
211,1992,
211,1993,
211,1994,
211,1995,
211,1996,
211,1997,
211,1998,
211,1999,
211,2000,
211,2001,20699.0
211,2002,21684.0
211,2003,24824.0
211,2004,28913.0
211,2005,27221.0
211,2006,26190.0
211,2007,28317.0
211,2008,30713.0
211,2009,25526.0
211,2010,20374.0
211,2011,19196.0
211,2012,13771.0
211,2013,12039.0
212,1961,
212,1962,
212,1963,
212,1964,
212,1965,
212,1966,
212,1967,
212,1968,
212,1969,
212,1970,
212,1971,
212,1972,
212,1973,
212,1974,
212,1975,
212,1976,
212,1977,
212,1978,
212,1979,
212,1980,
212,1981,
212,1982,
212,1983,
212,1984,
212,1985,
212,1986,
212,1987,
212,1988,
212,1989,
212,1990,
212,1991,
212,1992,
212,1993,
212,1994,
212,1995,
212,1996,
212,1997,
212,1998,
212,1999,
212,2000,
212,2001,
212,2002,
212,2003,
212,2004,
212,2005,
212,2006,269.0
212,2007,12928.0
212,2008,10395.0
212,2009,7214.0
212,2010,7719.0
212,2011,2742.0
212,2012,1276.0
212,2013,710.0
216,1961,
216,1962,
216,1963,
216,1964,
216,1965,
216,1966,
216,1967,
216,1968,
216,1969,
216,1970,
216,1971,
216,1972,
216,1973,
216,1974,
216,1975,
216,1976,
216,1977,
216,1978,
216,1979,
216,1980,
216,1981,
216,1982,
216,1983,
216,1984,
216,1985,
216,1986,
216,1987,
216,1988,
216,1989,
216,1990,
216,1991,
216,1992,
216,1993,
216,1994,
216,1995,
216,1996,
216,1997,
216,1998,120.0
216,1999,367.0
216,2000,0.0
216,2001,0.0
216,2002,24.0
216,2003,0.0
216,2004,18.0
216,2005,0.0
216,2006,15.0
216,2007,0.0
216,2008,0.0
216,2009,53.0
216,2010,0.0
216,2011,0.0
216,2012,45.0
216,2013,9.0
154,1992,
154,1993,
154,1994,
154,1995,
154,1996,
154,1997,
154,1998,
154,1999,49.0
154,2000,21.0
154,2001,0.0
154,2002,0.0
154,2003,10.0
154,2004,8.0
154,2005,4.0
154,2006,439.0
154,2007,344.0
154,2008,1744.0
154,2009,1245.0
154,2010,740.0
154,2011,695.0
154,2012,325.0
154,2013,0.0
222,1961,
222,1962,
222,1963,
222,1964,
222,1965,
222,1966,
222,1967,
222,1968,
222,1969,
222,1970,
222,1971,
222,1972,
222,1973,
222,1974,
222,1975,
222,1976,
222,1977,
222,1978,
222,1979,
222,1980,
222,1981,
222,1982,
222,1983,
222,1984,
222,1985,
222,1986,
222,1987,
222,1988,
222,1989,
222,1990,
222,1991,
222,1992,
222,1993,
222,1994,
222,1995,
222,1996,
222,1997,
222,1998,
222,1999,
222,2000,
222,2001,
222,2002,
222,2003,
222,2004,
222,2005,
222,2006,
222,2007,
222,2008,
222,2009,
222,2010,17705.0
222,2011,34289.0
222,2012,28725.0
222,2013,34444.0
223,1961,
223,1962,
223,1963,
223,1964,
223,1965,
223,1966,
223,1967,
223,1968,
223,1969,
223,1970,
223,1971,
223,1972,
223,1973,
223,1974,
223,1975,
223,1976,
223,1977,
223,1978,
223,1979,
223,1980,
223,1981,
223,1982,
223,1983,
223,1984,
223,1985,
223,1986,
223,1987,
223,1988,
223,1989,
223,1990,
223,1991,
223,1992,
223,1993,
223,1994,
223,1995,
223,1996,
223,1997,
223,1998,
223,1999,
223,2000,
223,2001,
223,2002,
223,2003,
223,2004,19034.0
223,2005,27607.0
223,2006,27354.0
223,2007,29957.0
223,2008,56692.0
223,2009,36175.0
223,2010,40762.0
223,2011,40933.0
223,2012,39537.0
223,2013,47846.0
226,1961,
226,1962,
226,1963,
226,1964,
226,1965,
226,1966,
226,1967,
226,1968,
226,1969,
226,1970,
226,1971,
226,1972,
226,1973,
226,1974,
226,1975,
226,1976,
226,1977,
226,1978,
226,1979,
226,1980,
226,1981,
226,1982,
226,1983,
226,1984,
226,1985,
226,1986,
226,1987,
226,1988,
226,1989,
226,1990,
226,1991,
226,1992,
226,1993,
226,1994,
226,1995,
226,1996,
226,1997,
226,1998,
226,1999,
226,2000,
226,2001,
226,2002,
226,2003,
226,2004,
226,2005,
226,2006,
226,2007,
226,2008,21.0
226,2009,0.0
226,2010,2.0
226,2011,0.0
226,2012,20.0
226,2013,7.0
230,1992,
230,1993,
230,1994,
230,1995,
230,1996,
230,1997,
230,1998,
230,1999,
230,2000,
230,2001,2710.0
230,2002,733.0
230,2003,1471.0
230,2004,2240.0
230,2005,0.0
230,2006,0.0
230,2007,0.0
230,2008,0.0
230,2009,0.0
230,2010,0.0
230,2011,0.0
230,2012,996.0
230,2013,1201.0
225,1961,
225,1962,
225,1963,
225,1964,
225,1965,
225,1966,
225,1967,
225,1968,
225,1969,
225,1970,
225,1971,
225,1972,
225,1973,
225,1974,
225,1975,
225,1976,
225,1977,
225,1978,
225,1979,
225,1980,
225,1981,
225,1982,
225,1983,
225,1984,
225,1985,
225,1986,
225,1987,
225,1988,
225,1989,
225,1990,
225,1991,
225,1992,
225,1993,
225,1994,
225,1995,
225,1996,
225,1997,
225,1998,
225,1999,
225,2000,
225,2001,
225,2002,368.0
225,2003,665.0
225,2004,3647.0
225,2005,1057.0
225,2006,2559.0
225,2007,2063.0
225,2008,1081.0
225,2009,0.0
225,2010,0.0
225,2011,11.0
225,2012,11.0
225,2013,11.0
229,1961,
229,1962,
229,1963,
229,1964,
229,1965,
229,1966,
229,1967,
229,1968,
229,1969,
229,1970,
229,1971,
229,1972,
229,1973,
229,1974,
229,1975,
229,1976,
229,1977,
229,1978,
229,1979,
229,1980,
229,1981,
229,1982,
229,1983,
229,1984,
229,1985,
229,1986,
229,1987,
229,1988,
229,1989,
229,1990,
229,1991,
229,1992,
229,1993,
229,1994,
229,1995,
229,1996,
229,1997,
229,1998,
229,1999,
229,2000,44060.0
229,2001,46668.0
229,2002,46261.0
229,2003,54606.0
229,2004,81316.0
229,2005,78561.0
229,2006,72742.0
229,2007,91924.0
229,2008,109660.0
229,2009,85887.0
229,2010,95438.0
229,2011,98145.0
229,2012,91415.0
229,2013,95418.0
215,1961,
215,1962,
215,1963,
215,1964,
215,1965,
215,1966,
215,1967,
215,1968,
215,1969,
215,1970,
215,1971,
215,1972,
215,1973,
215,1974,
215,1975,
215,1976,
215,1977,
215,1978,
215,1979,
215,1980,
215,1981,
215,1982,
215,1983,
215,1984,
215,1985,
215,1986,
215,1987,
215,1988,
215,1989,
215,1990,
215,1991,
215,1992,
215,1993,
215,1994,
215,1995,
215,1996,
215,1997,
215,1998,
215,1999,
215,2000,
215,2001,
215,2002,
215,2003,
215,2004,
215,2005,
215,2006,
215,2007,
215,2008,
215,2009,
215,2010,
215,2011,
215,2012,8.0
215,2013,0.0
231,1961,
231,1962,
231,1963,
231,1964,
231,1965,
231,1966,
231,1967,
231,1968,
231,1969,
231,1970,
231,1971,
231,1972,
231,1973,
231,1974,
231,1975,
231,1976,
231,1977,
231,1978,
231,1979,
231,1980,
231,1981,
231,1982,
231,1983,
231,1984,
231,1985,
231,1986,
231,1987,
231,1988,
231,1989,
231,1990,
231,1991,
231,1992,
231,1993,
231,1994,
231,1995,
231,1996,
231,1997,
231,1998,
231,1999,
231,2000,
231,2001,27834.0
231,2002,0.0
231,2003,0.0
231,2004,0.0
231,2005,0.0
231,2006,0.0
231,2007,0.0
231,2008,0.0
231,2009,0.0
231,2010,0.0
231,2011,0.0
231,2012,76884.0
231,2013,83961.0
234,1961,
234,1962,
234,1963,
234,1964,
234,1965,
234,1966,
234,1967,
234,1968,
234,1969,
234,1970,
234,1971,
234,1972,
234,1973,
234,1974,
234,1975,
234,1976,
234,1977,
234,1978,
234,1979,
234,1980,
234,1981,
234,1982,
234,1983,
234,1984,
234,1985,
234,1986,
234,1987,
234,1988,
234,1989,
234,1990,
234,1991,
234,1992,
234,1993,
234,1994,
234,1995,
234,1996,472.0
234,1997,295.0
234,1998,478.0
234,1999,749.0
234,2000,773.0
234,2001,602.0
234,2002,138.0
234,2003,346.0
234,2004,1219.0
234,2005,287.0
234,2006,142.0
234,2007,54.0
234,2008,64.0
234,2009,131.0
234,2010,8439.0
234,2011,14860.0
234,2012,16833.0
234,2013,20382.0
236,1961,0.0
236,1962,0.0
236,1963,0.0
236,1964,0.0
236,1965,0.0
236,1966,0.0
236,1967,0.0
236,1968,0.0
236,1969,0.0
236,1970,0.0
236,1971,0.0
236,1972,0.0
236,1973,0.0
236,1974,0.0
236,1975,0.0
236,1976,0.0
236,1977,0.0
236,1978,0.0
236,1979,0.0
236,1980,0.0
236,1981,0.0
236,1982,0.0
236,1983,0.0
236,1984,0.0
236,1985,0.0
236,1986,0.0
236,1987,0.0
236,1988,0.0
236,1989,0.0
236,1990,0.0
236,1991,0.0
236,1992,260.0
236,1993,0.0
236,1994,0.0
236,1995,0.0
236,1996,0.0
236,1997,0.0
236,1998,0.0
236,1999,0.0
236,2000,0.0
236,2001,0.0
236,2002,0.0
236,2003,0.0
236,2004,0.0
236,2005,0.0
236,2006,0.0
236,2007,0.0
236,2008,0.0
236,2009,0.0
236,2010,0.0
236,2011,0.0
236,2012,0.0
236,2013,0.0
249,1961,
249,1962,
249,1963,
249,1964,
249,1965,
249,1966,
249,1967,
249,1968,
249,1969,
249,1970,
249,1971,
249,1972,
249,1973,
249,1974,
249,1975,
249,1976,
249,1977,
249,1978,
249,1979,
249,1980,
249,1981,
249,1982,
249,1983,
249,1984,
249,1985,
249,1986,
249,1987,
249,1988,
249,1989,
249,1990,
249,1991,
249,1992,
249,1993,
249,1994,
249,1995,
249,1996,
249,1997,
249,1998,
249,1999,
249,2000,
249,2001,
249,2002,
249,2003,
249,2004,
249,2005,22.0
249,2006,0.0
249,2007,1.0
249,2008,0.0
249,2009,0.0
249,2010,0.0
249,2011,0.0
249,2012,0.0
249,2013,0.0
251,1961,
251,1962,
251,1963,
251,1964,
251,1965,
251,1966,
251,1967,
251,1968,
251,1969,
251,1970,
251,1971,
251,1972,
251,1973,
251,1974,
251,1975,
251,1976,
251,1977,
251,1978,
251,1979,
251,1980,
251,1981,
251,1982,
251,1983,
251,1984,
251,1985,
251,1986,
251,1987,
251,1988,
251,1989,
251,1990,
251,1991,
251,1992,
251,1993,
251,1994,
251,1995,
251,1996,
251,1997,
251,1998,
251,1999,
251,2000,
251,2001,
251,2002,
251,2003,
251,2004,
251,2005,
251,2006,
251,2007,
251,2008,
251,2009,6.0
251,2010,0.0
251,2011,0.0
251,2012,0.0
251,2013,0.0
181,1961,
181,1962,
181,1963,
181,1964,
181,1965,
181,1966,
181,1967,
181,1968,
181,1969,
181,1970,
181,1971,
181,1972,
181,1973,
181,1974,
181,1975,
181,1976,
181,1977,
181,1978,
181,1979,
181,1980,
181,1981,
181,1982,
181,1983,
181,1984,
181,1985,
181,1986,
181,1987,
181,1988,
181,1989,
181,1990,
181,1991,
181,1992,
181,1993,
181,1994,
181,1995,
181,1996,
181,1997,
181,1998,
181,1999,
181,2000,47.0
181,2001,20.0
181,2002,9.0
181,2003,9.0
181,2004,49.0
181,2005,16.0
181,2006,16.0
181,2007,16.0
181,2008,16.0
181,2009,16.0
181,2010,0.0
181,2011,0.0
181,2012,1.0
181,2013,3.0
351,1961,
351,1962,
351,1963,
351,1964,
351,1965,
351,1966,
351,1967,
351,1968,
351,1969,
351,1970,
351,1971,
351,1972,
351,1973,
351,1974,
351,1975,
351,1976,
351,1977,
351,1978,
351,1979,
351,1980,
351,1981,
351,1982,
351,1983,
351,1984,
351,1985,
351,1986,
351,1987,
351,1988,
351,1989,
351,1990,
351,1991,
351,1992,
351,1993,
351,1994,
351,1995,20.0
351,1996,32.0
351,1997,402.0
351,1998,382.0
351,1999,42.0
351,2000,7.0
351,2001,23.0
351,2002,84.0
351,2003,28.0
351,2004,59.0
351,2005,90.0
351,2006,83.0
351,2007,93.0
351,2008,84.0
351,2009,243.0
351,2010,365.0
351,2011,837.0
351,2012,1851.0
351,2013,5229.0
5000,1961,0.0
5000,1962,0.0
5000,1963,612.0
5000,1964,698.0
5000,1965,1001.0
5000,1966,1049.0
5000,1967,1246.0
5000,1968,869.0
5000,1969,360.0
5000,1970,561.0
5000,1971,406.0
5000,1972,742.0
5000,1973,935.0
5000,1974,1208.0
5000,1975,1370.0
5000,1976,2444.0
5000,1977,2300.0
5000,1978,5096.0
5000,1979,6248.0
5000,1980,5664.0
5000,1981,7962.0
5000,1982,7204.0
5000,1983,8576.0
5000,1984,13666.0
5000,1985,7954.0
5000,1986,7198.0
5000,1987,11618.0
5000,1988,8945.0
5000,1989,13389.0
5000,1990,12519.0
5000,1991,17168.0
5000,1992,20036.0
5000,1993,21064.0
5000,1994,24659.0
5000,1995,36205.0
5000,1996,210438.0
5000,1997,237809.0
5000,1998,229903.0
5000,1999,233923.0
5000,2000,339425.0
5000,2001,366065.0
5000,2002,382365.0
5000,2003,462484.0
5000,2004,702239.0
5000,2005,815023.0
5000,2006,838679.0
5000,2007,937562.0
5000,2008,1081329.0
5000,2009,955890.0
5000,2010,1319138.0
5000,2011,1625999.0
5000,2012,2632738.0
5000,2013,3028794.0
5100,1961,0.0
5100,1962,0.0
5100,1963,0.0
5100,1964,0.0
5100,1965,0.0
5100,1966,0.0
5100,1967,0.0
5100,1968,0.0
5100,1969,0.0
5100,1970,0.0
5100,1971,0.0
5100,1972,0.0
5100,1973,0.0
5100,1974,0.0
5100,1975,0.0
5100,1976,0.0
5100,1977,0.0
5100,1978,0.0
5100,1979,0.0
5100,1980,0.0
5100,1981,0.0
5100,1982,0.0
5100,1983,0.0
5100,1984,0.0
5100,1985,0.0
5100,1986,0.0
5100,1987,0.0
5100,1988,0.0
5100,1989,0.0
5100,1990,0.0
5100,1991,0.0
5100,1992,1.0
5100,1993,0.0
5100,1994,0.0
5100,1995,98.0
5100,1996,12278.0
5100,1997,20518.0
5100,1998,16913.0
5100,1999,19410.0
5100,2000,19500.0
5100,2001,24488.0
5100,2002,32276.0
5100,2003,42561.0
5100,2004,49294.0
5100,2005,73396.0
5100,2006,97624.0
5100,2007,101135.0
5100,2008,120753.0
5100,2009,175700.0
5100,2010,178693.0
5100,2011,293420.0
5100,2012,386453.0
5100,2013,415213.0
5101,1961,0.0
5101,1962,0.0
5101,1963,0.0
5101,1964,0.0
5101,1965,0.0
5101,1966,0.0
5101,1967,0.0
5101,1968,0.0
5101,1969,0.0
5101,1970,0.0
5101,1971,0.0
5101,1972,0.0
5101,1973,0.0
5101,1974,0.0
5101,1975,0.0
5101,1976,0.0
5101,1977,0.0
5101,1978,0.0
5101,1979,0.0
5101,1980,0.0
5101,1981,0.0
5101,1982,0.0
5101,1983,0.0
5101,1984,0.0
5101,1985,0.0
5101,1986,0.0
5101,1987,0.0
5101,1988,0.0
5101,1989,0.0
5101,1990,0.0
5101,1991,0.0
5101,1992,1.0
5101,1993,0.0
5101,1994,0.0
5101,1995,0.0
5101,1996,0.0
5101,1997,0.0
5101,1998,85.0
5101,1999,0.0
5101,2000,51.0
5101,2001,25.0
5101,2002,17.0
5101,2003,38.0
5101,2004,167.0
5101,2005,135.0
5101,2006,95.0
5101,2007,83.0
5101,2008,150.0
5101,2009,100.0
5101,2010,98.0
5101,2011,11.0
5101,2012,294.0
5101,2013,305.0
5102,1961,
5102,1962,
5102,1963,
5102,1964,
5102,1965,
5102,1966,
5102,1967,
5102,1968,
5102,1969,
5102,1970,
5102,1971,
5102,1972,
5102,1973,
5102,1974,
5102,1975,
5102,1976,
5102,1977,
5102,1978,
5102,1979,
5102,1980,
5102,1981,
5102,1982,
5102,1983,
5102,1984,
5102,1985,
5102,1986,
5102,1987,
5102,1988,
5102,1989,
5102,1990,
5102,1991,
5102,1992,
5102,1993,
5102,1994,
5102,1995,
5102,1996,
5102,1997,
5102,1998,15.0
5102,1999,13.0
5102,2000,1.0
5102,2001,1.0
5102,2002,14.0
5102,2003,10.0
5102,2004,22.0
5102,2005,8.0
5102,2006,0.0
5102,2007,0.0
5102,2008,1.0
5102,2009,0.0
5102,2010,0.0
5102,2011,0.0
5102,2012,0.0
5102,2013,0.0
5103,1961,
5103,1962,
5103,1963,
5103,1964,
5103,1965,
5103,1966,
5103,1967,
5103,1968,
5103,1969,
5103,1970,
5103,1971,
5103,1972,
5103,1973,
5103,1974,
5103,1975,
5103,1976,
5103,1977,
5103,1978,
5103,1979,
5103,1980,
5103,1981,
5103,1982,
5103,1983,
5103,1984,
5103,1985,
5103,1986,
5103,1987,
5103,1988,
5103,1989,
5103,1990,
5103,1991,
5103,1992,
5103,1993,
5103,1994,
5103,1995,98.0
5103,1996,12276.0
5103,1997,20518.0
5103,1998,16812.0
5103,1999,19393.0
5103,2000,19446.0
5103,2001,24462.0
5103,2002,32244.0
5103,2003,42513.0
5103,2004,49105.0
5103,2005,73253.0
5103,2006,97529.0
5103,2007,101052.0
5103,2008,120601.0
5103,2009,175584.0
5103,2010,178595.0
5103,2011,293407.0
5103,2012,383585.0
5103,2013,408985.0
5104,1961,
5104,1962,
5104,1963,
5104,1964,
5104,1965,
5104,1966,
5104,1967,
5104,1968,
5104,1969,
5104,1970,
5104,1971,
5104,1972,
5104,1973,
5104,1974,
5104,1975,
5104,1976,
5104,1977,
5104,1978,
5104,1979,
5104,1980,
5104,1981,
5104,1982,
5104,1983,
5104,1984,
5104,1985,
5104,1986,
5104,1987,
5104,1988,
5104,1989,
5104,1990,
5104,1991,
5104,1992,
5104,1993,
5104,1994,
5104,1995,
5104,1996,2.0
5104,1997,0.0
5104,1998,1.0
5104,1999,4.0
5104,2000,2.0
5104,2001,0.0
5104,2002,1.0
5104,2003,0.0
5104,2004,0.0
5104,2005,0.0
5104,2006,0.0
5104,2007,0.0
5104,2008,1.0
5104,2009,4.0
5104,2010,0.0
5104,2011,2.0
5104,2012,2574.0
5104,2013,5920.0
5105,1961,
5105,1962,
5105,1963,
5105,1964,
5105,1965,
5105,1966,
5105,1967,
5105,1968,
5105,1969,
5105,1970,
5105,1971,
5105,1972,
5105,1973,
5105,1974,
5105,1975,
5105,1976,
5105,1977,
5105,1978,
5105,1979,
5105,1980,
5105,1981,
5105,1982,
5105,1983,
5105,1984,
5105,1985,
5105,1986,
5105,1987,
5105,1988,
5105,1989,
5105,1990,
5105,1991,
5105,1992,
5105,1993,
5105,1994,
5105,1995,
5105,1996,
5105,1997,
5105,1998,0.0
5105,1999,0.0
5105,2000,0.0
5105,2001,0.0
5105,2002,0.0
5105,2003,0.0
5105,2004,0.0
5105,2005,0.0
5105,2006,0.0
5105,2007,0.0
5105,2008,0.0
5105,2009,12.0
5105,2010,0.0
5105,2011,0.0
5105,2012,0.0
5105,2013,3.0
5200,1961,0.0
5200,1962,0.0
5200,1963,0.0
5200,1964,0.0
5200,1965,0.0
5200,1966,0.0
5200,1967,0.0
5200,1968,0.0
5200,1969,0.0
5200,1970,0.0
5200,1971,0.0
5200,1972,0.0
5200,1973,0.0
5200,1974,0.0
5200,1975,0.0
5200,1976,0.0
5200,1977,0.0
5200,1978,0.0
5200,1979,0.0
5200,1980,0.0
5200,1981,0.0
5200,1982,0.0
5200,1983,0.0
5200,1984,0.0
5200,1985,0.0
5200,1986,0.0
5200,1987,0.0
5200,1988,0.0
5200,1989,0.0
5200,1990,0.0
5200,1991,0.0
5200,1992,2818.0
5200,1993,1031.0
5200,1994,615.0
5200,1995,207.0
5200,1996,2069.0
5200,1997,1139.0
5200,1998,12596.0
5200,1999,8395.0
5200,2000,13056.0
5200,2001,42472.0
5200,2002,18410.0
5200,2003,16355.0
5200,2004,23001.0
5200,2005,25365.0
5200,2006,18872.0
5200,2007,39671.0
5200,2008,53258.0
5200,2009,52233.0
5200,2010,58877.0
5200,2011,63216.0
5200,2012,111330.0
5200,2013,121777.0
5203,1961,
5203,1962,
5203,1963,
5203,1964,
5203,1965,
5203,1966,
5203,1967,
5203,1968,
5203,1969,
5203,1970,
5203,1971,
5203,1972,
5203,1973,
5203,1974,
5203,1975,
5203,1976,
5203,1977,
5203,1978,
5203,1979,
5203,1980,
5203,1981,
5203,1982,
5203,1983,
5203,1984,
5203,1985,
5203,1986,
5203,1987,
5203,1988,
5203,1989,
5203,1990,
5203,1991,
5203,1992,
5203,1993,
5203,1994,
5203,1995,
5203,1996,
5203,1997,
5203,1998,6726.0
5203,1999,1630.0
5203,2000,1869.0
5203,2001,30060.0
5203,2002,973.0
5203,2003,566.0
5203,2004,205.0
5203,2005,282.0
5203,2006,349.0
5203,2007,393.0
5203,2008,104.0
5203,2009,268.0
5203,2010,194.0
5203,2011,199.0
5203,2012,77698.0
5203,2013,85774.0
5204,1961,0.0
5204,1962,0.0
5204,1963,0.0
5204,1964,0.0
5204,1965,0.0
5204,1966,0.0
5204,1967,0.0
5204,1968,0.0
5204,1969,0.0
5204,1970,0.0
5204,1971,0.0
5204,1972,0.0
5204,1973,0.0
5204,1974,0.0
5204,1975,0.0
5204,1976,0.0
5204,1977,0.0
5204,1978,0.0
5204,1979,0.0
5204,1980,0.0
5204,1981,0.0
5204,1982,0.0
5204,1983,0.0
5204,1984,0.0
5204,1985,0.0
5204,1986,0.0
5204,1987,0.0
5204,1988,0.0
5204,1989,0.0
5204,1990,0.0
5204,1991,0.0
5204,1992,2558.0
5204,1993,1031.0
5204,1994,615.0
5204,1995,207.0
5204,1996,1597.0
5204,1997,844.0
5204,1998,3634.0
5204,1999,4080.0
5204,2000,5139.0
5204,2001,4119.0
5204,2002,14424.0
5204,2003,12110.0
5204,2004,12236.0
5204,2005,13931.0
5204,2006,7854.0
5204,2007,20395.0
5204,2008,28586.0
5204,2009,33183.0
5204,2010,38077.0
5204,2011,39694.0
5204,2012,10396.0
5204,2013,8303.0
5206,1961,
5206,1962,
5206,1963,
5206,1964,
5206,1965,
5206,1966,
5206,1967,
5206,1968,
5206,1969,
5206,1970,
5206,1971,
5206,1972,
5206,1973,
5206,1974,
5206,1975,
5206,1976,
5206,1977,
5206,1978,
5206,1979,
5206,1980,
5206,1981,
5206,1982,
5206,1983,
5206,1984,
5206,1985,
5206,1986,
5206,1987,
5206,1988,
5206,1989,
5206,1990,
5206,1991,
5206,1992,
5206,1993,
5206,1994,
5206,1995,
5206,1996,
5206,1997,
5206,1998,
5206,1999,
5206,2000,
5206,2001,2787.0
5206,2002,
5206,2003,3.0
5206,2004,3535.0
5206,2005,3313.0
5206,2006,321.0
5206,2007,4544.0
5206,2008,5719.0
5206,2009,2412.0
5206,2010,415.0
5206,2011,1079.0
5206,2012,765.0
5206,2013,183.0
5207,1961,0.0
5207,1962,0.0
5207,1963,0.0
5207,1964,0.0
5207,1965,0.0
5207,1966,0.0
5207,1967,0.0
5207,1968,0.0
5207,1969,0.0
5207,1970,0.0
5207,1971,0.0
5207,1972,0.0
5207,1973,0.0
5207,1974,0.0
5207,1975,0.0
5207,1976,0.0
5207,1977,0.0
5207,1978,0.0
5207,1979,0.0
5207,1980,0.0
5207,1981,0.0
5207,1982,0.0
5207,1983,0.0
5207,1984,0.0
5207,1985,0.0
5207,1986,0.0
5207,1987,0.0
5207,1988,0.0
5207,1989,0.0
5207,1990,0.0
5207,1991,0.0
5207,1992,260.0
5207,1993,0.0
5207,1994,0.0
5207,1995,0.0
5207,1996,472.0
5207,1997,295.0
5207,1998,2236.0
5207,1999,2685.0
5207,2000,6047.0
5207,2001,5506.0
5207,2002,3013.0
5207,2003,3676.0
5207,2004,7025.0
5207,2005,7839.0
5207,2006,10348.0
5207,2007,14339.0
5207,2008,18849.0
5207,2009,16370.0
5207,2010,20191.0
5207,2011,22244.0
5207,2012,22471.0
5207,2013,27517.0
5300,1961,0.0
5300,1962,0.0
5300,1963,0.0
5300,1964,0.0
5300,1965,0.0
5300,1966,0.0
5300,1967,0.0
5300,1968,0.0
5300,1969,0.0
5300,1970,0.0
5300,1971,0.0
5300,1972,0.0
5300,1973,0.0
5300,1974,0.0
5300,1975,0.0
5300,1976,0.0
5300,1977,0.0
5300,1978,0.0
5300,1979,0.0
5300,1980,0.0
5300,1981,0.0
5300,1982,0.0
5300,1983,0.0
5300,1984,0.0
5300,1985,0.0
5300,1986,66.0
5300,1987,0.0
5300,1988,800.0
5300,1989,195.0
5300,1990,13.0
5300,1991,1704.0
5300,1992,1585.0
5300,1993,344.0
5300,1994,180.0
5300,1995,627.0
5300,1996,625.0
5300,1997,3340.0
5300,1998,3439.0
5300,1999,3191.0
5300,2000,6485.0
5300,2001,7219.0
5300,2002,7322.0
5300,2003,10452.0
5300,2004,31675.0
5300,2005,40339.0
5300,2006,47963.0
5300,2007,83392.0
5300,2008,102300.0
5300,2009,67800.0
5300,2010,88910.0
5300,2011,91319.0
5300,2012,195014.0
5300,2013,284688.0
5301,1992,
5301,1993,
5301,1994,
5301,1995,
5301,1996,
5301,1997,
5301,1998,
5301,1999,
5301,2000,124.0
5301,2001,424.0
5301,2002,115.0
5301,2003,35.0
5301,2004,375.0
5301,2005,11.0
5301,2006,692.0
5301,2007,572.0
5301,2008,575.0
5301,2009,260.0
5301,2010,243.0
5301,2011,114.0
5301,2012,198.0
5301,2013,44.0
5302,1961,0.0
5302,1962,0.0
5302,1963,0.0
5302,1964,0.0
5302,1965,0.0
5302,1966,0.0
5302,1967,0.0
5302,1968,0.0
5302,1969,0.0
5302,1970,0.0
5302,1971,0.0
5302,1972,0.0
5302,1973,0.0
5302,1974,0.0
5302,1975,0.0
5302,1976,0.0
5302,1977,0.0
5302,1978,0.0
5302,1979,0.0
5302,1980,0.0
5302,1981,0.0
5302,1982,0.0
5302,1983,0.0
5302,1984,0.0
5302,1985,0.0
5302,1986,66.0
5302,1987,0.0
5302,1988,0.0
5302,1989,0.0
5302,1990,0.0
5302,1991,0.0
5302,1992,0.0
5302,1993,0.0
5302,1994,0.0
5302,1995,44.0
5302,1996,116.0
5302,1997,780.0
5302,1998,1006.0
5302,1999,1016.0
5302,2000,3238.0
5302,2001,2941.0
5302,2002,2476.0
5302,2003,3426.0
5302,2004,2373.0
5302,2005,3132.0
5302,2006,3110.0
5302,2007,3237.0
5302,2008,2693.0
5302,2009,2880.0
5302,2010,2796.0
5302,2011,3666.0
5302,2012,4649.0
5302,2013,9172.0
5303,1961,
5303,1962,
5303,1963,
5303,1964,
5303,1965,
5303,1966,
5303,1967,
5303,1968,
5303,1969,
5303,1970,
5303,1971,
5303,1972,
5303,1973,
5303,1974,
5303,1975,
5303,1976,
5303,1977,
5303,1978,
5303,1979,
5303,1980,
5303,1981,
5303,1982,
5303,1983,
5303,1984,
5303,1985,
5303,1986,
5303,1987,
5303,1988,
5303,1989,
5303,1990,
5303,1991,
5303,1992,
5303,1993,
5303,1994,
5303,1995,18.0
5303,1996,99.0
5303,1997,88.0
5303,1998,78.0
5303,1999,134.0
5303,2000,73.0
5303,2001,105.0
5303,2002,141.0
5303,2003,193.0
5303,2004,251.0
5303,2005,899.0
5303,2006,4128.0
5303,2007,19124.0
5303,2008,9895.0
5303,2009,10756.0
5303,2010,3943.0
5303,2011,2662.0
5303,2012,3418.0
5303,2013,4214.0
5304,1961,0.0
5304,1962,0.0
5304,1963,0.0
5304,1964,0.0
5304,1965,0.0
5304,1966,0.0
5304,1967,0.0
5304,1968,0.0
5304,1969,0.0
5304,1970,0.0
5304,1971,0.0
5304,1972,0.0
5304,1973,0.0
5304,1974,0.0
5304,1975,0.0
5304,1976,0.0
5304,1977,0.0
5304,1978,0.0
5304,1979,0.0
5304,1980,0.0
5304,1981,0.0
5304,1982,0.0
5304,1983,0.0
5304,1984,0.0
5304,1985,0.0
5304,1986,0.0
5304,1987,0.0
5304,1988,0.0
5304,1989,0.0
5304,1990,0.0
5304,1991,208.0
5304,1992,38.0
5304,1993,63.0
5304,1994,180.0
5304,1995,565.0
5304,1996,211.0
5304,1997,1164.0
5304,1998,1108.0
5304,1999,1481.0
5304,2000,1077.0
5304,2001,857.0
5304,2002,1039.0
5304,2003,2685.0
5304,2004,2279.0
5304,2005,2792.0
5304,2006,3528.0
5304,2007,5599.0
5304,2008,8624.0
5304,2009,9945.0
5304,2010,12092.0
5304,2011,10550.0
5304,2012,11211.0
5304,2013,15528.0
5305,1961,0.0
5305,1962,0.0
5305,1963,0.0
5305,1964,0.0
5305,1965,0.0
5305,1966,0.0
5305,1967,0.0
5305,1968,0.0
5305,1969,0.0
5305,1970,0.0
5305,1971,0.0
5305,1972,0.0
5305,1973,0.0
5305,1974,0.0
5305,1975,0.0
5305,1976,0.0
5305,1977,0.0
5305,1978,0.0
5305,1979,0.0
5305,1980,0.0
5305,1981,0.0
5305,1982,0.0
5305,1983,0.0
5305,1984,0.0
5305,1985,0.0
5305,1986,0.0
5305,1987,0.0
5305,1988,800.0
5305,1989,195.0
5305,1990,13.0
5305,1991,1496.0
5305,1992,1547.0
5305,1993,281.0
5305,1994,0.0
5305,1995,0.0
5305,1996,199.0
5305,1997,1308.0
5305,1998,1247.0
5305,1999,560.0
5305,2000,1973.0
5305,2001,2892.0
5305,2002,3551.0
5305,2003,4113.0
5305,2004,26397.0
5305,2005,33505.0
5305,2006,36505.0
5305,2007,54860.0
5305,2008,80513.0
5305,2009,43959.0
5305,2010,69836.0
5305,2011,74327.0
5305,2012,175538.0
5305,2013,255730.0
5400,1961,0.0
5400,1962,0.0
5400,1963,0.0
5400,1964,0.0
5400,1965,0.0
5400,1966,98.0
5400,1967,101.0
5400,1968,32.0
5400,1969,46.0
5400,1970,77.0
5400,1971,24.0
5400,1972,168.0
5400,1973,104.0
5400,1974,282.0
5400,1975,446.0
5400,1976,566.0
5400,1977,1137.0
5400,1978,2876.0
5400,1979,3497.0
5400,1980,2213.0
5400,1981,3123.0
5400,1982,1643.0
5400,1983,2015.0
5400,1984,3406.0
5400,1985,0.0
5400,1986,0.0
5400,1987,0.0
5400,1988,0.0
5400,1989,0.0
5400,1990,77.0
5400,1991,4.0
5400,1992,13.0
5400,1993,1509.0
5400,1994,975.0
5400,1995,10465.0
5400,1996,158997.0
5400,1997,167716.0
5400,1998,159037.0
5400,1999,158305.0
5400,2000,259690.0
5400,2001,251291.0
5400,2002,285139.0
5400,2003,349327.0
5400,2004,540092.0
5400,2005,593214.0
5400,2006,597880.0
5400,2007,644563.0
5400,2008,733308.0
5400,2009,593386.0
5400,2010,907025.0
5400,2011,1003994.0
5400,2012,1738518.0
5400,2013,2001305.0
5401,1961,
5401,1962,
5401,1963,
5401,1964,
5401,1965,
5401,1966,
5401,1967,
5401,1968,
5401,1969,
5401,1970,
5401,1971,
5401,1972,
5401,1973,
5401,1974,
5401,1975,
5401,1976,
5401,1977,
5401,1978,
5401,1979,
5401,1980,
5401,1981,
5401,1982,
5401,1983,
5401,1984,
5401,1985,
5401,1986,
5401,1987,
5401,1988,
5401,1989,
5401,1990,
5401,1991,
5401,1992,
5401,1993,1348.0
5401,1994,975.0
5401,1995,1582.0
5401,1996,9218.0
5401,1997,5188.0
5401,1998,7720.0
5401,1999,4680.0
5401,2000,19237.0
5401,2001,10052.0
5401,2002,25089.0
5401,2003,32395.0
5401,2004,74122.0
5401,2005,112864.0
5401,2006,138741.0
5401,2007,189197.0
5401,2008,246369.0
5401,2009,186064.0
5401,2010,198623.0
5401,2011,222438.0
5401,2012,287109.0
5401,2013,331151.0
5402,1961,0.0
5402,1962,0.0
5402,1963,0.0
5402,1964,0.0
5402,1965,0.0
5402,1966,0.0
5402,1967,0.0
5402,1968,0.0
5402,1969,0.0
5402,1970,0.0
5402,1971,0.0
5402,1972,0.0
5402,1973,0.0
5402,1974,0.0
5402,1975,0.0
5402,1976,0.0
5402,1977,0.0
5402,1978,0.0
5402,1979,0.0
5402,1980,0.0
5402,1981,0.0
5402,1982,0.0
5402,1983,0.0
5402,1984,0.0
5402,1985,0.0
5402,1986,0.0
5402,1987,0.0
5402,1988,0.0
5402,1989,0.0
5402,1990,0.0
5402,1991,0.0
5402,1992,0.0
5402,1993,0.0
5402,1994,0.0
5402,1995,8883.0
5402,1996,83261.0
5402,1997,98372.0
5402,1998,99626.0
5402,1999,76611.0
5402,2000,169421.0
5402,2001,148976.0
5402,2002,159807.0
5402,2003,182821.0
5402,2004,272032.0
5402,2005,285642.0
5402,2006,263530.0
5402,2007,269849.0
5402,2008,276000.0
5402,2009,221074.0
5402,2010,265338.0
5402,2011,269672.0
5402,2012,241883.0
5402,2013,332035.0
5403,1961,0.0
5403,1962,0.0
5403,1963,0.0
5403,1964,0.0
5403,1965,0.0
5403,1966,98.0
5403,1967,101.0
5403,1968,32.0
5403,1969,46.0
5403,1970,77.0
5403,1971,24.0
5403,1972,168.0
5403,1973,104.0
5403,1974,282.0
5403,1975,446.0
5403,1976,566.0
5403,1977,1137.0
5403,1978,2876.0
5403,1979,3497.0
5403,1980,2213.0
5403,1981,3123.0
5403,1982,1643.0
5403,1983,2015.0
5403,1984,3406.0
5403,1985,0.0
5403,1986,0.0
5403,1987,0.0
5403,1988,0.0
5403,1989,0.0
5403,1990,77.0
5403,1991,4.0
5403,1992,13.0
5403,1993,161.0
5403,1994,0.0
5403,1995,0.0
5403,1996,43941.0
5403,1997,42448.0
5403,1998,36056.0
5403,1999,36227.0
5403,2000,31625.0
5403,2001,34445.0
5403,2002,31856.0
5403,2003,41010.0
5403,2004,48415.0
5403,2005,47070.0
5403,2006,50291.0
5403,2007,64326.0
5403,2008,65371.0
5403,2009,50542.0
5403,2010,56265.0
5403,2011,58063.0
5403,2012,52933.0
5403,2013,53844.0
5404,1961,
5404,1962,
5404,1963,
5404,1964,
5404,1965,
5404,1966,
5404,1967,
5404,1968,
5404,1969,
5404,1970,
5404,1971,
5404,1972,
5404,1973,
5404,1974,
5404,1975,
5404,1976,
5404,1977,
5404,1978,
5404,1979,
5404,1980,
5404,1981,
5404,1982,
5404,1983,
5404,1984,
5404,1985,
5404,1986,
5404,1987,
5404,1988,
5404,1989,
5404,1990,
5404,1991,
5404,1992,
5404,1993,
5404,1994,
5404,1995,
5404,1996,22577.0
5404,1997,21708.0
5404,1998,15635.0
5404,1999,40787.0
5404,2000,39407.0
5404,2001,57818.0
5404,2002,68387.0
5404,2003,93101.0
5404,2004,145523.0
5404,2005,147638.0
5404,2006,145318.0
5404,2007,121191.0
5404,2008,145568.0
5404,2009,135706.0
5404,2010,386799.0
5404,2011,453821.0
5404,2012,1156593.0
5404,2013,1284275.0
5500,1961,0.0
5500,1962,0.0
5500,1963,612.0
5500,1964,698.0
5500,1965,1001.0
5500,1966,951.0
5500,1967,1145.0
5500,1968,837.0
5500,1969,314.0
5500,1970,484.0
5500,1971,382.0
5500,1972,574.0
5500,1973,831.0
5500,1974,926.0
5500,1975,924.0
5500,1976,1878.0
5500,1977,1163.0
5500,1978,2220.0
5500,1979,2751.0
5500,1980,3451.0
5500,1981,4839.0
5500,1982,5561.0
5500,1983,6561.0
5500,1984,10260.0
5500,1985,7954.0
5500,1986,7132.0
5500,1987,11618.0
5500,1988,8145.0
5500,1989,13194.0
5500,1990,12429.0
5500,1991,15460.0
5500,1992,15619.0
5500,1993,18180.0
5500,1994,22889.0
5500,1995,24808.0
5500,1996,36469.0
5500,1997,45096.0
5500,1998,37918.0
5500,1999,44622.0
5500,2000,40694.0
5500,2001,40595.0
5500,2002,39218.0
5500,2003,43789.0
5500,2004,58177.0
5500,2005,82709.0
5500,2006,76340.0
5500,2007,68801.0
5500,2008,71710.0
5500,2009,66771.0
5500,2010,85633.0
5500,2011,174050.0
5500,2012,201423.0
5500,2013,205811.0
5501,1961,0.0
5501,1962,0.0
5501,1963,612.0
5501,1964,698.0
5501,1965,1001.0
5501,1966,951.0
5501,1967,1145.0
5501,1968,837.0
5501,1969,314.0
5501,1970,484.0
5501,1971,382.0
5501,1972,574.0
5501,1973,831.0
5501,1974,926.0
5501,1975,924.0
5501,1976,1878.0
5501,1977,1163.0
5501,1978,2220.0
5501,1979,2751.0
5501,1980,3451.0
5501,1981,4839.0
5501,1982,5561.0
5501,1983,6561.0
5501,1984,10260.0
5501,1985,7954.0
5501,1986,7132.0
5501,1987,11618.0
5501,1988,8145.0
5501,1989,13194.0
5501,1990,12429.0
5501,1991,15460.0
5501,1992,15619.0
5501,1993,18180.0
5501,1994,22889.0
5501,1995,24808.0
5501,1996,36469.0
5501,1997,45092.0
5501,1998,37918.0
5501,1999,44622.0
5501,2000,40694.0
5501,2001,40595.0
5501,2002,39215.0
5501,2003,43788.0
5501,2004,58167.0
5501,2005,82704.0
5501,2006,76328.0
5501,2007,68783.0
5501,2008,71701.0
5501,2009,66765.0
5501,2010,85629.0
5501,2011,174049.0
5501,2012,201423.0
5501,2013,205804.0
5502,1961,
5502,1962,
5502,1963,
5502,1964,
5502,1965,
5502,1966,
5502,1967,
5502,1968,
5502,1969,
5502,1970,
5502,1971,
5502,1972,
5502,1973,
5502,1974,
5502,1975,
5502,1976,
5502,1977,
5502,1978,
5502,1979,
5502,1980,
5502,1981,
5502,1982,
5502,1983,
5502,1984,
5502,1985,
5502,1986,
5502,1987,
5502,1988,
5502,1989,
5502,1990,
5502,1991,
5502,1992,
5502,1993,
5502,1994,
5502,1995,
5502,1996,
5502,1997,4.0
5502,1998,0.0
5502,1999,0.0
5502,2000,0.0
5502,2001,0.0
5502,2002,3.0
5502,2003,1.0
5502,2004,10.0
5502,2005,5.0
5502,2006,12.0
5502,2007,18.0
5502,2008,9.0
5502,2009,6.0
5502,2010,4.0
5502,2011,1.0
5502,2012,0.0
5502,2013,7.0
261,1986,10499.0
261,1993,38458.0
261,1994,45511.0
261,1995,54225.0
261,1996,48272.0
261,1997,54384.0
261,1998,61336.0
261,1999,62282.0
261,2000,74275.0
261,2001,65964.0
261,2002,70569.0
261,2003,77420.0
261,2004,94548.0
261,2005,98403.0
261,2006,57348.0
261,2007,79641.0
261,2008,52373.0
261,2009,33220.0
261,2010,30804.0
261,2011,212627.0
261,2012,337950.0
261,2013,406985.0
266,1986,10499.0
266,1993,46502.0
266,1994,54612.0
266,1995,72911.0
266,1996,78551.0
266,1997,96069.0
266,1998,91392.0
266,1999,83317.0
266,2000,122701.0
266,2001,98551.0
266,2002,110790.0
266,2003,134516.0
266,2004,207443.0
266,2005,211410.0
266,2006,197704.0
266,2007,156693.0
266,2008,145164.0
266,2009,111309.0
266,2010,128017.0
266,2011,311522.0
266,2012,406637.0
266,2013,494948.0
268,1986,10476.0
268,1990,6.0
268,1991,1595.0
268,1992,839.0
268,1993,47632.0
268,1994,65938.0
268,1995,76124.0
268,1996,85512.0
268,1997,99116.0
268,1998,93790.0
268,1999,84603.0
268,2000,126177.0
268,2001,97320.0
268,2002,119971.0
268,2003,147888.0
268,2004,234278.0
268,2005,257655.0
268,2006,246962.0
268,2007,212554.0
268,2008,219832.0
268,2009,181515.0
268,2010,202848.0
268,2011,385377.0
268,2012,465179.0
268,2013,567203.0
269,1986,10476.0
269,1990,6.0
269,1991,1590.0
269,1992,821.0
269,1993,47423.0
269,1994,65362.0
269,1995,75560.0
269,1996,85287.0
269,1997,98933.0
269,1998,93263.0
269,1999,84351.0
269,2000,125895.0
269,2001,96991.0
269,2002,120200.0
269,2003,148108.0
269,2004,234385.0
269,2005,255742.0
269,2006,245250.0
269,2007,205874.0
269,2008,210105.0
269,2009,176867.0
269,2010,197038.0
269,2011,370429.0
269,2012,441058.0
269,2013,541687.0
5706,1961,0.0
5706,1962,0.0
5706,1963,0.0
5706,1964,0.0
5706,1965,0.0
5706,1966,98.0
5706,1967,101.0
5706,1968,32.0
5706,1969,46.0
5706,1970,77.0
5706,1971,24.0
5706,1972,168.0
5706,1973,104.0
5706,1974,282.0
5706,1975,446.0
5706,1976,566.0
5706,1977,1137.0
5706,1978,2876.0
5706,1979,3497.0
5706,1980,2213.0
5706,1981,3123.0
5706,1982,1643.0
5706,1983,2015.0
5706,1984,3406.0
5706,1985,0.0
5706,1986,0.0
5706,1987,0.0
5706,1988,0.0
5706,1989,0.0
5706,1990,77.0
5706,1991,4.0
5706,1992,13.0
5706,1993,1509.0
5706,1994,907.0
5706,1995,10375.0
5706,1996,158997.0
5706,1997,167419.0
5706,1998,154921.0
5706,1999,156808.0
5706,2000,256832.0
5706,2001,223531.0
5706,2002,261983.0
5706,2003,322254.0
5706,2004,502899.0
5706,2005,556007.0
5706,2006,551716.0
5706,2007,584054.0
5706,2008,661186.0
5706,2009,536687.0
5706,2010,853254.0
5706,2011,952863.0
5706,2012,1669737.0
5706,2013,1934789.0
57060,1986,10476.0
57060,1990,6.0
57060,1991,1590.0
57060,1992,751.0
57060,1993,47990.0
57060,1994,65639.0
57060,1995,76188.0
57060,1996,87687.0
57060,1997,100459.0
57060,1998,92835.0
57060,1999,86564.0
57060,2000,127696.0
57060,2001,97888.0
57060,2002,118751.0
57060,2003,146412.0
57060,2004,232554.0
57060,2005,254188.0
57060,2006,243591.0
57060,2007,204230.0
57060,2008,208185.0
57060,2009,175749.0
57060,2010,198643.0
57060,2011,371641.0
57060,2012,441783.0
57060,2013,541968.0
5801,1961,
5801,1962,
5801,1963,
5801,1964,
5801,1965,
5801,1966,
5801,1967,
5801,1968,
5801,1969,
5801,1970,
5801,1971,
5801,1972,
5801,1973,
5801,1974,
5801,1975,
5801,1976,
5801,1977,
5801,1978,
5801,1979,
5801,1980,
5801,1981,
5801,1982,
5801,1983,
5801,1984,
5801,1985,
5801,1986,
5801,1987,
5801,1988,
5801,1989,
5801,1990,
5801,1991,
5801,1992,
5801,1993,
5801,1994,
5801,1995,
5801,1996,
5801,1997,
5801,1998,
5801,1999,
5801,2000,
5801,2001,
5801,2002,
5801,2003,
5801,2004,
5801,2005,22.0
5801,2006,0.0
5801,2007,1.0
5801,2008,66.0
5801,2009,6.0
5801,2010,2.0
5801,2011,0.0
5801,2012,238.0
5801,2013,13.0
5802,1961,
5802,1962,
5802,1963,
5802,1964,
5802,1965,
5802,1966,
5802,1967,
5802,1968,
5802,1969,
5802,1970,
5802,1971,
5802,1972,
5802,1973,
5802,1974,
5802,1975,
5802,1976,
5802,1977,
5802,1978,
5802,1979,
5802,1980,
5802,1981,
5802,1982,
5802,1983,
5802,1984,
5802,1985,
5802,1986,
5802,1987,
5802,1988,
5802,1989,
5802,1990,
5802,1991,
5802,1992,
5802,1993,
5802,1994,68.0
5802,1995,90.0
5802,1996,2.0
5802,1997,0.0
5802,1998,1.0
5802,1999,53.0
5802,2000,197.0
5802,2001,454.0
5802,2002,125.0
5802,2003,54.0
5802,2004,432.0
5802,2005,31.0
5802,2006,1147.0
5802,2007,932.0
5802,2008,2357.0
5802,2009,1532.0
5802,2010,988.0
5802,2011,819.0
5802,2012,562.0
5802,2013,80.0
5803,1961,0.0
5803,1962,0.0
5803,1963,0.0
5803,1964,0.0
5803,1965,0.0
5803,1966,0.0
5803,1967,0.0
5803,1968,0.0
5803,1969,0.0
5803,1970,0.0
5803,1971,0.0
5803,1972,0.0
5803,1973,0.0
5803,1974,0.0
5803,1975,0.0
5803,1976,0.0
5803,1977,0.0
5803,1978,0.0
5803,1979,0.0
5803,1980,0.0
5803,1981,0.0
5803,1982,0.0
5803,1983,0.0
5803,1984,0.0
5803,1985,0.0
5803,1986,0.0
5803,1987,0.0
5803,1988,0.0
5803,1989,0.0
5803,1990,0.0
5803,1991,0.0
5803,1992,2559.0
5803,1993,1031.0
5803,1994,615.0
5803,1995,198.0
5803,1996,18.0
5803,1997,853.0
5803,1998,871.0
5803,1999,778.0
5803,2000,781.0
5803,2001,3273.0
5803,2002,504.0
5803,2003,1216.0
5803,2004,4146.0
5803,2005,4407.0
5803,2006,2008.0
5803,2007,7207.0
5803,2008,9045.0
5803,2009,6653.0
5803,2010,5826.0
5803,2011,5886.0
5803,2012,111398.0
5803,2013,178368.0
5815,1961,
5815,1962,
5815,1963,
5815,1964,
5815,1965,
5815,1966,
5815,1967,
5815,1968,
5815,1969,
5815,1970,
5815,1971,
5815,1972,
5815,1973,
5815,1974,
5815,1975,
5815,1976,
5815,1977,
5815,1978,
5815,1979,
5815,1980,
5815,1981,
5815,1982,
5815,1983,
5815,1984,
5815,1985,
5815,1986,
5815,1987,
5815,1988,
5815,1989,
5815,1990,
5815,1991,
5815,1992,
5815,1993,
5815,1994,
5815,1995,
5815,1996,6.0
5815,1997,36.0
5815,1998,1805.0
5815,1999,2675.0
5815,2000,4524.0
5815,2001,3740.0
5815,2002,12409.0
5815,2003,7924.0
5815,2004,8873.0
5815,2005,8692.0
5815,2006,1517.0
5815,2007,30511.0
5815,2008,32013.0
5815,2009,32305.0
5815,2010,32250.0
5815,2011,28929.0
5815,2012,4654.0
5815,2013,4722.0
5817,1961,0.0
5817,1962,0.0
5817,1963,0.0
5817,1964,0.0
5817,1965,0.0
5817,1966,0.0
5817,1967,0.0
5817,1968,0.0
5817,1969,0.0
5817,1970,0.0
5817,1971,0.0
5817,1972,0.0
5817,1973,0.0
5817,1974,0.0
5817,1975,0.0
5817,1976,0.0
5817,1977,0.0
5817,1978,0.0
5817,1979,0.0
5817,1980,0.0
5817,1981,0.0
5817,1982,0.0
5817,1983,0.0
5817,1984,0.0
5817,1985,0.0
5817,1986,0.0
5817,1987,0.0
5817,1988,0.0
5817,1989,0.0
5817,1990,0.0
5817,1991,0.0
5817,1992,261.0
5817,1993,0.0
5817,1994,0.0
5817,1995,116.0
5817,1996,12555.0
5817,1997,20785.0
5817,1998,17097.0
5817,1999,20004.0
5817,2000,19517.0
5817,2001,27324.0
5817,2002,32885.0
5817,2003,44336.0
5817,2004,53472.0
5817,2005,78178.0
5817,2006,100940.0
5817,2007,107663.0
5817,2008,129976.0
5817,2009,182839.0
5817,2010,187450.0
5817,2011,302268.0
5817,2012,386982.0
5817,2013,410169.0
