geo,year,pears_export_quantity_tcl
221,2009,409
156,2016,5073
156,2015,4681
156,2014,6059
156,2013,4721
156,2012,2983
156,2011,4309
156,2010,5872
158,1998,0
156,2009,5512
156,2007,5777
156,2006,4999
156,2005,5415
156,2004,6527
156,2003,2616
156,2002,9403
156,2001,3577
156,2008,4770
156,2000,12375
158,1999,10
162,1961,17
162,1977,2
162,1976,10
162,1975,0
162,1974,0
162,1973,0
162,1972,0
162,1971,0
158,2001,0
162,1970,0
162,1968,0
162,1967,0
162,1966,0
162,1965,0
162,1964,10
162,1963,18
162,1962,11
162,1969,0
162,1978,0
156,1999,7583
156,1997,4987
156,1976,1436
156,1975,1539
156,1974,2632
156,1973,2732
156,1972,2571
156,1971,3453
156,1970,3144
156,1977,1203
156,1969,2442
156,1967,2645
156,1966,3797
156,1965,3333
156,1964,3475
156,1963,2368
156,1962,3441
156,1961,2654
156,1968,3130
156,1998,6719
156,1978,1169
156,1980,1821
156,1996,4434
156,1995,5592
156,1994,4701
156,1993,3738
156,1992,4286
156,1991,3820
156,1990,2831
156,1979,1584
156,1989,2568
156,1987,2693
156,1986,2946
156,1985,2526
156,1984,2470
156,1983,1900
156,1982,2188
156,1981,2409
156,1988,1836
162,1979,0
162,1980,0
162,1981,0
165,1970,1066
165,1969,1477
165,1968,532
165,1967,302
165,1966,444
165,1965,0
165,1964,15
165,1971,43
165,1963,0
165,1961,4
221,2016,26
221,2015,47
221,2013,81
221,2012,273
221,2011,375
221,2010,275
165,1962,0
221,2008,547
165,1972,2379
165,1974,1338
165,1990,9
165,1989,1
165,1988,16
165,1987,0
165,1986,13
165,1985,0
165,1984,0
165,1973,709
165,1983,26
165,1981,5
165,1980,9
165,1979,99
165,1978,0
165,1977,0
165,1976,399
165,1975,1648
165,1982,33
221,2007,81
221,2006,56
221,2005,18
162,1999,8
162,1997,16
162,1996,7
162,1995,20
162,1993,34
162,1992,22
162,1991,20
162,2000,32
162,1990,0
162,1988,0
162,1987,1
162,1986,6
162,1985,0
162,1984,0
162,1983,0
162,1982,0
162,1989,0
162,2002,9
162,2003,7
162,2004,30
221,2000,0
221,1999,0
221,1998,0
221,1997,2
299,1999,483
299,1998,10
299,1997,13
162,2015,0
162,2014,23
162,2013,8
162,2012,14
162,2011,22
162,2010,3
162,2009,22
162,2008,8
162,2007,20
162,2006,5
153,2009,0
165,1991,37
153,1998,0
153,1993,0
149,1985,0
149,1984,0
149,1983,0
149,1982,0
149,1981,0
149,1980,0
149,1979,0
149,1987,0
149,1978,0
149,1976,0
149,1975,0
149,1974,0
149,1973,0
149,1972,0
149,1971,0
149,1970,0
149,1977,0
149,1969,0
149,1988,0
149,1992,0
150,1967,17922
150,1966,38558
150,1965,22108
150,1964,50065
150,1963,36253
150,1962,21734
150,1961,51906
149,1991,0
149,2016,12
149,2014,53
149,2013,145
149,2012,7
149,2011,8
149,2009,2
149,2003,395
149,1993,0
149,2015,253
150,1968,23113
149,1968,0
149,1966,0
144,1991,0
144,1990,0
144,1989,0
144,1988,0
144,1987,0
144,1986,0
144,1985,0
144,1992,0
144,1984,0
144,1982,0
144,1981,0
144,1980,0
144,1979,0
144,1978,0
144,1977,0
144,1976,0
144,1983,0
149,1967,0
144,1993,0
147,1997,4
149,1965,0
149,1964,0
149,1963,0
149,1962,0
149,1961,0
147,2016,4
147,2015,18
144,2016,0
147,2014,13
147,2012,6
147,2003,4
147,2002,6
147,2001,2
147,2000,10
147,1999,0
147,1998,52
147,2013,24
150,1969,26485
150,1970,27705
150,1971,29431
153,1972,0
153,1971,0
153,1970,0
153,1969,0
153,1968,0
153,1967,0
153,1966,0
153,1973,0
153,1965,0
153,1963,0
153,1962,0
153,1961,0
150,2016,315902
150,2015,281642
150,2014,296368
150,2013,266416
153,1964,0
150,2012,330041
153,1974,0
153,1976,0
153,1992,0
153,1991,0
153,1990,0
153,1989,0
153,1988,0
153,1987,0
153,1986,2
153,1975,0
153,1985,0
153,1983,1
153,1982,0
153,1981,1
153,1980,0
153,1979,0
153,1978,0
153,1977,0
153,1984,0
150,2011,350307
150,2010,349324
150,2009,314529
150,1987,70024
150,1986,70143
150,1985,68234
150,1984,54830
150,1983,61625
150,1982,57600
150,1981,51955
150,1988,90114
150,1980,52079
150,1978,51154
150,1977,45940
150,1976,34435
150,1975,35887
150,1974,44436
150,1973,22186
150,1972,32095
150,1979,50365
150,1989,87136
150,1990,86282
150,1991,94656
150,2008,312182
150,2007,328643
150,2006,246628
150,2005,303268
150,2004,232063
150,2003,221600
150,2002,155210
150,2001,159389
150,2000,153525
150,1999,174839
150,1998,144121
150,1997,168085
150,1996,151625
150,1995,142506
150,1994,157857
150,1993,102219
150,1992,104895
153,1997,1
144,1975,0
165,1992,9
165,1994,4
117,1995,2791
117,1994,2724
117,1993,2995
117,1992,2199
117,1991,2331
117,1990,4361
117,1989,5262
117,1996,3801
117,1988,5943
117,1986,5325
117,1985,2639
117,1984,2470
117,1983,2631
117,1982,7433
117,1981,5162
117,1980,2323
117,1987,4874
117,1979,1688
117,1997,3334
117,1999,4903
117,2015,22493
117,2014,23454
117,2013,20120
117,2012,15677
117,2011,17996
117,2010,23094
117,2009,27222
117,1998,3942
117,2008,23629
117,2006,16301
117,2005,25157
117,2004,16914
117,2003,16204
117,2002,17425
117,2001,11455
117,2000,8734
117,2007,19982
117,2016,25607
117,1978,4592
117,1976,3299
179,2003,50
174,2016,71080
174,2015,122049
174,2014,140396
174,2013,80754
174,2012,96449
174,2011,98573
179,2005,11
174,2010,88389
174,2007,49344
174,2006,46115
174,2005,46552
174,2004,29233
174,2003,23219
174,2002,30322
174,2001,26201
174,2009,66205
117,1977,4319
179,2006,2
179,2008,0
117,1975,4372
117,1974,4469
117,1973,2832
117,1972,1886
117,1971,540
117,1970,545
117,1969,282
179,2007,0
117,1968,95
117,1966,246
117,1965,46
117,1964,0
117,1963,0
117,1962,0
117,1961,0
179,2015,10
117,1967,118
146,1992,3
146,1994,3216
146,1995,815
185,1993,4
185,1992,68
183,2016,7
183,2015,396
183,2014,348
183,2013,570
183,2012,802
185,1994,32
183,2011,354
183,2009,102
183,2008,253
183,2007,10
183,2006,10
183,2005,9
183,2004,15
183,2003,8
183,2010,275
183,2002,2
185,1995,12
185,1997,26
185,2013,411
185,2012,118
185,2011,42
185,2010,918
185,2009,1910
185,2008,2548
185,2007,2136
185,1996,30
185,2006,1389
185,2004,90
185,2003,152
185,2002,103
185,2001,119
185,2000,114
185,1999,66
185,1998,81
185,2005,802
183,2001,0
183,2000,0
183,1999,2
146,2013,397
146,2012,910
146,2011,168
146,2009,118
146,2008,154
146,2007,143
146,2006,346
146,2014,73
146,2005,816
146,2003,498
146,2002,173
146,2001,49
146,2000,296
146,1999,87
146,1997,444
146,1996,592
146,2004,1025
183,1979,0
183,1980,0
183,1981,0
183,1998,15
183,1997,42
183,1996,50
183,1995,23
183,1994,24
183,1993,216
183,1992,34
183,1991,34
183,1990,0
183,1989,0
183,1988,0
183,1987,0
183,1986,0
183,1985,0
183,1984,0
183,1983,0
183,1982,0
174,2000,24416
165,1993,35
174,1999,19522
174,1997,40304
170,1998,0
170,1997,0
170,1996,0
170,1995,0
170,1994,0
170,1993,0
170,1992,0
170,1999,1
170,1991,0
170,1989,0
170,1988,0
170,1987,0
170,1986,0
170,1985,0
170,1984,0
170,1983,0
170,1990,0
170,1982,0
170,2000,0
170,2004,0
173,1969,0
173,1968,1995
173,1967,0
173,1966,0
173,1965,0
173,1964,650
173,1963,0
170,2001,0
173,1962,0
171,2013,23
171,2004,116
171,2003,41
170,2011,0
170,2010,47
170,2006,2
170,2005,1
173,1961,78
173,1970,1235
170,1981,0
170,1979,0
165,2011,570
165,2010,404
165,2009,86
165,2008,7
165,2007,82
165,2006,16
165,2004,76
165,2012,2423
165,2003,28
165,2001,56
165,2000,436
165,1999,169
165,1998,53
165,1997,762
165,1996,58
165,1995,61
165,2002,59
170,1980,0
165,2013,6
170,1962,0
170,1978,0
170,1977,0
170,1976,0
170,1975,0
170,1974,0
170,1973,0
170,1972,0
170,1961,0
170,1971,0
170,1969,0
170,1968,0
170,1967,0
170,1966,0
170,1965,0
170,1964,0
170,1963,0
170,1970,0
173,1971,431
173,1972,0
173,1973,0
174,1976,12
174,1975,6
174,1974,20
174,1973,39
174,1972,87
174,1971,86
174,1970,176
174,1977,53
174,1969,168
174,1967,193
174,1966,84
174,1965,212
174,1964,176
174,1963,123
174,1962,70
174,1961,61
174,1968,106
173,2016,50254
174,1978,27
174,1980,1817
174,1996,10061
174,1995,9347
174,1994,11905
174,1993,4980
174,1992,9664
174,1991,17705
174,1990,4071
174,1979,435
174,1989,2026
174,1987,3584
174,1986,4108
174,1985,888
174,1984,1892
174,1983,977
174,1982,730
174,1981,885
174,1988,1365
173,2015,27202
173,2014,35969
173,2013,42104
173,1989,0
173,1988,0
173,1987,0
173,1986,0
173,1985,0
173,1984,0
173,1983,0
173,1990,0
173,1982,0
173,1980,0
173,1979,0
173,1978,0
173,1977,0
173,1976,0
173,1975,0
173,1974,0
173,1981,0
173,1991,0
173,1992,192
173,1995,2458
173,2012,39035
173,2011,25146
173,2010,11923
173,2009,19789
173,2008,8770
173,2007,3258
173,2006,3243
173,2005,6472
173,2004,14024
173,2003,2845
173,2002,12816
173,2001,5094
173,2000,3594
173,1999,133
173,1998,1856
173,1997,1108
173,1996,684
174,1998,8153
144,1974,0
144,1973,1
144,1972,15
118,2000,1
118,1999,7
118,1998,50
118,1997,38
118,1996,31
118,1995,39
118,1994,27
118,2001,0
118,1993,16
118,1990,8
118,1989,55
118,1988,39
118,1987,0
118,1986,0
118,1985,0
118,1984,0
118,1991,3
118,1983,0
118,2013,144
118,2015,72
113,2015,285
113,2012,9763
113,2011,8526
113,2010,6136
113,2008,4732
113,2007,4377
113,2006,6910
118,2014,122
113,2005,3445
113,2003,3469
113,2002,3313
113,2001,4970
113,2000,6217
113,1999,5187
113,1998,4444
118,2016,109
113,2004,3287
113,2016,527
118,1982,0
118,1980,0
114,2010,194
114,2008,462
114,2006,51
114,2005,2
114,2004,5
114,2003,2
114,2002,7
114,2013,9
114,2001,3
114,1999,2
114,1998,2
114,1997,2
114,1996,2
114,1995,3
114,1994,16
114,1993,17
114,2000,4
118,1981,0
118,1961,0
118,1963,0
118,1979,0
118,1978,0
118,1977,0
118,1976,0
118,1975,0
118,1974,0
118,1973,0
118,1962,0
118,1972,0
118,1970,0
118,1969,0
118,1968,0
118,1967,0
118,1966,0
118,1965,0
118,1964,0
118,1971,0
119,1993,2
119,1994,139
119,1995,2
121,2010,11014
121,2009,12995
121,2008,12546
121,2007,10005
121,2006,10218
121,2005,10847
121,2004,11560
121,2011,14256
121,2003,8374
121,2001,7047
121,2000,7875
121,1999,6128
121,1998,8198
121,1997,4589
121,1993,3890
121,1991,14071
121,2002,6159
121,1990,9746
121,2012,9277
121,2014,4096
126,2007,7508
126,2006,5599
126,2005,903
126,2004,519
126,2003,692
126,2002,458
126,2001,433
121,2013,8597
126,2000,617
126,1998,860
126,1997,777
126,1996,79
126,1995,205
126,1994,343
121,2016,3917
121,2015,4056
126,1999,358
121,1981,5813
121,1980,11569
121,1979,7358
119,2011,2492
119,2010,1344
119,2009,811
119,2008,753
119,2007,2673
119,2006,369
119,2005,145
119,2012,1291
119,2004,52
119,2002,2
119,2001,1
119,2000,63
119,1999,14
119,1998,3
119,1997,1
119,1996,8
119,2003,2
119,2013,700
119,2014,2850
119,2015,3599
121,1977,6425
121,1976,5107
121,1974,6123
121,1973,2106
121,1972,4601
121,1971,1716
121,1970,4630
121,1969,1404
121,1968,6458
121,1967,3859
121,1966,1371
121,1965,2446
121,1964,3117
121,1963,926
121,1962,1149
121,1961,2001
119,2016,2902
114,1992,1
126,2008,11401
114,1991,2
114,1989,1
110,2015,1374
110,2014,1017
110,2013,1246
110,2012,1042
110,2011,574
110,2010,702
110,2009,1683
110,2016,1472
110,2008,1521
110,2006,1356
110,2005,2137
110,2004,1951
110,2003,1886
110,2002,2664
110,2001,2860
110,2000,3195
110,2007,2092
110,1999,4187
112,1961,0
112,1963,0
112,1979,102
112,1978,90
112,1977,0
112,1976,385
112,1975,177
112,1974,68
112,1973,33
112,1962,76
112,1972,65
112,1970,25
112,1969,0
112,1968,52
112,1967,36
112,1966,16
112,1965,6
112,1964,18
112,1971,0
112,1980,241
110,1998,5408
110,1996,4898
110,1975,1223
110,1974,5014
110,1973,1399
110,1972,762
110,1971,1545
110,1970,2126
110,1969,2808
110,1976,691
110,1968,4454
110,1966,3223
110,1965,4390
110,1964,4765
110,1963,6881
110,1962,7211
110,1961,7781
109,2015,1
110,1967,4881
110,1997,6100
110,1977,2126
110,1979,5507
110,1995,5865
110,1994,3887
110,1993,7266
110,1992,6901
110,1991,8163
110,1990,6474
110,1989,9183
110,1978,2123
110,1988,12213
110,1986,12493
110,1985,14151
110,1984,13433
110,1983,9806
110,1982,14628
110,1981,9835
110,1980,9135
110,1987,12948
112,1981,780
112,1982,280
112,1983,288
114,1968,0
114,1967,0
114,1966,0
114,1965,0
114,1964,0
114,1963,0
114,1962,0
114,1969,0
114,1961,0
108,2015,743
108,2014,488
108,2013,4
108,2011,58
108,2009,264
108,2008,575
108,2007,751
108,2016,52
108,2006,1528
114,1970,0
114,1972,0
114,1988,2
114,1987,3
114,1986,3
114,1985,1
114,1984,1
114,1983,3
114,1982,4
114,1971,0
114,1981,3
114,1979,5
114,1978,15
114,1977,31
114,1976,128
114,1975,15
114,1974,0
114,1973,0
114,1980,0
108,2005,2699
108,2004,3815
108,2003,2205
112,2001,229
112,2000,61
112,1999,78
112,1998,186
112,1997,6
112,1995,1
112,1993,1
112,2002,204
112,1992,1
112,1990,14
112,1989,8
112,1988,4
112,1987,13
112,1986,238
112,1985,245
112,1984,407
112,1991,46
112,2003,386
112,2004,193
112,2005,190
108,2002,1551
108,2001,2027
108,2000,2297
108,1997,1293
108,1996,245
108,1995,139
112,2016,217
112,2015,233
112,2014,309
112,2013,474
112,2012,417
112,2011,625
112,2010,258
112,2009,444
112,2008,437
112,2007,418
112,2006,348
114,1990,1
126,2009,10463
126,2010,30945
126,2011,40081
138,1980,20
138,1979,2
138,1978,0
138,1977,0
138,1976,0
138,1975,54
138,1974,2
138,1981,10
138,1973,16
138,1971,0
138,1970,14
138,1969,66
138,1968,0
138,1967,49
138,1966,18
138,1965,0
138,1972,29
138,1964,0
138,1982,18
138,1984,0
138,2000,36
138,1999,10
138,1998,31
138,1997,20
138,1996,32
138,1995,40
138,1994,1
138,1983,0
138,1993,1
138,1991,10
138,1990,4
138,1989,36
138,1988,29
138,1987,1
138,1986,0
138,1985,0
138,1992,6
138,2001,48
138,1963,13
138,1961,0
137,1980,0
137,1979,0
137,1978,0
137,1977,0
137,1976,0
137,1975,0
137,1974,0
137,1981,0
137,1973,0
137,1970,0
137,1969,0
137,1968,0
137,1967,0
137,1966,0
137,1965,0
137,1964,0
137,1972,0
138,1962,0
137,1982,0
137,1984,0
137,2011,0
137,2010,0
137,2008,4
137,2005,2
137,2004,1
137,2002,5
137,2001,4
137,1983,0
137,2000,36
137,1992,2
137,1990,0
137,1989,0
137,1988,0
137,1987,0
137,1986,0
137,1985,0
137,1999,37
138,2002,89
138,2003,27
138,2004,31
143,2005,226
143,2004,1064
143,2003,532
143,2002,357
143,2001,21
143,2000,5
143,1998,9
143,2006,13
143,1997,125
143,1992,5
143,1991,0
143,1990,0
143,1989,0
143,1988,5
143,1987,0
143,1986,0
143,1995,5467
143,1985,1
143,2007,267
143,2010,43
144,1971,10
144,1970,5
144,1969,4
144,1968,8
144,1967,6
144,1966,6
144,1965,2
143,2008,1185
144,1964,0
144,1962,0
144,1961,0
143,2016,271
143,2015,867
143,2014,482
143,2013,9
143,2012,22
144,1963,0
143,1984,12
143,1983,19
143,1982,10
273,2016,0
273,2015,0
273,2014,0
273,2013,0
138,2016,45
138,2015,40
138,2014,30
143,1961,77
138,2013,31
138,2011,33
138,2010,39
138,2009,28
138,2008,100
138,2007,57
138,2006,17
138,2005,20
138,2012,22
143,1962,24
143,1963,5
143,1964,11
143,1981,15
143,1980,55
143,1979,27
143,1978,30
143,1977,39
143,1976,12
143,1975,12
143,1974,25
143,1973,26
143,1972,23
143,1971,19
143,1970,35
143,1969,26
143,1968,33
143,1967,38
143,1966,35
143,1965,44
137,1963,0
137,1962,0
137,1961,0
134,2012,72
129,2001,0
129,2000,0
129,1993,0
129,1992,0
129,1991,0
129,1990,0
129,1989,0
129,2002,1
129,1988,0
129,1986,0
129,1985,0
129,1984,0
129,1983,0
129,1982,0
129,1981,0
129,1980,0
129,1987,0
129,1979,0
129,2009,3
129,2011,0
131,1974,0
131,1973,1
131,1972,1
131,1971,2
131,1970,3
131,1969,0
131,1968,3
129,2010,0
131,1967,21
131,1965,0
131,1964,12
131,1963,0
131,1962,3
131,1961,4
129,2014,0
129,2013,0
131,1966,3
129,1978,1
129,1977,0
129,1976,0
256,2010,180
256,2009,112
256,2008,66
256,2007,80
256,2006,131
256,2005,124
256,2004,141
256,2011,189
256,2003,75
256,2001,135
256,2000,88
126,2016,102661
126,2015,171118
126,2014,99602
126,2013,43776
126,2012,48791
256,2002,77
256,2012,138
256,2013,81
256,2014,105
129,1975,0
129,1974,3
129,1973,0
129,1972,0
129,1971,0
129,1970,0
129,1969,0
129,1968,0
129,1967,0
129,1966,0
129,1965,0
129,1964,0
129,1963,0
129,1962,0
129,1961,0
256,2016,113
256,2015,114
131,1975,9
185,2014,292
131,1976,0
131,1978,2
134,1982,0
134,1981,0
134,1980,0
134,1979,0
134,1978,0
134,1977,0
134,1976,0
134,1983,0
134,1975,0
134,1973,0
134,1972,0
134,1971,0
134,1970,0
134,1969,0
134,1968,0
134,1967,0
134,1974,0
134,1966,0
134,1984,0
134,1986,0
134,2008,165
134,2007,24
134,2006,35
134,2003,1
134,2002,9
134,2001,113
134,2000,90
134,1985,0
134,1999,25
134,1993,52
134,1992,0
134,1991,0
134,1990,8
134,1989,0
134,1988,0
134,1987,0
134,1998,4
134,1965,0
134,1964,0
134,1963,0
131,1995,259
131,1994,630
131,1993,35
131,1992,9
131,1991,147
131,1990,738
131,1989,463
131,1998,329
131,1988,513
131,1985,61
131,1984,55
131,1983,65
131,1982,13
131,1981,1
131,1980,0
131,1979,0
131,1987,129
131,1999,357
131,2000,424
131,2001,398
134,1962,0
134,1961,0
131,2016,1048
131,2015,338
131,2014,615
131,2013,328
131,2012,242
131,2011,591
131,2010,664
131,2009,354
131,2008,749
131,2007,488
131,2006,622
131,2005,924
131,2004,1679
131,2003,550
131,2002,733
131,1977,0
109,2013,0
185,2015,364
189,1961,0
225,1989,981
225,1988,1084
225,1987,593
225,1986,0
225,1985,0
225,1984,0
225,1983,0
225,1991,914
225,1982,0
225,1980,0
225,1979,0
225,1978,0
225,1977,0
225,1976,0
225,1975,0
225,1974,0
225,1981,0
225,1973,0
225,1992,783
225,1994,1109
229,1967,268
229,1966,1466
229,1965,762
229,1964,1954
229,1963,2717
229,1962,2383
229,1961,2418
225,1993,212
225,2016,5854
225,2014,6407
225,2008,5828
225,2007,4860
225,2005,2800
225,2003,2135
225,2002,1554
225,1995,1133
225,2015,7216
229,1968,914
225,1972,0
225,1970,0
230,2000,53
226,2014,0
226,2013,0
226,2007,0
226,2001,0
226,2000,0
226,1998,1
230,2003,36
226,1997,0
226,1995,0
226,1994,0
223,2016,17214
223,2015,21359
223,2014,16423
223,2013,12585
223,2012,16221
226,1996,0
225,1971,0
230,2004,78
230,2006,18
225,1969,0
225,1968,0
225,1967,0
225,1966,0
225,1965,0
225,1964,0
225,1963,0
230,2005,176
225,1962,0
230,2013,222
230,2012,339
230,2011,479
230,2010,761
230,2009,719
230,2008,462
230,2007,170
225,1961,0
229,1969,599
229,1970,1190
229,1971,1610
215,1972,0
215,1971,0
215,1970,0
215,1969,0
215,1968,0
215,1967,0
215,1966,0
215,1973,0
215,1965,0
215,1963,0
215,1962,0
215,1961,0
229,2016,1139
229,2015,1559
229,2014,1308
229,2013,2151
215,1964,0
229,2012,829
215,1974,0
215,1978,0
215,1999,254
215,1993,0
215,1992,0
215,1991,0
215,1990,0
215,1989,0
215,1988,0
215,1977,0
215,1987,0
215,1985,0
215,1984,0
215,1983,0
215,1982,0
215,1981,0
215,1980,0
215,1979,0
215,1986,0
229,2011,558
229,2010,1828
229,2009,1449
229,1987,762
229,1986,1106
229,1985,1488
229,1984,1212
229,1983,1641
229,1982,1360
229,1981,1716
229,1988,1144
229,1980,1968
229,1978,3282
229,1977,2682
229,1976,1932
229,1975,1321
229,1974,1193
229,1973,2021
229,1972,2582
229,1979,958
229,1989,1319
229,1990,2533
229,1991,3046
229,2008,1149
229,2007,3069
229,2006,3341
229,2005,2367
229,2004,2389
229,2003,3036
229,2002,4021
229,2001,3618
229,2000,2411
229,1999,2555
229,1998,2749
229,1997,1951
229,1996,3659
229,1995,3157
229,1994,1641
229,1993,1609
229,1992,2661
223,2011,8527
215,2000,339
223,2010,24616
223,2008,6046
220,2010,3
220,2009,2
220,2007,2
220,2006,4
220,2005,4
220,2004,3
220,2003,4
220,2015,5
220,2002,4
220,2000,2
220,1999,2
220,1996,1
220,1994,1
220,1993,1
220,1992,1
220,1991,0
220,2001,2
220,1990,0
222,1961,0
222,1963,0
222,1979,0
222,1978,0
222,1977,0
222,1976,0
222,1975,0
222,1974,0
222,1973,0
222,1962,0
222,1972,0
222,1970,0
222,1969,0
222,1968,0
222,1967,0
222,1966,0
222,1965,0
222,1964,0
222,1971,0
222,1980,0
220,1989,0
220,1987,1
220,1966,0
220,1965,0
220,1964,0
220,1963,0
220,1962,0
220,1961,0
154,2016,89
220,1967,0
154,2015,114
154,2013,41
154,2012,62
154,2011,81
154,2010,22
154,2009,4
154,2008,525
154,2006,15
154,2014,113
220,1988,0
220,1968,0
220,1970,0
220,1986,0
220,1985,1
220,1984,9
220,1983,3
220,1982,4
220,1981,4
220,1980,5
220,1969,0
220,1979,0
220,1977,0
220,1976,0
220,1975,0
220,1974,0
220,1973,0
220,1972,0
220,1971,0
220,1978,0
222,1981,0
222,1982,0
222,1983,0
223,1987,1839
223,1986,4304
223,1985,3053
223,1984,3065
223,1983,2518
223,1982,1372
223,1981,2251
223,1988,3266
223,1980,1069
223,1978,0
223,1977,0
223,1976,2
223,1975,0
223,1974,0
223,1973,0
223,1972,0
223,1979,259
223,1971,0
223,1989,4467
223,1991,3348
223,2007,5404
223,2006,5958
223,2005,9982
223,2004,5213
223,2003,10797
223,2002,12821
223,2001,9614
223,1990,2517
223,2000,11841
223,1998,5021
223,1997,8088
223,1996,7494
223,1995,7944
223,1994,8378
223,1993,3925
223,1992,3484
223,1999,7677
223,1970,0
223,1969,0
223,1968,16
222,2001,2597
222,2000,981
222,1999,77
222,1998,0
222,1997,12
222,1996,38
222,1995,7
222,2002,2725
222,1992,1
222,1990,0
222,1989,44
222,1988,11
222,1987,0
222,1986,0
222,1985,0
222,1984,0
222,1991,0
222,2003,541
222,2004,1769
222,2005,3816
223,1967,41
223,1966,4
223,1965,12
223,1964,64
223,1963,11
223,1962,14
223,1961,317
222,2016,1241
222,2015,3765
222,2014,2558
222,2013,4082
222,2012,3472
222,2011,4043
222,2010,11890
222,2009,6056
222,2008,10965
222,2007,3699
223,2009,13417
154,2005,60
215,2003,133
215,2005,120
248,1972,721
248,1971,206
248,1970,9
248,1969,32
248,1968,1
248,1967,11
248,1966,0
248,1973,1716
248,1965,0
248,1963,3
248,1962,246
248,1961,0
249,2011,1
249,2005,1
249,2004,4
249,2003,266
248,1964,139
249,2000,290
248,1974,170
248,1976,0
251,1962,0
251,1961,0
248,1990,4989
248,1989,21170
248,1988,10428
248,1987,11473
248,1986,9235
248,1975,0
248,1985,5137
248,1983,2684
248,1982,2886
248,1981,1349
248,1980,9
248,1979,0
248,1978,448
248,1977,41
248,1984,1695
251,1963,0
249,1996,0
249,1994,0
249,1973,0
249,1972,0
249,1971,0
249,1970,0
249,1969,0
249,1968,0
249,1967,0
249,1974,0
249,1966,0
249,1964,1
249,1963,3
249,1962,0
249,1961,0
236,2008,78
236,2007,0
236,2006,0
249,1965,2
249,1995,0
249,1975,0
249,1977,0
249,1993,0
249,1992,0
249,1991,0
249,1990,0
249,1989,0
249,1988,0
249,1987,0
249,1976,0
249,1986,0
249,1984,0
249,1983,1
249,1982,0
249,1981,0
249,1980,0
249,1979,0
249,1978,0
249,1985,1
251,1964,0
251,1965,0
251,1966,0
181,1985,3
181,1984,0
181,1983,2
181,1982,5
181,1981,13
181,1980,0
181,1979,0
181,1986,0
181,1978,0
181,1976,0
181,1975,0
181,1974,0
181,1973,0
181,1972,0
181,1971,0
181,1970,0
181,1977,0
181,1969,0
181,1987,0
181,1989,0
181,2016,0
181,2011,1
181,2005,0
181,2002,4
181,2001,0
181,2000,4
181,1999,2
181,1988,6
181,1998,3
181,1996,28
181,1995,49
181,1994,85
181,1993,74
181,1992,23
181,1991,9
181,1990,2
181,1997,16
181,1968,0
181,1967,0
181,1966,0
251,1982,0
251,1981,0
251,1980,0
251,1979,0
251,1978,0
251,1977,0
251,1976,0
251,1983,0
251,1975,0
251,1973,0
251,1972,0
251,1971,0
251,1970,0
251,1969,0
251,1968,0
251,1967,0
251,1974,0
251,1984,0
251,1985,0
251,1986,0
181,1965,0
181,1964,0
181,1963,0
181,1962,0
181,1961,0
251,2009,9
251,2001,0
251,2000,0
251,1999,0
251,1995,0
251,1993,0
251,1992,0
251,1991,0
251,1990,6
251,1989,0
251,1988,0
251,1987,0
236,2005,1
215,2004,120
236,2004,1
236,2002,2
231,2012,196504
231,2011,178222
231,2010,159291
231,2009,166237
231,2008,169234
231,2007,155070
231,2006,136417
231,2013,197869
231,2005,154870
231,2003,174686
231,2002,176780
231,2001,181939
231,2000,181549
231,1999,161386
231,1998,159711
231,1997,159676
231,2004,173594
231,1996,146887
231,2014,197838
231,2016,140180
234,1976,2239
234,1975,538
234,1974,463
234,1973,931
234,1972,0
234,1971,18
234,1970,24
231,2015,174866
234,1969,62
234,1967,0
234,1966,0
234,1965,0
234,1964,0
234,1963,0
234,1962,0
234,1961,0
234,1968,0
234,1977,2360
231,1995,145517
231,1993,123803
231,1972,27645
231,1971,25177
231,1970,20606
231,1969,28366
231,1968,17887
231,1967,26383
231,1966,32829
231,1973,37446
231,1965,29766
231,1963,18548
231,1962,31064
231,1961,31470
215,2015,19
215,2014,200
215,2012,100
215,2009,85
231,1964,25671
231,1994,162482
231,1974,34195
231,1976,32986
231,1992,119529
231,1991,120516
231,1990,121432
231,1989,83327
231,1988,54484
231,1987,39457
231,1986,37902
231,1975,34052
231,1985,28169
231,1983,30879
231,1982,42285
231,1981,53975
231,1980,44173
231,1979,39403
231,1978,35889
231,1977,35262
231,1984,31697
234,1978,600
234,1979,1419
234,1980,2019
236,1980,0
236,1979,0
236,1978,0
236,1977,0
236,1976,0
236,1975,0
236,1974,5
236,1981,0
236,1973,0
236,1971,0
236,1970,0
236,1969,0
236,1968,0
236,1967,0
236,1966,0
236,1965,0
236,1972,0
236,1964,0
236,1982,0
236,1984,0
236,2001,0
236,2000,0
236,1998,181
236,1997,15
236,1996,14
236,1995,9
236,1994,12
236,1983,0
236,1993,3
236,1991,0
236,1990,0
236,1989,0
236,1988,0
236,1987,0
236,1986,0
236,1985,0
236,1992,5
236,1963,0
236,1962,0
236,1961,0
234,1996,2107
234,1995,1050
234,1994,628
234,1993,1544
234,1992,580
234,1991,1043
234,1990,2153
234,1997,1704
234,1989,1823
234,1987,2173
234,1986,1488
234,1985,196
234,1984,1344
234,1983,869
234,1982,1154
234,1981,1560
234,1988,901
234,1998,2036
234,1999,652
234,2000,2242
235,2000,3064
234,2016,243
234,2015,1640
234,2014,1474
234,2013,888
234,2012,3052
234,2011,2080
234,2010,2882
234,2009,1981
234,2008,3177
234,2007,4321
234,2006,3836
234,2005,4013
234,2004,3837
234,2003,1044
234,2002,732
234,2001,1465
236,2003,2
154,2004,26
154,2003,70
154,2002,6
200,2001,4622
200,2000,6005
200,1999,5412
200,1998,11121
200,1997,12749
200,1996,14331
200,1995,14356
200,2002,3044
200,1994,12152
200,1992,6582
200,1991,6059
200,1990,5493
200,1989,6095
200,1988,6221
200,1987,6546
200,1986,5880
200,1993,9083
200,1985,7697
200,2003,2602
200,2005,4063
199,1997,41
199,1996,95
199,1995,44
199,1994,22
199,1993,30
200,2016,4775
200,2015,3620
200,2004,2187
200,2014,2672
200,2012,2801
200,2011,2783
200,2010,2475
200,2009,1949
200,2008,2443
200,2007,3281
200,2006,4016
200,2013,3329
199,1998,22
200,1984,11767
200,1982,8549
196,2007,1
196,2006,3
196,2005,3
196,2003,4
196,2001,19
196,2000,0
196,1997,1
200,1962,1283
186,2005,62
186,2002,203
186,2001,230
186,2000,810
186,1998,466
186,1997,577
186,1996,613
186,1995,0
186,2004,237
200,1983,11684
200,1963,1304
200,1965,1795
200,1981,8111
200,1980,7525
200,1979,8176
200,1978,5411
200,1977,2631
200,1976,2415
200,1975,3770
200,1964,1286
200,1974,3462
200,1972,4938
200,1971,4798
200,1970,2930
200,1969,3207
200,1968,3488
200,1967,2707
200,1966,2621
200,1973,3124
199,1999,4
199,2000,8
199,2001,2
202,1986,46380
202,1985,48018
202,1983,54562
202,1982,45645
202,1981,48750
202,1980,41010
202,1979,41505
202,1987,72490
202,1978,35601
202,1976,36712
202,1975,29794
202,1974,22724
202,1973,33882
202,1972,38246
202,1971,30994
202,1970,28271
202,1977,39841
202,1969,32665
202,1988,52714
202,1990,79434
202,2007,174948
202,2006,118107
202,2005,143189
202,2004,138836
202,2003,118253
202,2002,119039
202,2001,89350
202,1989,52116
202,2000,96236
202,1998,125885
202,1997,111258
202,1996,68692
202,1995,68934
202,1994,98631
202,1992,125848
202,1991,82272
202,1999,113524
202,1968,30738
202,1967,29689
202,1966,39832
198,2000,8
198,1998,995
198,1997,293
198,1996,1198
198,1995,1619
198,1994,3403
198,1993,861
198,2001,471
198,1992,1302
199,2015,276
199,2014,952
199,2013,541
199,2012,1724
199,2011,911
199,2003,70
199,2002,14
199,2016,110
198,2002,1063
198,2003,489
198,2004,681
202,1965,27910
202,1964,31690
202,1963,30782
202,1962,28894
202,1961,26817
198,2016,3067
198,2015,3503
198,2014,4804
198,2013,3012
198,2012,6671
198,2011,6152
198,2010,5507
198,2009,5649
198,2008,6842
198,2007,7630
198,2006,4304
198,2005,991
186,1994,0
202,2008,165673
186,1993,0
272,2016,13826
191,2007,0
191,1986,9
191,1979,0
191,1978,0
191,1977,0
191,1976,0
191,1975,98
191,2008,1
191,1974,0
191,1972,53
191,1971,0
191,1970,0
191,1969,0
191,1968,0
191,1967,0
191,1966,0
191,1973,0
191,1965,0
191,2009,0
194,1961,0
194,1978,0
194,1977,166
194,1976,85
194,1975,35
194,1973,0
194,1972,2
194,1971,0
191,2010,3
194,1970,0
194,1968,0
194,1967,0
194,1966,0
194,1965,0
194,1964,0
194,1963,0
194,1962,0
194,1969,0
194,1979,0
191,1964,0
191,1962,0
189,1977,0
189,1976,0
189,1975,0
189,1974,0
189,1973,0
189,1972,0
189,1971,0
189,1978,0
189,1970,0
189,1968,0
189,1967,0
189,1966,0
189,1965,0
189,1964,0
189,1963,0
189,1962,0
189,1969,0
191,1963,0
189,1979,0
189,1981,0
191,1961,0
189,2001,0
189,2000,1
189,1999,0
189,1997,0
189,1993,0
189,1991,2
189,1980,0
189,1990,0
189,1988,0
189,1987,0
189,1986,0
189,1985,0
189,1984,0
189,1983,0
189,1982,0
189,1989,0
194,1980,786
194,1981,740
194,1982,433
195,1987,0
195,1986,0
195,1985,0
195,1984,0
195,1983,0
195,1982,2
195,1981,4
195,1988,0
195,1980,2
195,1978,12
195,1977,0
195,1976,14
195,1975,0
195,1974,0
195,1973,0
195,1972,0
195,1979,4
195,1971,0
195,1989,0
195,1991,0
272,2015,7189
272,2014,6997
272,2013,7350
272,2012,3702
272,2011,2753
272,2010,1152
272,2009,1325
195,1990,0
272,2008,871
272,2006,256
195,2006,27
195,2004,5
195,2001,0
195,2000,0
195,1993,0
195,1992,0
272,2007,173
195,1970,0
195,1969,0
195,1968,0
194,1998,229
194,1997,401
194,1996,382
194,1995,213
194,1994,169
194,1993,173
194,1992,399
194,2000,466
194,1991,256
194,1989,385
194,1988,584
194,1987,243
194,1986,187
194,1985,270
194,1984,459
194,1983,277
194,1990,756
194,2001,365
194,2002,246
194,2003,491
195,1967,0
195,1966,0
195,1965,0
195,1964,0
195,1963,0
195,1962,0
195,1961,0
194,2015,456
194,2014,314
194,2013,131
194,2012,362
194,2011,419
194,2010,701
194,2007,604
194,2006,421
194,2005,485
194,2004,598
186,1992,863
202,2009,180383
202,2010,186616
202,2011,181580
212,1965,42
212,1964,226
212,1963,288
212,1962,158
212,1961,21
211,2016,60
211,2015,58
212,1966,225
211,2014,316
211,2012,340
211,2011,195
211,2010,215
211,2009,258
211,2008,321
211,2007,677
211,2006,238
211,2013,141
211,2005,512
212,1967,100
212,1969,240
212,1985,161
212,1984,0
212,1983,419
212,1982,22
212,1981,0
212,1980,12
212,1979,92
212,1968,116
212,1978,80
212,1976,0
212,1975,2
212,1974,0
212,1973,110
212,1972,539
212,1971,205
212,1970,129
212,1977,0
212,1986,38
211,2004,391
211,2002,294
211,1981,2793
211,1980,2242
211,1979,68
211,1978,342
211,1977,8215
211,1976,71
211,1975,419
211,1982,14
211,1974,334
211,1972,4308
211,1971,4325
211,1970,8300
211,1969,5885
211,1968,3641
211,1967,6011
211,1966,4395
211,1973,5179
211,2003,347
211,1983,136
211,1985,106
211,2001,262
211,2000,276
211,1999,476
211,1998,255
211,1997,217
211,1996,630
211,1995,509
211,1984,988
211,1994,954
211,1992,347
211,1991,86
211,1990,777
211,1989,22
211,1988,2267
211,1987,869
211,1986,2979
211,1993,754
212,1987,151
212,1988,697
212,1989,896
216,2005,84
216,2004,200
216,2002,20
216,2001,19
216,2000,25
216,1999,0
216,1997,10
216,2006,810
216,1993,0
216,1990,0
216,1989,0
216,1988,0
216,1987,26
216,1986,7
216,1985,0
216,1984,0
216,1991,36
216,1983,0
216,2007,27
216,2009,63
154,2001,19
154,2000,57
154,1999,268
154,1997,21
154,1996,306
154,1995,139
154,1994,241
216,2008,0
154,1993,284
216,2016,47
216,2015,14
216,2014,11
216,2013,37
216,2012,163
216,2011,0
216,2010,62
154,1992,766
216,1982,0
216,1981,0
216,1980,0
212,2008,1356
212,2007,15468
212,2006,11073
212,2004,4422
212,2002,9203
212,2001,10990
212,2000,7471
212,2009,22657
212,1999,19210
212,1996,3083
212,1995,4924
212,1994,3044
212,1993,4366
212,1992,2750
212,1991,1420
212,1990,1186
212,1998,3558
212,2010,18871
216,1961,0
216,1962,0
216,1979,0
216,1978,0
216,1977,0
216,1976,0
216,1975,0
216,1974,0
216,1973,0
216,1972,0
216,1971,0
216,1970,0
216,1969,0
216,1968,0
216,1967,0
216,1966,0
216,1965,0
216,1964,0
216,1963,0
211,1965,6758
211,1964,9242
211,1963,8653
210,2016,97
203,2012,125261
203,2011,133091
203,2010,129689
203,2009,105718
203,2008,155664
203,2007,90634
203,2006,135385
203,2013,121731
203,2005,136209
203,2003,117482
203,2002,133251
203,2001,161395
203,2000,92371
203,1999,120834
203,1998,91136
203,1997,154163
203,2004,117769
203,1996,73304
203,2014,131506
203,2016,102815
38,1976,0
38,1975,0
38,1974,0
38,1973,0
38,1972,0
38,1971,0
38,1970,0
203,2015,107305
38,1969,0
38,1967,0
38,1966,0
38,1965,0
38,1964,0
38,1963,0
38,1962,0
38,1961,0
38,1968,0
203,1995,69405
203,1994,71399
203,1993,44693
203,1971,3771
203,1970,7721
203,1969,4314
203,1968,4976
203,1967,3448
203,1966,12760
203,1965,18814
203,1972,14751
203,1964,18037
203,1962,7187
203,1961,6430
202,2016,250254
202,2015,212264
202,2014,207284
202,2013,206438
202,2012,181928
203,1963,7706
203,1973,19195
203,1974,24836
203,1975,14005
203,1992,33079
203,1991,34053
203,1990,23802
203,1989,43427
203,1988,32086
203,1987,49287
203,1986,33028
203,1985,30153
203,1984,26212
203,1983,23267
203,1982,20812
203,1981,24052
203,1980,27420
203,1979,17483
203,1978,15403
203,1977,10945
203,1976,24406
38,1977,0
185,2016,263
38,1978,0
38,1980,0
210,1995,177
210,1994,326
210,1993,139
210,1992,368
210,1991,373
210,1990,332
210,1989,466
210,1996,69
210,1988,335
210,1986,535
210,1985,205
210,1984,404
210,1983,159
210,1982,403
210,1981,356
210,1980,559
210,1987,487
210,1979,513
210,1997,104
210,1999,129
210,2015,33
210,2014,203
210,2013,417
210,2012,63
210,2011,122
210,2010,294
210,2009,75
210,1998,162
210,2008,298
210,2006,1202
210,2005,1120
210,2004,1558
210,2003,999
210,2002,564
210,2001,401
210,2000,256
210,2007,993
210,1978,556
210,1977,607
210,1976,589
38,2000,0
38,1997,0
38,1996,0
38,1993,1
38,1992,2
38,1991,3
38,1990,1
38,2001,0
38,1989,0
38,1987,0
38,1986,0
38,1985,0
38,1984,0
38,1983,0
38,1982,0
38,1981,0
38,1988,1
38,2002,0
38,2003,1
38,2004,4
210,1975,565
210,1974,602
210,1973,696
210,1972,1105
210,1971,682
210,1970,473
210,1969,325
210,1968,571
210,1967,614
210,1966,980
210,1965,267
210,1964,202
210,1963,232
210,1962,157
210,1961,222
206,2001,3
38,2005,0
38,1979,0
109,2012,0
137,1971,0
109,2010,0
96,1994,21235
96,1993,17777
96,1992,13688
96,1991,10985
96,1990,10617
96,1989,10030
96,1988,10939
96,1987,9318
96,1986,8199
96,1985,6772
96,1984,8497
96,1983,9142
96,1982,6685
96,1981,7591
96,1980,7262
96,1995,22893
96,1979,7547
96,1996,17418
96,1998,3818
96,2013,7213
96,2012,10123
96,2011,396
96,2010,668
96,2009,1133
96,2008,3256
96,2007,3676
96,2006,4854
96,2005,1586
96,2004,1503
96,2003,2126
96,2002,1691
96,2001,3193
96,2000,2018
96,1999,4427
96,1997,6629
96,2014,12762
96,1978,8069
96,1976,12283
40,2008,133349
40,2007,119764
40,2006,118735
40,2005,127317
40,2004,124092
40,2003,146920
40,2002,119445
40,2001,146175
40,2000,135415
40,1999,169334
40,1998,165486
40,1997,175902
40,1996,162419
40,1995,146841
40,1994,156870
40,2009,130016
96,1977,10361
40,2010,116765
40,2012,133974
96,1975,12285
96,1974,11417
96,1973,11387
96,1971,9751
96,1970,7304
96,1969,7317
96,1968,4168
96,1967,2514
96,1966,4794
96,1965,4387
96,1964,1684
40,2016,128808
40,2015,143770
40,2014,116793
40,2013,143238
40,2011,134690
96,2015,4867
96,2016,8829
128,1961,0
41,2003,296962
41,2002,243438
41,2001,182270
41,2000,146425
41,1999,121436
41,1998,112677
41,1997,120395
41,1996,88113
41,1995,90688
41,1994,96978
41,1993,69285
41,1992,52766
41,1991,40039
41,1990,44299
41,1989,58507
41,2004,318218
41,1988,64279
41,2005,368298
41,2007,405189
214,1966,0
214,1965,0
214,1964,0
214,1963,0
214,1962,0
214,1961,0
41,2016,452435
41,2015,373150
41,2014,297260
41,2013,381374
41,2012,409539
41,2011,402778
41,2010,437804
41,2009,462790
41,2008,446656
41,2006,375234
41,1987,53470
41,1986,50433
128,2008,3
128,1976,0
128,1975,0
128,1974,0
128,1973,0
128,1972,0
128,1971,0
128,1970,0
128,1969,0
128,1968,0
128,1967,0
128,1966,0
128,1965,0
128,1964,0
128,1963,0
128,1962,0
128,1977,0
128,1978,0
128,1979,0
128,1980,0
128,2001,0
128,2000,0
128,1994,3
128,1993,4
128,1992,1
128,1991,15
128,1990,3
40,1993,146526
128,1989,0
128,1987,0
128,1986,0
128,1985,42
128,1984,0
128,1983,13
128,1982,3
128,1981,0
128,1988,0
214,1967,0
40,1992,133375
40,1990,89842
27,2010,25
27,2009,2
27,2008,106
27,2007,9
27,2006,8
27,2005,9
27,2004,8
27,2003,88
27,2002,9
27,2001,14
27,1998,3
27,1997,3
27,1996,8
27,1995,23
27,1994,52
27,2011,49
27,1993,57
27,2012,67
27,2014,51
33,1968,2448
33,1967,5097
33,1966,2585
33,1965,850
33,1964,4662
33,1963,4356
33,1962,679
33,1961,1220
32,2015,0
35,2014,0
35,2008,0
35,2007,0
35,2006,0
35,2005,0
27,2015,92
27,2013,62
33,1969,2279
27,1991,1399
27,1989,2670
27,1969,2258
27,1968,2759
27,1967,2064
27,1966,2045
27,1965,902
27,1964,1792
27,1963,664
27,1962,1451
27,1961,750
26,1997,2
26,1993,0
26,1991,0
26,1990,0
26,1986,232
26,1985,96
27,1970,4638
27,1990,974
27,1971,5902
27,1973,5460
27,1988,2022
27,1987,2186
27,1986,1188
27,1985,1224
27,1984,1279
27,1983,2865
27,1982,906
27,1981,2686
27,1980,751
27,1979,1277
27,1978,1677
27,1977,2869
27,1976,1088
27,1975,8012
27,1974,3517
27,1972,7133
33,1970,2056
33,1971,1621
33,1972,2605
40,1970,5450
40,1969,5055
40,1968,4036
40,1967,2864
40,1966,4014
40,1965,3922
40,1964,2473
40,1963,2168
40,1962,1961
40,1961,1926
33,2016,268
33,2015,193
33,2014,118
33,2013,36
33,2012,53
40,1971,7297
33,2011,56
40,1972,5279
40,1974,5371
40,1989,76131
40,1988,62322
40,1987,44604
40,1986,45024
40,1985,30524
40,1984,27951
40,1983,22100
40,1982,27982
40,1981,25612
40,1980,25612
40,1979,20454
40,1978,15828
40,1977,11983
40,1976,13579
40,1975,8925
40,1973,4052
33,2010,177
33,2009,70
33,2008,298
33,1987,395
33,1986,1177
33,1985,1268
33,1984,1039
33,1983,250
33,1982,1075
33,1981,1385
33,1980,1980
33,1979,855
33,1978,1725
33,1977,659
33,1976,109
33,1975,1784
33,1974,1720
33,1973,284
33,1988,315
33,1989,655
33,1990,566
33,1991,319
33,2007,239
33,2006,321
33,2005,110
33,2004,197
33,2003,178
33,2002,462
33,2001,429
40,1991,113532
33,2000,528
33,1998,711
33,1997,1366
33,1996,591
33,1995,787
33,1994,358
33,1993,682
33,1992,262
33,1999,700
214,1968,0
214,1969,2
214,1970,0
50,1985,7
50,1984,17
50,1983,38
50,1982,30
50,1981,21
50,1980,19
50,1979,27
50,1978,56
50,1977,61
50,1976,40
50,1975,0
50,1974,0
50,1973,0
50,1972,0
50,1971,0
50,1986,5
50,1970,0
50,1987,3
50,1989,6
50,2011,0
50,2009,1
50,2007,41
50,2001,0
50,2000,4
50,1999,12
50,1998,20
50,1997,129
50,1996,18
50,1995,2
50,1994,1
50,1993,8
50,1992,3
50,1991,5
50,1990,4
50,1988,8
50,2013,1
50,1969,0
50,1967,0
98,2001,3
98,2000,10
98,1999,7
98,1998,8
98,1997,11
98,1996,22
98,1995,67
98,1994,47
98,1993,95
98,1992,50
107,2016,1
107,2015,1
107,2014,1
107,2013,3
107,2012,2
98,2002,3
50,1968,0
98,2003,2
98,2005,2
50,1966,0
50,1965,0
50,1964,0
50,1963,0
50,1962,0
50,1961,0
98,2016,1170
98,2015,288
98,2014,639
98,2013,82
98,2012,10
98,2011,52
98,2010,80
98,2009,5
98,2006,4
98,2004,16
50,2014,3
50,2015,4
50,2016,2
54,1966,86
54,1965,31
54,1964,57
54,1963,34
54,1962,28
54,1961,199
51,1991,1036
51,1990,0
51,1989,0
51,1985,0
51,1984,0
51,1983,0
51,1982,0
51,1979,0
51,1978,0
54,1967,89
51,1977,0
54,1968,38
54,1970,36
54,1985,136
54,1984,224
54,1983,141
54,1982,149
54,1981,641
54,1980,273
54,1979,267
54,1978,280
54,1977,860
54,1976,330
54,1975,582
54,1974,703
54,1973,70
54,1972,71
54,1971,50
54,1969,8
51,1976,423
51,1975,0
51,1974,0
167,2008,1384
167,2006,1256
167,2005,1542
167,2004,503
167,2003,136
167,2002,166
167,2001,192
167,2000,50
167,1999,316
167,1998,189
167,1997,123
167,1996,77
167,1995,566
167,1994,115
167,1993,61
167,2009,1803
167,2010,1904
167,2011,2274
167,2012,1972
51,1973,482
51,1972,0
51,1971,261
51,1970,67
51,1968,898
51,1967,2086
51,1966,3857
107,2011,3
51,1965,2120
51,1963,2857
51,1962,3860
51,1961,3184
167,2016,3168
167,2015,2631
167,2014,1566
167,2013,1483
51,1964,2668
107,2001,2
107,2000,0
107,1999,0
44,1970,0
44,1969,0
44,1968,0
44,1967,0
44,1966,0
44,1965,0
44,1964,0
44,1963,0
44,1962,0
44,1961,0
214,2016,9
214,2015,92
214,2014,221
214,2013,171
214,2012,130
44,1971,0
214,2011,137
44,1972,0
44,1974,0
44,1989,0
44,1988,0
44,1987,0
44,1986,0
44,1985,0
44,1984,0
44,1983,0
44,1982,0
44,1981,15
44,1980,0
44,1979,0
44,1978,0
44,1977,0
44,1976,0
44,1975,0
44,1973,0
214,2010,111
214,2009,54
214,2006,29
214,1985,78
214,1984,10
214,1983,21
214,1982,0
214,1981,13
214,1980,13
214,1979,0
214,1978,0
214,1977,0
214,1976,0
214,1975,0
214,1974,0
214,1973,0
214,1972,0
214,1971,4
214,1986,169
214,1987,19
214,1988,62
214,1989,0
214,2005,7
214,2004,5
214,2003,113
214,2002,61
214,2001,4
214,2000,5
214,1999,57
44,1990,0
214,1998,2
214,1996,253
214,1995,32
214,1994,93
214,1993,85
214,1992,12
214,1991,78
214,1990,0
214,1997,212
26,1984,148
44,1991,1
44,1994,5
107,1978,26
107,1977,1
107,1976,4
107,1975,22
107,1974,4
107,1973,5
107,1972,0
107,1971,0
107,1970,0
107,1969,0
107,1968,0
107,1967,0
107,1966,0
107,1965,0
107,1964,0
107,1979,1
107,1963,0
107,1980,0
107,1982,0
107,1998,1
107,1997,0
107,1996,0
107,1995,0
107,1993,0
107,1992,0
107,1991,0
107,1990,0
107,1989,0
107,1988,0
107,1987,0
107,1986,0
107,1985,15
107,1984,0
107,1983,6
107,1981,14
107,1962,0
107,1961,0
48,2016,34
48,1995,5
44,2016,70
44,2015,24
44,2014,69
44,2013,23
44,2012,175
44,2011,25
44,2010,72
44,2009,0
44,2008,1
44,2007,0
44,2005,10
44,2004,3
44,2001,0
44,2000,0
48,1996,11
48,1997,6
48,1998,9
48,1999,9
48,2015,34
48,2014,23
48,2013,38
48,2012,13
48,2011,20
48,2010,16
48,2009,16
44,1993,0
48,2008,7
48,2006,24
48,2005,36
48,2004,63
48,2003,49
48,2002,21
48,2001,15
48,2000,6
48,2007,39
54,1986,117
26,1983,68
26,1981,45
10,2015,11083
10,2014,7364
10,2013,6788
10,2012,7629
10,2011,5218
10,2010,5046
10,2009,6406
10,2008,5732
10,2007,3235
10,2006,6914
10,2005,9228
10,2004,9542
10,2003,14202
10,2002,18189
10,2001,17368
10,2016,10519
10,2000,20544
11,1961,149
11,1963,3
11,1978,195
11,1977,5699
11,1976,2012
11,1975,2
11,1974,1347
11,1973,2
11,1972,2
11,1971,2
11,1970,1
11,1969,3
11,1968,389
11,1967,32
11,1966,1333
11,1965,3
11,1964,43
11,1962,2
11,1979,4
10,1999,17434
10,1997,25313
10,1977,24066
10,1976,31867
10,1975,28064
10,1974,33357
10,1973,42309
10,1972,34434
10,1971,34486
10,1970,36888
10,1969,21161
10,1968,31262
10,1967,29316
10,1966,42640
10,1965,29822
10,1964,34005
10,1963,21868
10,1978,23592
10,1998,19406
10,1979,31980
10,1981,36073
10,1996,24371
10,1995,26145
10,1994,28222
10,1993,31000
10,1992,36063
10,1991,25969
10,1990,30058
10,1989,21162
10,1988,39505
10,1987,35833
10,1986,35091
10,1985,30930
10,1984,22746
10,1983,27983
10,1982,23247
10,1980,32735
11,1980,173
11,1981,151
11,1982,107
13,1964,0
13,1963,0
13,1962,0
13,1961,0
52,2014,1677
52,2013,190
52,2012,893
52,2011,501
52,2010,307
52,2009,456
52,2008,865
52,2007,595
52,2006,411
52,2005,1167
52,2004,358
13,1965,0
52,2003,638
13,1966,0
13,1968,0
13,1983,20
13,1982,0
13,1981,0
13,1980,0
13,1979,0
13,1978,0
13,1977,0
13,1976,0
13,1975,0
13,1974,0
13,1973,0
13,1972,0
13,1971,0
13,1970,0
13,1969,0
13,1967,0
52,2002,71
52,2001,0
52,2000,6
11,1998,456
11,1997,1233
11,1996,3056
11,1994,309
11,1993,369
11,1992,134
11,1991,156
11,1990,13
11,1989,199
11,1988,151
11,1987,1
11,1986,2
11,1985,260
11,1984,21
11,1983,2215
11,1999,1024
11,2000,1274
11,2001,1579
11,2002,3131
52,1995,398
52,1994,93
11,2016,1773
11,2015,1649
11,2014,1236
11,2013,1619
11,2012,1984
10,1962,33460
11,2011,1721
11,2009,2191
11,2008,1325
11,2007,2025
11,2006,1439
11,2005,1861
11,2004,2257
11,2003,2722
11,2010,1763
13,1984,1
10,1961,25199
1,2015,1956
4,2016,2
4,2015,0
4,2014,0
4,2007,0
3,2016,101
3,2015,1
3,2013,1
3,2012,105
3,2011,13
3,2010,3
3,2009,2
3,2008,0
3,2005,0
3,2004,0
3,2003,0
7,1961,0
3,2002,0
7,1962,0
7,1964,0
7,1979,0
7,1978,0
7,1977,0
7,1976,0
7,1975,0
7,1974,1
7,1973,1
7,1972,1
7,1971,1
7,1970,0
7,1969,0
7,1968,0
7,1967,0
7,1966,0
7,1965,0
7,1963,0
7,1980,0
3,2001,0
3,1999,0
2,1979,0
2,1978,0
2,1977,0
2,1976,9
2,1975,7
2,1974,0
2,1973,0
2,1972,0
2,1971,0
2,1970,0
2,1969,0
2,1968,0
2,1967,0
2,1966,0
2,1962,0
2,1980,0
3,2000,0
2,1981,0
2,1983,0
3,1998,0
3,1997,22
2,1996,0
2,1995,0
2,1994,0
2,1993,0
2,1992,0
2,1991,0
2,1990,0
2,1989,0
2,1988,0
2,1987,0
2,1986,0
2,1985,0
2,1984,0
2,1982,0
7,1981,0
7,1982,0
7,1983,0
9,2002,310798
9,2001,315708
9,2000,279462
9,1999,286829
9,1998,289467
9,1997,278285
9,1996,223442
9,1995,222403
9,1994,142568
9,1993,142229
9,1992,168225
9,1991,155210
9,1990,158051
9,1989,142265
9,1988,116263
9,2003,328188
9,1987,97220
9,2004,320731
9,2006,395687
1,2014,1974
1,2013,4
1,2012,2
1,2011,0
1,2009,1
9,2016,310011
9,2015,333140
9,2014,409364
9,2013,442281
9,2012,394935
9,2011,472397
9,2010,419587
9,2009,454041
9,2008,464947
9,2007,454424
9,2005,440514
9,1986,51336
9,1985,76753
9,1984,51988
9,1963,41264
9,1962,40668
9,1961,20082
8,2013,0
8,2012,164
7,1993,0
7,1992,0
7,1991,0
7,1990,0
7,1989,0
7,1988,0
7,1987,0
7,1986,0
7,1985,0
7,1984,0
9,1964,42876
9,1965,44472
9,1966,35609
9,1967,40703
9,1983,68937
9,1982,62749
9,1981,36328
9,1980,47638
9,1979,66911
9,1978,77751
9,1977,68642
1,2016,1894
9,1976,47970
9,1974,32528
9,1973,11739
9,1972,33538
9,1971,28284
9,1970,37947
9,1969,37776
9,1968,45962
9,1975,32814
13,1985,0
13,1986,0
13,1987,13
20,1979,0
20,1978,0
20,1977,0
20,1976,0
20,1975,0
20,1974,0
20,1973,0
20,1972,0
20,1971,0
20,1970,0
20,1969,0
20,1968,0
20,1967,0
20,1966,0
20,1965,0
20,1980,0
20,1964,0
20,1981,0
20,1983,0
20,2002,0
20,2001,1
20,2000,2
20,1999,1
20,1996,2
20,1995,0
20,1992,1
20,1991,0
20,1990,2
20,1989,2
20,1988,0
20,1987,0
20,1986,0
20,1985,0
20,1984,0
20,1982,0
20,2003,0
20,1963,0
20,1961,0
23,1999,0
23,1998,0
23,1997,0
23,1992,1
23,1990,17
23,1989,10
23,1988,5
23,1987,8
23,1986,1
23,1985,23
23,1984,1
23,1983,0
23,1982,0
23,1981,0
23,1980,0
17,2016,0
20,1962,0
18,1992,25
18,1994,11
80,2016,8267
80,2015,5763
80,2014,3073
80,2013,1823
80,2012,835
80,2011,2398
80,2010,1197
80,2009,978
80,2008,793
80,2007,299
80,2006,586
80,2005,396
80,2004,176
80,2003,26
18,1997,10
18,1993,10
20,2007,0
20,2008,0
20,2009,1
26,1961,0
21,2015,140
21,2012,22
21,2011,16
21,2010,23
21,2008,66
21,2007,44
21,2006,21
21,2005,0
21,2004,4
21,2003,8
21,2002,5
21,2001,3
21,2000,0
21,1993,1
26,1962,0
21,1992,0
26,1963,0
26,1965,0
26,1980,65
26,1979,30
26,1978,0
26,1977,0
26,1976,0
26,1975,0
26,1974,0
26,1973,0
26,1972,0
26,1971,0
26,1970,0
26,1969,0
26,1968,0
26,1967,0
26,1966,0
26,1964,0
21,1991,0
21,1990,0
21,1989,1
21,1968,0
21,1967,0
21,1966,0
21,1965,0
21,1964,0
21,1963,0
21,1962,0
21,1961,0
20,2016,0
20,2015,0
20,2014,0
20,2013,1
20,2012,3
20,2011,1
20,2010,1
21,1969,0
21,1970,0
21,1971,0
21,1972,0
21,1988,7
21,1987,0
21,1986,0
21,1985,3
21,1984,0
21,1983,0
21,1982,0
23,1979,11
21,1981,0
21,1979,0
21,1978,0
21,1977,0
21,1976,0
21,1975,0
21,1974,0
21,1973,0
21,1980,0
23,1978,7
23,1977,18
23,1976,9
14,1992,0
14,1991,0
14,1990,1
14,1989,0
14,1988,4
14,1987,0
14,1986,0
14,1985,0
14,1984,0
14,1983,0
14,1982,0
14,1981,0
14,1980,0
14,1979,0
14,1978,0
14,1993,1
14,1977,0
14,1994,1
14,2008,0
57,2010,4
57,2007,30
57,2005,57
57,2004,106
57,2003,87
57,2002,147
57,2001,207
57,1999,42
57,1998,198
57,1997,5437
57,1996,2453
14,2014,0
14,2011,0
14,2010,0
14,2009,0
14,2001,0
14,1976,0
14,1975,0
14,1974,0
13,2009,169
13,2007,81
13,2006,101
13,2005,96
13,2004,40
13,2003,111
13,2002,50
13,2001,0
13,2000,0
13,1993,0
13,1992,0
13,1991,0
13,1990,0
13,1989,0
13,1988,0
13,2010,72
13,2011,244
13,2012,256
13,2013,191
14,1973,0
14,1972,0
14,1971,0
14,1970,0
14,1969,0
14,1968,0
14,1967,0
57,2011,2215
14,1966,0
14,1964,0
14,1963,0
14,1962,0
14,1961,0
13,2016,454
13,2015,290
13,2014,245
14,1965,0
26,1982,36
57,2012,5164
57,2014,95509
15,1995,148372
15,1994,140355
15,1993,103305
15,1992,52046
15,1991,47338
15,1990,48009
15,1989,53256
15,1988,55678
15,1987,39874
15,1986,43270
15,1985,41344
15,1984,33303
15,1983,36647
15,1982,22930
15,1981,28417
15,1996,140326
15,1980,19982
15,1997,157032
15,1999,168177
23,1975,6
23,1974,0
23,1973,2
23,1972,0
23,1971,4
23,1970,5
23,1969,0
23,1968,1
23,1967,4
23,1966,4
23,1965,2
23,1964,2
23,1963,4
23,1962,0
23,1961,0
15,1998,168989
15,1979,19332
15,1978,18219
15,1977,14709
255,2012,281032
255,2011,288367
255,2010,295406
255,2009,210289
255,2008,231855
255,2007,282593
255,2006,244340
255,2005,260402
255,2004,230778
255,2003,189493
255,2002,155013
255,2001,170612
255,2000,173491
57,2016,97203
57,2015,158464
255,2013,244674
255,2014,328835
255,2015,313260
255,2016,327570
15,1976,13382
15,1975,20771
15,1974,12845
15,1973,8859
15,1972,8201
15,1971,10588
15,1970,6751
57,2013,22387
15,1969,9083
15,1967,5205
15,1966,1762
15,1965,4832
15,1964,19615
15,1963,8687
15,1962,12148
15,1961,7149
15,1968,5683
54,1987,108
96,1972,11055
100,1988,505
101,1985,0
101,1984,0
101,1983,0
101,1982,0
101,1981,0
101,1980,0
101,1979,0
101,1978,0
79,1963,225
79,1964,139
79,1965,130
79,1966,363
79,1967,303
79,1968,1630
79,1969,2351
79,1970,3302
101,1977,0
101,1976,0
101,1975,0
101,1974,0
101,1973,0
101,1972,0
101,1971,0
101,1970,0
101,1969,0
79,1971,2964
79,1972,2818
101,1986,0
101,1987,0
101,1988,0
101,1989,0
102,1969,0
102,1968,1
102,1967,3
102,1966,6
102,1965,0
102,1964,0
102,1963,0
102,1962,6
102,1961,10
101,2015,0
101,2011,0
101,2009,1
101,2008,1
79,1973,2448
101,2007,19
101,2005,18
101,2004,378
101,2003,12
101,2002,89
101,2001,4
101,2000,16
101,1999,17
101,1997,22
101,1996,1
101,1993,11
101,1992,0
101,1991,0
101,1990,0
101,2006,28
102,1970,4
79,1974,1034
79,1976,3949
79,2007,14974
79,2008,16831
79,2009,16512
79,2010,19958
79,2011,21167
79,2012,16366
79,2013,19268
79,2014,16520
79,2015,12648
79,2016,11362
81,2000,1
81,2001,0
101,1966,0
101,1965,0
81,2003,5
101,1964,0
101,1963,0
101,1962,0
81,2005,1
101,1961,0
81,2007,0
100,2016,3
100,2015,23
100,2014,1
81,2010,8
100,2011,1253
100,2010,38
79,2006,19358
79,2005,23026
79,2004,17290
79,2003,12768
79,1977,3254
79,1978,5366
79,1979,5885
79,1980,5060
79,1981,4838
79,1982,9138
79,1983,8368
79,1984,8914
79,1985,12232
79,1986,6381
79,1987,5363
79,1988,5574
79,1989,8114
79,1975,3455
79,1990,9448
101,1967,0
79,1991,6226
79,1992,7280
79,1993,7030
79,1994,6433
79,1995,7250
79,1996,8552
79,1997,9978
79,1998,8487
79,1999,9221
79,2000,8204
79,2001,9174
79,2002,11828
101,1968,0
100,2009,80
102,1971,0
102,1973,0
68,1977,38747
68,1978,45439
68,1979,67217
68,1980,76941
68,1981,91617
68,1982,71155
68,1983,79487
68,1984,85094
68,1986,58123
68,1987,116763
68,1988,70383
68,1989,93534
68,1990,88671
68,1991,75410
68,1992,96760
68,1993,50172
68,1994,82547
68,1995,79606
68,1996,79270
68,1997,77174
68,1998,46730
68,1999,55732
103,1963,0
68,2000,35455
103,1962,0
103,1961,0
102,2011,1516
68,1976,44687
68,1975,40189
68,1974,40177
68,1973,80391
103,1985,0
103,1984,0
103,1983,0
103,1982,0
103,1981,0
103,1980,0
68,1967,29970
103,1979,0
103,1978,0
103,1977,0
103,1976,0
103,1975,0
103,1974,0
68,2001,53545
103,1973,0
68,1969,46273
103,1972,0
103,1971,0
103,1970,0
103,1969,0
103,1968,0
103,1967,0
103,1966,0
103,1965,0
68,1970,43402
103,1964,0
68,1971,62709
68,1972,50390
68,1968,34959
102,1972,0
102,2010,963
102,2007,1152
73,2007,156
102,1989,67
73,2009,105
73,2010,2
73,2011,21
102,1988,292
73,2012,13
73,2013,32
73,2014,385
73,2015,146
73,2016,160
102,1987,210
79,1961,64
79,1962,93
102,1986,614
102,1985,17
102,1984,36
102,1983,0
102,1982,0
102,1981,0
102,1980,0
102,1979,2
102,1978,0
102,1977,107
102,1976,0
102,1975,0
102,1974,0
73,2006,129
73,2005,55
102,1994,4524
102,1996,0
102,2006,1475
102,2005,658
102,2004,501
102,2003,1070
102,2002,1181
102,2001,1622
68,2002,42619
68,2003,39946
68,2004,42345
102,2000,1377
68,2005,39491
68,2006,43286
102,1999,1445
102,2008,833
68,2007,43937
68,2009,32015
68,2010,37726
68,2011,32976
68,2012,23543
68,2013,29134
68,2014,23013
68,2015,24676
68,2016,14423
102,1998,4454
73,2001,10
73,2002,158
102,1997,1317
73,2004,2
68,2008,31048
100,2008,81
100,2007,76
81,2016,6
99,1996,1
99,1995,2
95,2012,10
99,1991,1
97,1961,688
99,1990,1
99,1989,0
99,1988,0
99,1987,0
99,1986,0
99,1985,0
99,1984,0
97,1962,3427
97,1963,807
97,1964,1823
97,1965,1567
97,1966,2262
97,1967,3667
97,1968,5406
97,1969,9124
97,1970,5633
97,1971,7305
97,1972,6786
97,1973,16335
97,1974,6116
97,1975,13501
97,1976,4005
99,1997,0
95,2009,1
99,1998,1
95,2008,13
91,2003,3
91,2004,1
91,2005,0
91,2006,0
100,1963,189
100,1962,258
100,1961,457
99,2016,2
99,2015,2
99,2014,2
99,2013,1
99,2012,1
91,2007,0
97,1977,6596
99,2011,2
99,2009,3
99,2008,3
91,2011,18
99,2007,2
99,2006,0
99,2005,3
99,2004,2
99,2003,0
99,2002,0
99,2001,0
99,2000,2
99,1999,2
95,2006,4
99,2010,2
100,1964,60
97,1978,7863
97,1980,7084
97,2010,296
97,2011,226
97,2012,467
97,2013,1964
97,2014,518
97,2015,643
97,2016,183
99,1961,0
99,1962,0
99,1963,0
99,1964,0
99,1965,0
99,1966,0
99,1967,0
99,1968,0
99,1969,0
99,1970,0
99,1971,0
99,1972,0
99,1973,0
99,1974,0
99,1975,0
99,1976,0
99,1977,0
99,1978,0
99,1979,0
99,1980,0
97,2009,215
97,2008,498
97,2007,185
97,2006,487
97,1981,4998
97,1982,8041
97,1983,6983
97,1984,4435
97,1985,1573
99,1983,0
99,1982,0
99,1981,0
97,1986,3422
97,1987,2208
97,1988,2873
97,1989,5753
97,1990,2155
97,1979,4305
97,1991,9180
97,1993,2249
97,1994,1090
97,1995,3337
97,1996,1357
97,1997,1735
97,1998,2158
97,1999,2935
97,2000,2164
97,2001,583
97,2002,186
97,2003,762
97,2004,17
97,2005,263
97,1992,2895
91,2002,0
91,2001,0
100,1965,8
100,1990,229
84,1977,1237
84,1978,116
84,1979,2454
84,1980,3056
84,1981,4082
84,1982,3046
84,1983,2166
84,1984,2504
84,1985,1707
84,1986,2683
84,1987,1144
84,1988,383
84,1989,565
84,1990,833
84,1991,1147
100,1989,134
54,1988,113
84,1992,376
84,1993,112
84,1994,344
84,1995,712
84,1996,1319
84,1997,982
100,1987,145
84,1998,1441
84,1999,1358
84,1976,87
84,1975,541
84,1974,6
84,1973,23
84,1961,47
84,1962,5
100,2006,6
100,2005,40
100,2004,8
100,2003,20
84,1963,0
100,2002,59
100,2001,13
100,2000,4
100,1999,99
100,1998,182
100,1997,71
84,2000,2116
100,1996,28
84,1965,80
84,1966,0
84,1967,1
84,1968,4
84,1969,15
84,1970,86
84,1971,35
84,1972,36
100,1995,245
100,1994,649
100,1993,1426
100,1992,949
100,1991,828
84,1964,19
84,2001,1680
84,2002,1073
84,2003,589
100,1979,891
100,1978,313
100,1977,406
100,1976,276
100,1975,117
100,1974,25
100,1973,0
100,1972,0
100,1971,0
100,1970,0
100,1969,0
89,2005,334
89,2006,115
100,1980,354
89,2008,73
100,1967,0
89,2009,11
89,2010,6
89,2011,12
89,2012,74
89,2013,91
89,2014,101
89,2015,77
89,2016,75
100,1966,0
91,1997,5
91,1998,4
91,2000,0
100,1968,2
103,1986,10
100,1981,318
100,1983,158
84,2004,1553
84,2005,1636
84,2006,3181
84,2007,3249
84,2008,4478
84,2009,3896
84,2010,6622
100,1986,167
100,1985,182
84,2011,4461
84,2012,5359
84,2013,4147
84,2014,4305
100,1982,341
84,2015,5374
89,1993,482
89,1994,1146
89,1995,1256
89,1996,1400
89,1997,2257
89,1998,273
89,1999,307
89,2000,683
89,2001,2816
89,2002,1214
89,2003,107
89,2004,397
100,1984,433
84,2016,5358
103,1987,0
68,1985,92432
103,1990,0
58,2010,1
63,2010,1
63,2011,432
63,2012,0
103,1989,0
63,2013,3
63,2014,3
63,2015,35
63,2016,7
209,1997,1
106,1995,112739
209,1998,62
209,2000,8
209,2001,1
209,2002,0
209,2003,4
58,2009,1
209,2005,0
209,2007,0
58,2008,1
58,2007,1
58,2006,1
209,1999,11
106,1994,126500
63,2009,2
106,1993,172178
105,1996,0
105,1995,0
105,1994,0
105,1993,0
105,1992,0
105,1991,11
105,1990,0
105,1989,0
105,1988,0
59,1965,43
106,1991,81720
59,1964,36
59,1963,34
59,1962,7
59,1961,0
63,2005,33
63,2006,88
63,2007,70
58,2014,0
58,2013,0
58,2012,0
58,2011,77
106,1992,116948
58,2005,0
106,1996,179731
106,1997,134298
106,1998,152157
66,1976,1
66,1977,0
105,1978,0
105,1977,0
105,1976,0
105,1975,0
105,1974,0
66,1978,1
66,1979,1
105,1973,0
66,1980,0
66,1981,0
66,1982,0
66,1983,1
66,1984,1
66,1985,1
66,1986,1
59,1996,3
106,2001,128109
66,1987,2
106,2002,138818
66,1988,3
66,1989,3
105,1979,0
59,1966,32
105,1980,0
66,1974,0
58,2001,0
106,1999,137984
106,2000,139277
105,1987,0
105,1986,0
105,1985,0
66,1961,0
66,1962,0
66,1963,0
105,1984,0
105,1983,0
105,1982,0
66,1964,0
66,1965,0
66,1966,0
66,1967,0
66,1968,0
66,1969,0
66,1970,2
66,1971,0
66,1972,1
66,1973,0
105,1981,0
66,1975,0
66,1990,5
63,2004,5
63,2002,20
59,1982,15
59,1981,64
59,2013,0
59,1980,5
59,1979,42
59,1978,0
60,1995,5
59,1977,9
59,1976,12
59,1975,29
59,1983,17
59,1974,17
106,1985,85968
60,1998,15
60,1999,2
60,2000,0
106,1984,116912
106,1983,126758
106,1982,113452
106,1981,173730
106,1980,145616
106,1979,158553
106,1986,76266
59,1984,34
59,1985,55
59,1986,4
59,1997,2
59,1998,24
59,1994,11
59,1993,4
59,2000,7
59,2001,3
59,2002,1
59,1992,16
59,2003,8
59,1991,10
59,2004,13
59,2005,42
59,2006,37
59,2007,2
59,2009,31
59,1990,5
59,2011,69
106,1987,73761
59,1989,48
106,1988,82966
59,1988,18
106,1989,78975
59,1987,23
106,1978,114457
59,1973,0
59,1972,5
106,1977,226126
106,1961,128178
105,2015,5
105,2013,120
105,2012,26
105,2011,9
59,1971,2
59,1970,5
106,1990,78914
59,1969,10
59,1968,5
63,1992,145
63,1993,2
63,1994,54
105,2001,0
63,1995,21
105,2000,0
63,1996,18
63,1997,3
63,1998,1
63,1999,1
63,2000,33
59,1967,6
63,2001,59
106,1962,159765
63,2003,8
106,1963,153137
106,1965,130869
106,1976,207193
106,1975,241419
106,1974,284717
106,1973,224020
106,1972,288885
106,1971,256903
60,2001,0
106,1970,249866
106,1969,248996
60,2004,3
106,1968,196740
60,2006,16
60,2007,18
106,1967,290649
60,2009,6
60,2010,20
60,2011,9
60,2012,3
60,2013,3
106,1966,242832
60,2014,10
60,2015,4
60,2016,0
106,1964,154578
66,1991,5
58,2000,3
66,1993,2
67,1985,98
67,1986,9
67,1987,42
67,1988,0
54,1999,231
67,1989,0
67,1990,33
104,1978,25
67,1991,19
67,1992,24
67,1993,526
67,1994,3227
67,1995,742
67,1996,550
67,1997,286
67,1998,145
104,1977,26
104,1976,39
67,1999,61
67,2000,11
54,1998,161
54,1997,169
67,2001,31
67,1984,82
67,2002,3
67,1983,0
67,1981,68
67,1964,0
67,1965,0
67,1966,0
104,1979,45
67,1967,0
67,1968,0
66,1992,6
54,2003,398
54,2002,451
67,1969,0
54,2001,239
67,1970,0
67,1971,0
67,1972,0
67,1973,0
67,1974,0
67,1975,42
54,2000,278
67,1976,16
67,1977,0
67,1978,16
67,1979,117
67,1980,107
67,1982,22
67,1963,0
67,2003,14
104,1975,64
54,1992,47
106,2011,162786
106,2012,177793
106,2013,122667
106,2014,173737
104,1968,0
104,1967,0
104,1966,0
106,2015,149197
104,1965,0
104,1964,0
104,1963,0
104,1962,0
104,1961,0
106,2016,152866
109,2008,6
54,1991,109
54,1990,178
54,1989,83
109,2009,0
103,1993,0
103,1992,0
103,1991,0
54,1993,75
67,2004,4
54,1994,110
104,1969,0
67,2005,10
67,2006,0
67,2007,24
104,1974,21
67,2009,0
67,2010,7
67,2011,12
67,2012,158
67,2013,99
67,2014,20
67,2015,5
67,2016,131
68,1961,7901
54,1996,245
68,1962,7790
68,1963,24314
68,1964,14221
68,1965,35378
68,1966,24605
104,1973,0
104,1972,0
104,1971,0
104,1970,0
54,1995,110
67,1962,0
54,2004,442
66,2008,1
104,2015,667
104,2014,536
104,2013,588
104,2012,563
104,2011,640
104,2010,680
104,2009,635
66,2005,1
104,2008,627
104,2016,425
66,2007,2
66,2009,1
66,2010,5
66,2011,12
66,2012,0
54,2013,1062
106,2008,136144
106,2009,134536
106,2010,134037
54,2012,757
67,1961,0
105,1961,0
105,1962,0
105,1963,0
106,2003,127127
106,2004,123346
66,1994,3
105,1972,0
105,1971,0
105,1970,0
105,1969,0
105,1968,0
54,2016,1234
66,2000,0
106,2005,143094
106,2006,174832
106,2007,171040
66,2001,1
105,1967,0
54,2015,842
54,2014,1217
105,1966,0
105,1965,0
66,2004,1
105,1964,0
54,2011,529
66,2013,0
59,1995,2
54,2010,603
104,1997,37
104,1996,63
104,1994,31
104,1993,30
104,1992,85
104,1991,64
104,1990,116
104,1989,170
104,1988,164
104,1998,75
104,1987,80
104,1985,17
104,1984,116
104,2007,1068
104,1983,40
104,1982,54
54,2007,767
54,2006,569
66,2015,0
66,2016,6
104,1986,36
104,1999,381
104,1995,24
104,2001,428
104,2002,461
54,2005,571
104,1980,24
104,2003,327
104,2004,234
66,2014,0
104,1981,46
104,2000,311
54,2008,522
54,2009,741
104,2005,530
104,2006,231
2,2001,0
220,2012,3
2,1997,0
18,2011,0
181,2008,0
18,1999,10
2,1998,0
181,2009,0
18,2007,10
18,2009,10
2,1999,0
18,2008,10
18,2006,10
2,2000,0
18,2005,10
18,2004,10
18,2003,10
181,2007,0
181,2010,0
181,2006,0
18,2001,10
18,1998,10
23,2009,0
23,2010,0
23,2011,0
23,2012,0
23,2013,0
220,2008,2
23,2008,0
23,2007,0
23,2006,0
23,2005,0
220,2011,3
23,2004,0
23,2003,0
23,2002,0
18,2000,10
222,2006,3000
18,2002,10
23,2000,0
131,1997,323
18,1995,11
18,1996,11
181,2003,4
23,1994,0
23,2001,0
230,2001,50
2,2003,0
225,2009,5828
225,2010,5828
13,2008,81
13,1999,0
13,1998,0
13,1997,0
13,1996,0
13,1995,0
13,1994,0
101,2012,0
101,2013,0
108,2010,120
235,2010,210
235,2009,210
235,2004,3000
236,2010,0
102,1993,0
236,2011,0
225,2001,700
7,2013,0
14,2007,0
14,2006,0
14,2005,0
14,2004,0
14,2003,0
14,2002,0
14,2000,0
14,1999,0
225,1996,1133
225,1997,550
225,1998,450
225,1999,700
236,2013,0
225,2000,700
236,2012,0
215,1994,0
215,1995,0
215,1996,0
103,2008,0
103,2007,0
103,2006,0
103,2005,0
103,2004,0
103,2003,0
103,2002,0
103,2001,0
103,2000,0
103,1999,0
103,1998,0
103,1997,0
103,1996,0
103,1995,0
103,1994,0
103,2009,0
103,2010,0
103,2011,0
103,2012,0
102,1995,0
215,2008,0
215,2011,0
102,2012,2439
102,2013,2339
18,2012,0
118,2012,0
14,2012,0
118,2011,0
118,2009,0
118,2008,0
118,2007,0
118,2006,0
118,2005,0
118,2004,0
103,2013,0
118,2010,0
2,2002,0
7,2012,0
7,2011,0
129,1994,0
2,2010,0
251,1998,0
251,1997,0
251,1996,0
2,2011,0
251,1994,0
2,2012,0
2,2013,0
3,2006,0
3,2007,0
105,2007,0
105,2006,0
105,2005,0
105,2004,0
129,1995,0
105,2003,0
129,1996,0
129,1997,0
129,2008,0
129,2007,0
129,2006,0
129,2005,0
129,2004,0
2,2006,1
251,2013,0
251,2012,0
251,2011,0
2,2007,1
251,2008,0
251,2007,0
129,1999,0
251,2006,0
129,1998,0
251,2002,0
105,2002,0
105,1998,0
105,1997,35
7,1999,0
249,1999,0
249,1998,0
249,1997,0
7,2000,0
7,2001,0
7,2002,0
7,2003,0
7,2004,0
7,2005,0
7,2006,0
7,2007,0
7,2008,0
7,2009,0
7,2010,0
249,2001,0
57,2009,0
226,2012,0
226,2011,0
7,1994,0
7,1995,0
249,2010,0
249,2009,0
249,2008,0
249,2007,0
7,1996,0
14,2013,0
7,1997,0
226,2003,0
226,2004,0
226,2005,0
7,1998,0
226,2006,0
226,2009,0
226,2010,0
226,2002,0
18,2013,0
170,2003,0
58,2002,0
96,1963,1000
96,1962,1000
96,1961,1000
60,2003,0
60,2002,0
299,2000,50
98,2008,0
299,2004,30
107,2010,0
299,2005,30
299,2007,30
299,2011,0
299,2012,0
299,2013,0
221,2001,0
221,2002,0
221,2003,0
221,2004,0
299,2006,30
59,2015,5
147,2011,21
109,2011,0
149,2008,2
149,2005,0
149,2004,0
149,2001,0
149,2000,0
149,1999,30
149,1998,0
149,1997,0
107,2009,0
149,1996,0
149,1994,0
149,1990,20
149,1989,30
107,1994,0
107,2003,0
107,2006,0
107,2007,0
107,2008,0
149,1995,0
179,2013,0
179,2012,0
179,2011,0
144,2010,0
144,2009,0
144,2008,0
144,2007,0
144,2006,0
144,2005,0
171,2009,10
144,2004,0
144,2011,0
144,2003,0
144,2001,0
144,2000,0
144,1999,0
144,1998,0
144,1997,0
144,1996,0
144,1995,0
144,1994,0
144,2002,0
144,2012,0
144,2013,0
171,2011,0
179,2010,0
179,2009,0
153,2006,0
50,2002,0
50,2003,0
50,2004,0
50,2005,0
50,2006,0
50,2012,0
51,1969,1300
58,2004,0
58,2003,0
51,1980,13500
147,2010,21
171,2012,0
147,2007,837
147,2006,505
147,2005,50
147,2004,50
200,1961,1300
196,2013,1
196,2012,1
196,2011,1
189,2004,0
189,2003,0
189,2002,0
153,1995,0
66,2003,0
153,1994,0
194,1974,1
194,2009,605
153,1996,0
189,1994,0
66,1998,3
66,1997,3
66,1996,3
66,1995,3
44,1999,0
44,2002,0
44,2003,0
195,1994,0
66,1999,3
189,2005,0
189,2006,0
189,2007,0
153,2007,0
153,2008,0
153,2010,0
153,2011,0
153,2012,0
153,2004,0
153,2003,0
153,2002,0
153,2001,0
153,2013,0
191,2013,0
189,2013,0
189,2012,0
189,2011,0
189,2010,0
189,2009,0
189,2008,0
153,2000,0
153,1999,0
195,1995,0
171,2005,116
195,1996,0
209,2012,0
128,2012,0
128,2011,0
128,2010,0
158,2012,0
128,2007,0
128,2006,0
128,2005,0
128,2004,0
128,2013,0
128,2003,0
158,2013,0
128,1999,0
209,2004,4
196,1999,0
196,2004,4
196,2008,1
196,2009,1
196,2010,1
128,2002,0
158,2011,0
158,2010,0
158,2009,0
209,2011,0
209,2010,0
209,2009,0
158,2000,0
195,2002,0
195,2003,0
209,2008,0
158,2003,0
158,2004,0
195,2008,0
195,2009,0
195,2010,0
195,2011,0
195,2012,0
195,2013,0
158,2005,0
158,2006,0
158,2007,0
158,2008,0
209,2013,0
143,2011,43
153,2005,0
35,2010,0
26,2008,0
26,2009,0
26,2010,0
26,2011,0
26,2012,0
26,2013,0
35,2009,0
35,2011,0
134,2011,0
134,2010,0
35,2012,0
134,2005,0
35,2013,0
206,2011,0
206,2010,0
216,1994,0
206,2009,0
216,1996,0
134,1997,0
206,2008,0
206,2007,0
206,2006,0
206,2005,0
26,2007,0
206,2004,0
26,2006,0
26,2004,0
137,1997,0
137,2007,0
137,2012,0
137,2013,0
26,1987,250
26,1988,250
26,1989,250
137,1993,0
91,2008,0
91,2009,0
91,2010,0
91,2013,0
26,1994,0
21,1999,0
21,1998,0
26,1995,0
26,1996,0
26,1998,0
26,1999,0
26,2000,0
26,2001,0
26,2002,0
26,2003,0
26,2005,0
206,2003,0
137,1998,0
38,2010,0
38,2011,0
170,2008,0
170,2009,0
38,2013,0
80,2000,6
170,2002,0
134,1994,0
134,1995,0
38,2009,0
81,2008,0
81,2009,0
170,2012,0
170,2013,0
80,2001,50
81,2011,8
38,1999,0
134,1996,0
20,2004,0
38,2012,0
20,2006,0
20,2005,0
38,1998,0
206,2002,0
5403,1971,261001
5403,1968,201827
5403,1970,257858
5403,2014,465570
5403,1972,304480
5403,1969,253525
5400,1971,390561
5403,1974,309749
5403,1975,255971
5403,1976,231698
5403,1977,238402
5403,1967,294302
5403,2013,341608
5403,1978,130451
5403,1979,178925
5403,1973,244993
5403,2015,400784
5400,1964,278830
5403,1965,149975
5404,1965,69209
5402,2014,105762
5402,2015,177860
5402,2016,108599
5400,1997,756748
5400,1996,660138
5400,1995,584787
5400,1994,613245
5403,1961,134716
5400,1993,493264
5400,1992,431674
5403,1966,255676
5400,1991,382178
5404,1964,93325
5400,1990,352139
5400,1989,398885
5403,1963,160969
5400,1962,234437
5400,1963,249233
5403,1964,172949
5404,1963,78135
5404,1962,53047
5404,1961,78509
5403,2016,358638
5403,1962,167273
5403,2012,416319
5403,1983,155852
5403,1980,177918
5400,1967,366033
5403,1996,266634
5400,1981,394410
5400,1980,358661
5400,1979,329278
5400,1978,269665
5400,1977,375708
5403,2006,364713
5403,1997,330726
5403,2005,329002
5403,1998,255115
5400,1966,339988
5400,1968,287523
5403,1999,283704
5400,1976,339666
5400,1975,384581
5400,1974,425174
5403,2003,269307
5400,1973,393922
5400,1972,423171
5403,2002,304760
5403,2000,259161
5403,2001,318271
5400,1969,360519
5403,2004,273037
5403,2007,322399
5402,2013,48805
5403,2008,364682
5403,2011,410360
5403,1981,204098
5403,1982,140926
5400,1970,362891
5400,1988,358091
5403,1984,149215
5403,2010,366698
5403,1985,123853
5403,1986,125320
5403,1987,139249
5403,1988,127228
5403,2009,318318
5403,1989,146163
5403,1990,112617
5403,1991,143025
5403,1992,163068
5400,1987,378057
5400,1986,312747
5400,1985,343202
5400,1984,340117
5400,1983,356159
5400,1982,312805
5403,1993,223291
5403,1994,213839
5403,1995,194028
5400,1965,229633
5402,1980,2931
5400,2011,1182036
5402,2012,52467
5402,1996,4699
5402,1961,2856
5401,2016,151393
5401,2015,190066
5401,2014,135278
5401,2013,70141
5401,2012,50598
5401,2011,31864
5402,1997,3344
5401,2009,25407
5401,2008,14904
5401,2007,8586
5401,2006,7464
5401,2005,10743
5401,2004,15986
5401,2003,4682
5401,2002,13616
5402,1998,4157
5401,2001,6310
5401,2000,6384
5401,1999,3587
5401,1998,4622
5401,1997,8959
5401,1996,5346
5401,1995,7278
5401,1994,5080
5401,1993,3707
5402,1995,4460
5402,1962,2579
5402,1994,5871
5402,1963,3001
5402,1978,4159
5402,1981,2827
5402,1982,1988
5402,1983,1981
5402,1984,2038
5402,1985,1944
5402,1977,4177
5402,1976,2916
5402,1975,2574
5402,1986,1809
5402,1987,1480
5402,1974,2519
5402,1988,1756
5401,1992,3792
5402,1989,2038
5402,1991,3632
5402,1992,3352
5402,1993,2417
5402,1973,2787
5402,1972,3758
5402,1971,2342
5402,1970,1699
5402,1969,932
5402,1968,1523
5402,1967,971
5402,1966,2532
5402,1965,1060
5402,1964,2223
5402,1990,3193
5400,1998,632932
5401,1991,11649
5401,1989,8423
5401,1962,11538
5401,1961,6100
5400,2016,1289832
5400,2015,1402755
5400,2014,1373003
5400,2013,1021887
5400,2012,1172828
5402,1979,1900
5400,2010,1123532
5400,2009,933832
5400,2008,987975
5400,2007,1020108
5402,2005,5682
5402,2006,11404
5400,2006,939001
5402,2007,16194
5402,2008,14761
5402,2009,14201
5400,2005,974111
5400,2004,819523
5402,2010,35707
5400,2003,746423
5400,2002,692537
5400,2001,724529
5400,2000,641872
5402,2011,44890
5400,1999,700500
5401,1963,7128
5401,1964,10333
5401,1965,9389
5401,1966,10764
5402,1999,3740
5401,1988,4940
5402,2000,4014
5402,2001,5252
5402,2002,5989
5401,1987,4434
5401,1986,4720
5401,1985,2797
5402,2003,5483
5402,2004,5235
5401,1984,5714
5401,1983,9848
5401,1982,8947
5401,1990,3129
5401,1981,7714
5401,1979,5582
5401,1978,14340
5401,1977,16565
5401,1976,6516
5401,1975,25313
5401,1974,12733
5401,1973,27077
5401,1972,17119
5401,1971,17199
5401,1970,13873
5401,1969,15982
5401,1968,14758
5401,1967,11317
5401,1980,21335
5401,2010,16555
5304,2011,3374
5305,2016,36252
5302,1964,22939
5302,1965,37557
5302,1966,44663
5302,1967,41539
5302,1968,57767
5302,1969,62309
5302,1970,62275
5302,1963,9765
5302,1971,66840
5302,1973,71618
5302,1974,80900
5302,1975,75880
5302,1976,73273
5302,1977,71806
5302,1978,71784
5302,1979,78742
5302,1972,73703
5302,1980,71733
5302,1962,8665
5301,2016,1370
5301,2000,11578
5301,2001,8197
5301,2002,6264
5301,2003,7018
5301,2004,10102
5301,2005,7623
5301,2006,12629
5302,1961,8981
5301,2007,6968
5301,2009,4035
5301,2010,6466
5301,2011,9534
5301,2012,10842
5301,2013,9706
5301,2014,4204
5301,2015,1112
5301,2008,5514
5302,1981,83601
5302,1982,93749
5302,1983,90613
5302,2005,397185
5302,2006,397774
5302,2007,431080
5302,2008,475117
5302,2009,492882
5302,2010,462379
5302,2011,421881
5302,2004,338591
5302,2012,436511
5302,2014,334713
5302,2015,401975
5302,2016,488352
5303,1961,499
5303,1962,264
5303,1963,248
5303,1964,85
5302,2013,410124
5302,2003,317291
5302,2002,265279
5302,2001,199782
5302,1984,94410
5302,1985,83682
5302,1986,76619
5302,1987,80629
5302,1988,93436
5302,1989,82982
5302,1990,65754
5302,1991,61611
5302,1992,75567
5302,1993,97412
5302,1994,124920
5302,1995,122269
5302,1996,114483
5302,1997,136670
5302,1998,125847
5302,1999,135010
5302,2000,160377
5301,1999,5481
5303,1965,26
5301,1998,5370
5301,1996,978
5300,1961,13123
5300,1962,11612
5300,1963,12545
5300,1964,27748
5300,1965,41886
5300,1966,49353
5300,1967,48608
5207,2016,439133
5300,1968,68435
5300,1970,71062
5300,1971,73604
5300,1972,86228
5300,1973,77701
5300,1974,91917
5300,1975,86645
5300,1976,81991
5300,1969,68637
5300,1977,81602
5207,2015,478714
5207,2013,586430
5207,1997,455911
5207,1998,457174
5207,1999,456816
5207,2000,417122
5207,2001,463351
5207,2002,430982
5207,2003,476165
5207,2014,527702
5207,2004,448669
5207,2006,518282
5207,2007,578554
5207,2008,601619
5207,2009,586039
5207,2010,539377
5207,2011,609303
5207,2012,532158
5207,2005,571856
5300,1978,80736
5300,1979,95778
5300,1980,93382
5300,2002,307387
5300,2003,355201
5300,2004,378583
5300,2005,442178
5300,2006,447503
5300,2007,480942
5300,2008,513442
5300,2001,243728
5300,2009,557113
5300,2011,473291
5300,2012,492700
5300,2013,459782
5300,2014,378879
5300,2015,448334
5300,2016,535155
5301,1995,139
5300,2010,535439
5300,2000,210917
5300,1999,182370
5300,1998,165368
5300,1981,101686
5300,1982,111058
5300,1983,111175
5300,1984,114798
5300,1985,98972
5300,1986,90723
5300,1987,92790
5300,1988,112829
5300,1989,102520
5300,1990,87378
5300,1991,88815
5300,1992,104293
5300,1993,120604
5300,1994,157111
5300,1995,153294
5300,1996,145554
5300,1997,173559
5301,1997,2072
5303,1966,450
5303,1967,305
5303,1968,535
5304,2015,3972
5304,2016,6000
5305,1961,2339
5305,1962,1397
5305,1963,1228
5305,1964,3426
5305,1965,2508
5304,2014,3784
5305,1966,1616
5305,1968,6642
5305,1969,1644
5305,1970,4784
5305,1971,1921
5305,1972,5207
5305,1973,2249
5305,1974,6192
5305,1967,4036
5305,1975,5214
5304,2013,3717
5404,1966,71016
5304,1995,14615
5304,1996,14655
5304,1997,13106
5304,1998,11450
5304,1999,5786
5304,2000,6470
5304,2001,5043
5304,2012,3206
5304,2002,3886
5304,2004,4560
5304,2005,5205
5304,2006,5527
5304,2007,3821
5304,2008,3219
5304,2009,2377
5304,2010,3201
5304,2003,3205
5305,1976,5619
5305,1977,6652
5305,1978,3226
5305,2000,30664
5305,2001,29005
5305,2002,30640
5305,2003,26163
5305,2004,24727
5305,2005,31456
5305,2006,30055
5305,1999,34340
5305,2007,37743
5305,2009,57293
5305,2010,61988
5305,2011,35155
5305,2012,37252
5305,2013,33729
5305,2014,36122
5305,2015,39243
5305,2008,28658
5305,1998,18002
5305,1997,19551
5305,1996,15341
5305,1979,7838
5305,1980,13696
5305,1981,9605
5305,1982,8337
5305,1983,8561
5305,1984,7949
5305,1985,7237
5305,1986,6782
5305,1987,4855
5305,1988,11595
5305,1989,12498
5305,1990,15131
5305,1991,20074
5305,1992,21070
5305,1993,12591
5305,1994,14221
5305,1995,15954
5304,1994,12782
5304,1993,9129
5304,1992,6591
5304,1991,6242
5303,1990,262
5303,1991,888
5303,1992,1065
5303,1993,1472
5303,1994,5188
5303,1995,317
5303,1996,97
5303,1989,232
5303,1997,2160
5303,1999,1753
5303,2000,1828
5303,2001,1701
5303,2002,1318
5303,2003,1524
5303,2004,603
5303,2005,709
5303,1998,4699
5303,1988,814
5303,1987,355
5303,1986,1144
5303,1969,1477
5303,1970,1070
5303,1971,43
5303,1972,2379
5303,1973,709
5303,1974,1363
5303,1975,1772
5303,1976,684
5303,1977,513
5303,1978,313
5303,1979,992
5303,1980,363
5303,1981,323
5303,1982,374
5303,1983,184
5303,1984,469
5303,1985,199
5303,2006,1518
5400,1961,222181
5303,2007,1330
5303,2009,526
5304,1975,3779
5304,1976,2415
5304,1977,2631
5304,1978,5413
5304,1979,8206
5304,1980,7590
5304,1981,8157
5304,1974,3462
5304,1982,8598
5304,1984,11970
5304,1985,7854
5304,1986,6178
5304,1987,6951
5304,1988,6984
5304,1989,6808
5304,1990,6231
5304,1983,11817
5304,1973,3125
5304,1972,4939
5304,1971,4800
5303,2010,1405
5303,2011,3347
5303,2012,4889
5303,2013,2506
5303,2014,57
5303,2015,2031
5303,2016,3181
5304,1961,1304
5304,1962,1286
5304,1963,1304
5304,1964,1298
5304,1965,1795
5304,1966,2624
5304,1967,2728
5304,1968,3491
5304,1969,3207
5304,1970,2933
5303,2008,934
5404,1967,59443
5817,1980,317
5404,1969,90080
5801,1995,11
5815,1977,438
5815,1976,830
5815,1975,1811
5815,1974,1370
5815,1973,825
5815,1972,2933
5815,1971,258
5815,1970,1200
5815,1969,1721
5815,1968,658
5815,1967,408
5502,1983,2
5815,1966,675
5815,1978,447
5815,1965,72
5815,1963,539
5815,1962,416
5815,1961,510
5803,2016,7606
5803,2015,3943
5803,2014,3008
5803,2013,3524
5803,2012,3225
5817,1996,132
5817,1997,952
5502,1984,1
5802,1990,30
5802,1968,0
5802,1967,0
5815,1964,312
5815,1979,1092
5801,1994,11
5815,1980,377
5815,1996,3932
5815,1995,5282
5815,1994,3798
5815,1993,5918
5815,1992,3732
5817,1995,5574
5815,1991,2296
5801,1982,2
5801,1983,1
5801,1984,0
5815,1990,1447
5801,1985,1
5502,1982,0
5815,1989,1062
5815,1988,1226
5801,1986,350
5801,1987,0
5802,1969,0
5815,1981,357
5815,1982,407
5815,1983,615
5815,1984,434
5815,1985,363
5802,1966,0
5815,1986,571
5801,1993,10
5801,1992,25
5801,1991,0
5801,1990,26
5801,1989,30
5801,1988,0
5815,1987,299
5815,1997,7343
5502,1985,1
5502,1987,2
5502,1994,3
5803,2010,2559
5803,2009,2122
5803,2008,2539
5502,1995,3
5801,2001,39
5502,1996,3
5803,2007,3367
5803,2006,4124
5803,2005,4169
5803,2004,2237
5802,1963,59
5803,2003,2724
5803,2002,3103
5803,2011,3061
5803,2001,4648
5803,2000,6044
5502,1998,3
5803,1999,5454
5801,2002,268
5801,2003,807
5801,2004,150
5803,1998,11128
5801,2005,132
5801,2006,162
5803,1997,12759
5801,2007,13
5502,1999,3
5801,2008,13
5502,2000,0
5502,1997,4
5502,1993,2
5801,2000,639
5801,1999,304
5502,1988,3
5501,1994,32923
5501,1993,34738
5502,1989,3
5502,1990,5
5501,1992,40349
5501,1991,29789
5502,1991,5
5802,1991,9
5802,1992,818
5501,1990,32889
5501,1989,23730
5802,1993,368
5706,2014,1266607
5501,1988,41341
5801,1996,11
5501,1987,38526
5817,2002,3638
5502,1992,6
5706,2010,1119145
5706,2011,1173668
5802,1964,10
5706,2012,1161238
5502,1986,3
5706,2013,989106
5801,1998,25
5801,1997,23
5817,2001,2960
5817,2000,2192
5817,1999,684
5817,1998,610
5802,1965,18
5802,1970,0
5502,1981,1
5815,1998,8748
5502,1963,0
5817,1986,617
5502,1964,0
5817,1987,40
5501,2004,16069
5502,1965,0
5502,1966,0
5502,1967,0
5801,1978,13
5802,1977,0
5802,1976,9
5802,1975,7
5802,1978,0
5802,1979,0
5817,1985,319
5502,1968,0
5802,1980,0
5817,1968,630
5817,1967,388
5502,1970,2
5817,1966,533
5817,1965,115
5802,1981,13
5801,1972,16
5817,1964,91
5801,1971,11
5801,1970,5
5801,1969,4
5817,1963,101
5801,1979,4
5502,1969,0
5817,1984,463
5502,1962,0
5502,1961,0
5817,1979,280
5501,2008,10502
5817,1978,174
5501,2007,9012
5501,2006,11913
5817,1982,348
5817,1977,80
5817,1976,963
5817,1975,2008
5817,1974,1461
5817,1973,775
5501,2009,11918
5501,2010,10918
5817,1972,2541
5817,1971,75
5817,1970,1136
5817,1969,1517
5501,2016,15592
5501,2015,15763
5207,1996,387982
5801,1973,2
5801,1974,4
5801,1975,7
5801,1968,8
5801,1976,23
5501,2013,11509
5817,1983,363
5501,2012,10612
5801,1977,0
5501,2011,9527
5501,2005,14643
5501,2014,13423
5801,1967,6
5801,1966,6
5802,1982,5
5815,2013,18439
5815,2012,22184
5817,1991,126
5817,1992,71
5817,1993,76
5817,1994,59
5501,2000,32919
5801,1961,28
5501,1999,25017
5706,2016,1170022
5501,1998,26125
5706,2015,1230804
5815,2011,20085
5815,2010,25861
5501,1997,30300
5501,1996,28805
5501,1995,31737
5802,1971,0
5802,1972,0
5815,1999,25257
5815,2000,17830
5815,2001,17263
5815,2002,14304
5801,1962,0
5815,2003,8551
5815,2005,10863
5815,2006,22399
5801,1981,4
5815,2007,21935
5815,2008,6848
5815,2009,26744
5815,2004,10940
5502,2001,1
5801,1963,62
5801,1964,11
5801,1980,2
5802,1983,2
5802,1984,0
5817,1962,107
5502,1971,0
5502,1972,1
5817,1961,109
5815,2016,34424
5815,2015,4558
5815,2014,8852
5502,1973,0
5501,2003,16818
5502,1974,0
5502,1975,0
5501,2002,27592
5502,1976,1
5502,1977,0
5802,1988,6
5801,1965,22
5817,1990,69
5802,1987,0
5502,1980,0
5502,1979,1
5802,1989,32
5802,1973,0
5802,1974,0
5817,1988,61
5802,1986,350
5802,1985,3
5501,2001,20945
5502,1978,1
5817,1989,134
5803,1996,14338
5803,1995,14367
5803,1994,12160
5817,2012,6929
5500,2009,11919
5817,2013,4759
5817,2014,3944
5500,2008,10503
5500,2007,9014
5706,1992,429388
5500,2006,11913
5500,2005,14644
5500,2004,16070
5500,2003,16818
5500,2002,27592
5500,2001,20946
5500,2000,32919
5706,1991,372640
5500,1999,25020
5500,1997,30304
5500,1996,28808
5500,1995,31740
5500,1994,32926
5500,1993,34740
5500,1992,40355
5500,1991,29794
5500,1990,32894
5500,1989,23733
5500,1988,41344
5500,1987,38528
5500,1986,38040
5500,1985,33457
5500,1984,25217
5500,1998,26128
5706,1990,346376
5706,1989,377699
5706,1988,345359
5500,2014,13505
5500,2013,11509
5500,2012,10612
5500,2011,9539
5802,2008,7071
5802,2009,4636
5500,2010,10923
5706,1984,337451
5817,2010,12892
5817,2011,5894
5802,2010,6906
5706,1985,337966
5803,1966,2625
5803,1965,1797
5803,1964,1288
5706,1996,655444
5706,1995,583292
5802,2013,10484
5802,2014,8098
5802,2015,4181
5802,2016,15567
5803,1961,1300
5803,1962,1283
5500,1983,29885
5802,2012,12719
5706,1987,365677
5706,1986,300422
5803,1963,1308
5817,1981,889
5706,1993,492160
5706,1994,608803
5802,2011,10294
5500,1982,25435
5500,1981,38483
5500,1980,34556
5404,2000,372313
5404,1999,409469
5404,1998,369038
5404,1997,413719
5404,1996,383459
5404,1995,379021
5404,1994,388455
5404,1993,263849
5404,1992,261462
5404,1991,223872
5404,1990,233200
5404,1989,242261
5404,1988,224167
5404,1987,232894
5404,1986,180898
5404,1985,214608
5404,1984,183150
5404,1970,89461
5404,1971,110019
5404,1972,97814
5404,1973,119065
5404,1974,100173
5404,1975,100723
5404,2001,394696
5404,1976,98536
5404,1978,120715
5404,1979,142871
5404,1980,156477
5404,1981,179771
5404,1982,160944
5404,1983,188478
5404,1977,116564
5802,2007,7725
5404,2002,368172
5404,2004,525265
5500,1979,33565
5500,1978,24762
5500,1977,25269
5500,1976,33304
5500,1975,29603
5500,1974,35989
5500,1973,45041
5500,1972,37006
5500,1971,37939
5500,1970,40034
5500,1969,23603
5500,1968,34392
5500,1967,31961
5500,1966,46437
5500,1965,33155
5500,1964,37480
5500,1963,24236
5404,2005,628684
5404,2006,555420
5404,2007,672929
5404,2008,593628
5404,2009,575906
5404,2010,704572
5404,2003,466951
5404,2011,694922
5404,2013,561333
5404,2014,666392
5404,2015,634045
5404,2016,671203
5500,1961,27853
5500,1962,36901
5404,2012,653444
5404,1968,69415
5817,2009,6817
5802,2006,13419
5502,2007,2
5502,2008,1
5817,2003,2319
5502,2009,1
5502,2010,5
5502,2011,12
5502,2012,0
5502,2013,0
5502,2014,2
5502,2015,0
5502,2016,6
5803,1981,8116
5801,2009,109
5803,1980,7530
5502,2006,0
5802,1995,1551
5801,2011,9
5501,1969,23603
5802,1996,1917
5504,2014,80
5501,1968,34392
5504,2015,0
5706,1961,207640
5706,1962,219040
5501,1967,31961
5501,1966,46437
5803,1979,8188
5803,1978,5419
5803,1977,2649
5803,1976,2425
5801,2010,0
5502,2005,1
5501,1970,40032
5501,1971,37939
5803,1993,9090
5803,1992,6594
5803,1991,6092
5803,1990,5526
5803,1989,6108
5803,1988,6233
5803,1987,6570
5803,1986,5893
5803,1985,7722
5803,1984,11779
5803,1983,11709
5803,1982,8553
5802,1994,3646
5502,2002,0
5502,2003,0
5502,2004,1
5501,1986,38037
5501,1972,37005
5501,1973,45041
5501,1974,35989
5501,1975,29603
5501,1976,33303
5501,1977,25269
5803,1975,3874
5501,1978,24761
5501,1980,34556
5501,1981,38482
5501,1982,25435
5501,1983,29883
5501,1984,25216
5501,1985,33456
5501,1979,33564
5803,1974,3462
5801,2012,107
5803,1973,3126
5706,2006,936148
5802,1999,5905
5803,1970,2937
5706,1983,353377
5802,1961,28
5801,2016,29518
5801,2015,334
5803,1969,3207
5803,1968,3489
5801,2014,260
5500,2015,15764
5802,2000,11960
5706,2005,971227
5817,2004,3344
5706,2004,817362
5802,2001,8277
5802,2002,6537
5706,1997,750062
5802,2005,9677
5802,2004,11536
5817,2007,5434
5817,2006,4167
5817,2005,4466
5706,1982,309935
5802,2003,8640
5706,1999,697557
5706,2000,640130
5706,2001,723501
5706,2002,691590
5803,1967,2711
5706,2003,744898
5706,1998,631096
5817,2008,15319
5706,2007,1016493
5706,1981,390259
5801,2013,145
5803,1972,4992
5803,1971,4802
5706,2009,928494
5706,2008,982290
5802,1997,2564
5501,1965,33155
5802,1998,5841
5706,1963,237702
5706,1964,266771
5501,1964,37480
5706,1965,220755
5706,1966,331736
5706,1967,357925
5706,1968,282983
5706,1969,353302
5501,1963,24236
5706,1980,342929
5706,1979,329237
5706,1978,268931
5706,1977,367511
5706,1976,339202
5706,1975,384162
5802,1962,0
5706,1974,424670
5706,1972,418142
5706,1971,385769
5706,1970,354515
5500,2016,15598
5501,1961,27853
5501,1962,36901
5706,1973,386545
5207,1995,370303
5817,2016,31325
5207,1993,290303
5102,1974,1
5102,1973,1
5102,1972,1
5102,1971,1
5102,1970,0
5102,1969,0
5102,1968,0
5102,1967,0
5102,1975,0
5102,1966,0
5102,1964,0
5102,1963,0
5102,1962,0
5102,1961,0
5101,2016,413
5101,2015,1219
5101,2014,433
5101,2013,10
5102,1965,0
5101,2012,330
5102,1976,0
5102,1978,0
5102,1996,0
5102,1995,0
5102,1994,0
5102,1993,0
5102,1992,0
5102,1991,0
5102,1990,0
5102,1989,0
5102,1977,0
5102,1988,0
5102,1986,0
5102,1985,0
5102,1984,0
5102,1983,0
5102,1982,0
5102,1981,0
5102,1980,0
5102,1979,0
5102,1987,0
5102,1997,0
5101,2011,499
5101,2009,158
5101,1986,3
5101,1985,4
5101,1984,1
5101,1983,5
5101,1982,9
5101,1981,16
5101,1980,0
5101,1979,5
5101,1987,3
5101,1978,16
5101,1976,128
5101,1975,15
5101,1974,3
5101,1973,1
5101,1972,15
5101,1971,10
5101,1970,5
5101,1969,4
5101,1977,31
5101,2010,195
5101,1988,8
5101,1990,9
5101,2008,467
5101,2007,90
5101,2006,174
5101,2005,127
5101,2004,137
5101,2003,146
5101,2002,141
5101,2001,52
5101,1989,1
5101,2000,384
5101,1998,20
5101,1997,32
5101,1996,30
5101,1995,52
5101,1994,101
5101,1993,91
5101,1992,26
5101,1991,12
5101,1999,295
5102,1998,0
5102,1999,0
5102,2000,0
5103,2007,3968
5103,2006,3050
5103,2005,4084
5103,2004,2846
5103,2003,1081
5103,2002,3083
5103,2001,2624
5103,2000,993
5103,2008,12154
5103,1999,77
5103,1997,139
5103,1996,41
5103,1995,5476
5103,1994,11
5103,1993,4
5103,1992,22
5103,1991,10
5103,1990,5
5103,1998,33
5103,1989,92
5103,2009,6087
5103,2011,4155
5104,1973,33882
5104,1972,38246
5104,1971,30994
5104,1970,28271
5104,1969,32665
5104,1968,30738
5104,1967,29689
5104,1966,39832
5103,2010,11937
5104,1965,27910
5104,1963,30782
5104,1962,28894
5104,1961,26817
5103,2016,2827
5103,2015,4638
5103,2014,3113
5103,2013,4091
5103,2012,3562
5104,1964,31690
5103,1988,34
5103,1987,23
5103,1986,4
5103,1962,31
5103,1961,77
5102,2016,9850
5102,2015,1
5102,2014,0
5102,2013,0
5102,2012,0
5102,2011,0
5103,1963,39
5102,2010,0
5102,2008,0
5102,2007,0
5102,2006,0
5102,2005,0
5102,2004,0
5102,2003,0
5102,2002,0
5102,2001,0
5102,2009,0
5103,1964,47
5103,1965,87
5103,1966,67
5103,1985,56
5103,1984,46
5103,1983,36
5103,1982,25
5103,1981,79
5103,1980,60
5103,1979,69
5103,1978,30
5103,1977,48
5103,1976,24
5103,1975,41
5103,1974,42
5103,1973,26
5103,1972,28
5103,1971,21
5103,1970,40
5103,1969,36
5103,1968,38
5103,1967,44
5101,1968,8
5104,1974,22724
5101,1967,6
5101,1965,2
5000,1965,411685
5000,1964,451479
5000,1963,383188
5000,1962,386247
5000,1961,344749
5817,2015,6459
351,2016,461273
351,2015,378109
5000,1966,550742
351,2014,310242
351,2012,419792
351,2011,403311
351,2010,438583
351,2009,463977
351,2008,449967
351,2007,409006
351,2006,380117
351,2005,369891
351,2013,388758
351,2004,319726
5000,1967,551441
5000,1969,559068
5000,1987,765750
5000,1986,624834
5000,1985,660661
5000,1984,642608
5000,1983,674866
5000,1982,630246
5000,1981,702331
5000,1980,649118
5000,1968,491468
5000,1979,629260
5000,1977,641424
5000,1976,588735
5000,1975,608972
5000,1974,650138
5000,1973,605049
5000,1972,653844
5000,1971,595531
5000,1970,568405
5000,1978,542648
5000,1988,799350
351,2003,299201
351,2001,185467
351,1978,65069
351,1977,65361
351,1976,69283
351,1975,70285
351,1974,71417
351,1973,67387
351,1972,71055
351,1971,64755
351,1979,71547
351,1970,59604
351,1968,53218
351,1967,36540
351,1966,41194
351,1965,33121
351,1964,18174
351,1963,2884
351,1962,1454
351,1961,1200
351,1969,59219
351,2002,245190
351,1980,60275
351,1982,71688
351,2000,148448
351,1999,125920
351,1998,116497
351,1997,127236
351,1996,105784
351,1995,113613
351,1994,118309
351,1993,87151
351,1981,68604
351,1992,66467
351,1990,54919
351,1989,68537
351,1988,75280
351,1987,62807
351,1986,58801
351,1985,66892
351,1984,78507
351,1983,78176
351,1991,51117
5000,1989,881597
5000,1990,923937
5000,1991,973739
5100,1998,126053
5100,1997,111434
5100,1996,68765
5100,1995,74462
5100,1994,98743
5100,1993,115095
5100,1992,125897
5100,1991,82294
5207,1994,300083
5100,1990,79450
5100,1988,52756
5100,1987,72516
5100,1986,46387
5100,1985,48093
5100,1984,48447
5100,1983,54609
5100,1982,45681
5100,1981,48863
5100,1989,52211
5100,1980,41072
5100,2000,97633
5100,2002,122270
5101,1964,0
5101,1963,0
5101,1962,0
5101,1961,0
5100,2016,282981
5100,2015,218140
5100,2014,210844
5100,2013,210685
5100,2001,92032
5100,2012,185863
5100,2010,198778
5100,2009,186650
5100,2008,180436
5100,2007,179843
5100,2006,121866
5100,2005,147451
5100,2004,141887
5100,2003,119493
5100,2011,186267
5100,1979,41584
5100,1978,35685
5100,1977,39921
5000,2009,2441924
5000,2008,2463709
5000,2007,2424125
5000,2006,2175483
5000,2005,2305614
5000,2004,1979020
5000,2003,1889151
5000,2002,1759338
5000,2010,2567608
5000,2001,1729835
5000,1999,1641039
5000,1998,1568405
5000,1997,1691281
5000,1996,1440172
5000,1995,1362204
5000,1994,1366100
5000,1993,1178979
5000,1992,1124205
5000,2000,1583268
5000,2011,2638792
5000,2012,2591007
5000,2013,2488364
5100,1976,36882
5100,1975,29872
5100,1974,22774
5100,1973,33915
5100,1972,38290
5100,1971,31026
5100,1970,28316
5100,1969,32705
5100,1968,30784
5100,1967,29739
5100,1966,39905
5100,1965,27999
5100,1964,31737
5100,1963,30821
5100,1962,28925
5100,1961,26894
5000,2016,2703329
5000,2015,2738952
5000,2014,2702063
5101,1966,6
5104,1975,29794
5100,1999,113918
5104,1977,39841
5204,1993,483
5204,1992,7
5204,1991,10
5204,1990,21
5204,1989,46
5204,1988,34
5204,1987,9
5204,1986,1
5204,1994,1147
5204,1985,23
5204,1983,0
5204,1982,18
5204,1981,10
5204,1980,20
5204,1979,13
5204,1978,7
5204,1977,18
5204,1976,9
5204,1984,1
5204,1975,60
5204,1995,1306
5204,1997,2283
5204,2016,183
5204,2015,156
5204,2014,166
5204,2013,163
5204,2012,122
5204,2011,75
5204,2010,85
5204,2009,62
5204,1996,1443
5204,2008,193
5204,2006,176
5204,2005,390
5204,2003,183
5204,2002,1324
5204,2001,2879
5204,2000,725
5204,1999,327
5204,1998,328
5204,2007,353
5206,1961,0
5204,1974,2
5204,1972,29
5203,2005,154980
5203,2004,173791
5203,2003,174864
5203,2002,177242
5203,2001,182368
5203,2000,182077
5203,1999,162086
5203,1998,160422
5203,2006,136738
5203,1997,161042
5203,1995,146304
5203,1994,162840
5203,1993,124485
5203,1992,119791
5203,1991,120835
5203,1990,121998
5203,1989,83982
5203,1988,54799
5203,1996,147478
5204,1973,18
5203,2007,155309
5203,2009,166307
5204,1971,4
5204,1970,19
5204,1969,66
5204,1968,1
5204,1967,53
5204,1966,22
5204,1965,2
5204,1964,2
5203,2008,169532
5204,1963,17
5204,1961,0
5203,2016,140448
5203,2015,175058
5203,2014,197956
5203,2013,197905
5203,2012,196557
5203,2011,178278
5203,2010,159468
5204,1962,0
5206,1962,0
5206,1963,0
5206,1964,0
5206,2014,9
5206,2015,32
5206,2016,0
5104,1976,36712
5207,1961,22008
5207,1962,42629
5207,1963,43432
5207,1964,45349
5206,2013,3
5207,1965,48394
5207,1967,43567
5207,1968,49998
5207,1969,42893
5207,1970,43421
5207,1971,35599
5207,1972,38817
5207,1973,16722
5207,1974,38367
5207,1966,39623
5207,1975,42277
5206,2012,167
5206,2010,6
5206,1992,3
5206,1993,5
5206,1994,5
5206,1995,8
5206,1996,4
5206,1997,0
5206,1998,0
5206,1999,2
5206,2011,3
5206,2000,3
5206,2002,4
5206,2003,4
5206,2004,3
5206,2005,4
5206,2006,4
5206,2007,2
5206,2008,9
5206,2009,2
5206,2001,2
5207,1976,63788
5207,1977,82985
5207,1978,94179
5206,1982,4
5206,1981,4
5206,1980,5
5206,1979,0
5206,1978,0
5206,1977,0
5206,1976,0
5206,1975,98
5206,1983,3
5206,1974,0
5206,1972,53
5206,1971,0
5206,1970,0
5206,1969,0
5206,1968,0
5206,1967,0
5206,1966,0
5206,1965,0
5206,1973,0
5206,1984,9
5206,1985,1
5206,1986,9
5207,1979,88784
5207,1980,75269
5207,1981,63515
5207,1982,91885
5207,1983,91906
5207,1984,81283
5207,1985,107476
5207,1986,97848
5207,1987,143997
5207,1988,179493
5207,1989,220220
5207,1990,250046
5207,1991,269786
5207,1992,302185
5206,1991,27
5206,1990,11
5206,1989,0
5206,1988,4
5206,1987,1
5203,1987,39852
5203,1986,39079
5204,2004,494
5203,1984,32736
5105,1985,15
5105,1984,0
5105,1983,6
5105,1982,2
5105,1981,18
5105,1980,2
5104,1979,41505
5104,1980,41010
5105,1986,0
5104,1981,48750
5104,1983,54562
5104,1984,48400
5104,1985,48018
5104,1986,46380
5104,1987,72490
5104,1988,52714
5104,1989,52118
5104,1990,79436
5104,1982,45645
5104,1991,82272
5105,1987,0
5105,1989,0
5105,2007,0
5105,2006,27
5105,2005,1
5105,2004,14
5105,2003,5
5105,2002,1
5105,2001,2
5105,2000,1
5105,1988,0
5105,1999,10
5105,1997,0
5105,1996,0
5105,1995,0
5105,1994,0
5105,1993,0
5105,1992,0
5105,1991,0
5105,1990,0
5104,2006,118615
5104,1992,125849
5104,1993,115000
5104,1994,98631
5105,1968,0
5105,1967,0
5105,1966,0
5105,1965,0
5105,1964,0
5105,1963,0
5105,1962,0
5105,1961,0
5105,1969,0
5104,2016,250258
5104,2014,207297
5104,2013,206463
5104,2012,181937
5104,2011,181602
5104,2010,186638
5104,2009,180405
5104,2008,167815
5104,2007,175785
5104,2015,212282
5105,1970,0
5105,1971,0
5105,1972,0
5104,1995,68934
5104,1996,68694
5104,1997,111263
5104,1998,125999
5104,1999,113536
5104,2000,96256
5104,2001,89354
5203,1985,29437
5104,1978,35601
5104,2002,119045
5104,2003,118261
5104,2004,138890
5105,1979,5
5105,1978,38
5105,1977,1
5105,1976,18
5105,1975,22
5105,1974,4
5105,1973,5
5105,2008,0
5105,2009,0
5105,1998,1
5105,2011,11
5200,2011,787659
5200,2010,698936
5200,2009,752410
5200,2008,771353
5200,2007,734218
5200,2006,655200
5200,2005,727230
5200,2004,622957
5200,2003,651216
5200,2002,609552
5200,2001,648600
5200,2000,599926
5200,1999,619231
5200,1998,617924
5200,1997,619236
5200,1996,536907
5200,1995,517921
5200,1994,464075
5200,1993,415276
5200,1992,421986
5200,1991,390658
5200,1990,372076
5200,1989,304248
5200,2012,729004
5200,2013,784501
5200,2014,725832
5200,2015,653959
5203,1983,31129
5203,1982,43360
5203,1981,55360
5203,1980,46153
5203,1979,40258
5203,1978,37614
5203,1977,35921
5203,1976,33095
5203,1975,35836
5203,1974,35915
5203,1973,37730
5200,1988,234330
5203,1972,30250
5203,1970,22662
5203,1969,30645
5203,1968,20335
5203,1967,31480
5203,1966,35414
5203,1965,30616
5203,1964,30333
5203,1963,22904
5203,1962,31743
5203,1961,32690
5200,2016,579764
5203,1971,26798
5200,1987,183859
5200,1986,136937
5200,1985,136937
5200,1978,131800
5200,1977,118924
5200,1976,96892
5200,1975,78271
5200,1974,74284
5200,1973,54470
5200,1972,69149
5200,1971,62401
5200,1970,66102
5200,1969,73604
5200,1968,70334
5200,1967,75100
5200,1966,75059
5200,1965,79012
5200,1964,75684
5200,1963,66353
5200,1962,74372
5200,1961,54698
5105,2016,19633
5105,2015,1
5105,2014,1
5105,2013,121
5105,2012,34
5200,1979,129055
5105,2010,8
5200,1980,121447
5200,1982,135267
5200,1984,114029
5200,1983,123038
5200,1981,118889
5104,2005,143239
44,1996,0
41,1984,70000
41,1985,60000
51,1992,200
51,1988,45
51,1987,40
51,1986,110
51,1981,30
167,2007,1741
50,2010,0
44,1995,0
50,2008,0
41,1983,69000
44,1992,0
107,2002,0
47,2015,0
46,2016,3
46,2015,1
44,2006,0
44,1998,0
44,1997,0
98,2007,0
107,2005,0
108,2012,0
56,2014,0
101,2010,0
102,1990,3
102,1991,20
102,1992,80
103,1988,13
105,1999,0
105,2008,9
105,2009,206
105,2010,44
112,1994,0
112,1996,0
108,1998,436
108,1999,0
41,1982,65000
114,2007,89
114,2009,60
118,1992,0
113,2013,9500
121,1975,5000
121,1978,3000
121,1982,6200
101,1998,0
101,1995,0
101,1994,0
100,2013,16
59,1999,0
59,2012,68
60,1996,0
60,1997,0
60,2005,0
60,2008,0
178,2014,3
63,2008,0
66,2002,0
66,2006,0
116,2016,0
67,2008,0
73,2008,338
81,2002,1
81,2012,32
81,2013,118
89,2007,239
91,2012,0
95,2007,0
99,1992,0
99,1993,0
100,2012,20
73,2003,0
41,1981,61000
26,1992,0
41,1979,64000
57,2006,0
57,2008,0
23,1991,0
23,1993,0
23,1995,0
23,1996,0
23,2015,0
18,2010,0
80,1992,20
80,1993,36
80,1994,0
80,1995,0
80,1996,80
80,1997,55
80,1998,740
57,2000,100
80,1999,6
14,1998,0
14,1996,0
121,1983,5000
2,1963,59
2,1964,10
2,1965,18
2,2009,0
2,2014,2
5,2014,80
1,2010,0
11,1995,778
52,1996,0
52,1997,0
52,1998,280
52,1999,5
16,2016,96
14,1995,0
14,1997,0
80,2002,12
20,1993,0
20,1994,0
41,1964,16490
41,1965,28734
41,1966,36400
41,1967,34026
41,1968,49050
41,1969,51900
41,1970,52300
41,1971,55000
41,1972,60000
41,1973,56000
41,1974,60000
41,1975,58000
41,1976,57000
41,1977,55000
41,1978,57000
41,1963,1884
41,1962,454
41,1961,200
128,2009,0
20,1997,0
20,1998,0
21,1994,0
21,1995,0
21,1996,0
21,1997,0
21,2009,0
41,1980,53000
21,2013,0
27,1999,2
27,2000,5
37,2014,0
128,1995,0
128,1996,0
128,1997,0
128,1998,0
27,1992,400
121,1984,4000
2,1961,28
121,1986,2000
121,1985,3500
191,1997,0
191,2016,0
194,1999,10
195,1997,0
195,1998,0
195,1999,0
195,2005,0
195,2007,0
191,1995,3
186,1999,2000
196,2002,0
199,2004,120
199,2005,597
199,2006,707
199,2007,904
199,2008,729
199,2009,749
199,2010,339
198,1999,1700
196,1998,0
202,1984,48400
191,1994,3
191,1992,2
183,1965,4800
183,1966,2600
183,1967,3500
183,1968,3700
183,1969,3300
183,1970,2300
183,1971,3300
183,1972,3200
183,1973,4800
191,1993,3
183,1974,3100
183,1976,1000
183,1977,7100
183,1978,4800
189,1992,0
189,1995,5
189,1996,0
189,1998,0
191,1990,10
191,1991,25
183,1975,3800
202,1993,115000
38,1994,0
38,1995,0
215,2010,0
215,2013,0
235,1996,733
235,1997,779
235,1998,490
235,1999,294
235,2001,1200
235,2002,1400
236,1999,0
215,2007,0
236,2009,0
249,2006,0
249,2012,0
249,2013,0
248,1991,8400
251,2005,0
251,2010,0
181,2004,0
181,2012,0
181,2013,0
249,2002,124
215,2006,120
215,2002,124
215,2001,26
38,2008,0
276,2016,1241
207,2014,1
211,1961,11340
211,1962,11280
212,1997,5700
216,1992,0
216,1995,0
216,1998,0
216,2003,0
154,1998,15
220,1995,0
220,1997,0
220,1998,0
222,1993,0
226,1999,0
226,2008,0
230,2002,0
225,1990,900
215,1997,13
215,1998,14
183,1964,3400
183,1963,2800
191,1996,3
183,1961,1400
299,2001,50
162,2005,0
162,2001,42
162,1998,0
162,1994,0
137,1994,0
158,2002,0
149,2010,0
149,2002,9
149,1986,350
121,1996,3200
129,2003,0
28,2016,0
129,2012,0
121,1995,1300
131,1986,59
134,2004,0
134,2009,0
134,2013,0
136,2015,0
183,1962,2800
143,2009,0
143,1999,0
143,1996,0
143,1993,0
137,2009,0
137,2006,0
137,2003,0
137,1996,0
137,1995,0
131,1996,323
299,2002,50
137,1991,1
173,1994,529
121,1992,13650
168,2014,2
165,2005,0
170,2007,0
171,2010,0
173,1993,1090
174,2008,59200
121,1994,1400
179,2004,0
299,2003,30
121,1988,5900
121,1987,2000
146,1993,0
146,2010,110
146,1998,100
121,1989,5700
27,2016,204
105,2014,8
251,2016,0
225,2004,2307
225,2006,1308
2,2005,1
2,2004,4
225,2013,2739
225,2012,983
2,2015,23
225,2011,1909
2,2008,1
118,2002,0
2,2016,3071
114,2011,497
118,2003,0
237,2016,129
52,2016,1654
52,2015,722
237,2014,485
113,2009,3561
249,2015,38
114,2016,1
249,2016,945
114,2015,1199
235,2016,749
235,2014,460
251,2003,3
251,2004,7
235,2013,202
235,2012,1079
235,2011,950
235,2008,207
235,2007,1840
113,2014,3249
235,2006,4191
235,2005,1479
235,2003,1344
114,2014,230
114,2012,229
123,2016,8217
235,2015,17
208,2015,67
102,2015,1732
73,1999,30
186,2003,302
209,2006,3
61,2016,2044
194,2016,361
194,2008,605
191,2014,8
191,2012,0
191,2011,0
299,2008,0
299,2009,0
59,2016,72
197,2016,2781
59,2014,72
59,2010,4
59,2008,4
56,2015,25
166,2014,1
250,2016,326
166,2016,29
171,2006,51
171,2007,6
171,2008,26
107,2004,8
214,2007,141
214,2008,52
299,2010,0
37,2016,7476
73,2000,1900
81,2004,1
102,2009,348
220,2013,3
154,2007,6
208,2016,42
208,2014,7
212,2016,3445
212,2015,2631
212,2014,4158
212,2013,8440
212,2012,8529
212,2011,8268
212,2005,5774
159,2016,3687
212,2003,2885
95,2013,0
95,2011,1
95,2010,4
276,2014,1
147,2009,21
38,2006,6
175,2016,2372
90,2016,2570
201,2016,411
149,2006,4
149,2007,2
81,2006,0
147,2008,2142
38,2007,7
