geo,year,scl_breakfast_cereals_food_supply_quantity_tonnes
1,2010,352.2
1,2011,802.8
1,2012,2149
1,2013,1737.6
1,2014,881.02
1,2015,533.89
1,2016,638.52
1,2017,743.49
1,2018,501.35
1,2019,636.94
1,2020,504.3
1,2021,629.06
1,2022,515.32
10,2010,24646.64
10,2011,24979.4
10,2012,25337.76
10,2013,25671.49
10,2014,26059.58
10,2015,26783.74
10,2016,25696.17
10,2017,24398.08
10,2018,25791.26
10,2019,25417.63
10,2020,11466.16
10,2021,10183.37
10,2022,12990.77
100,2010,107615.7
100,2011,98165.93
100,2012,100632.08
100,2013,103410.38
100,2014,100044.47
100,2015,93825.69
100,2016,99384.27
100,2017,90323.82
100,2018,145469.71
100,2019,167983.72
100,2020,92457.33
100,2021,588088.32
100,2022,662248.86
101,2010,25869.19
101,2011,50011.85
101,2012,51397.85
101,2013,52744.44
101,2014,54036.44
101,2015,55292.42
101,2016,56580.34
101,2017,57846.81
101,2018,59237.29
101,2019,58045.64
101,2020,52122.61
101,2021,31174.43
101,2022,26180.2
102,2010,14601.96
102,2011,13896.5
102,2012,11763.28
102,2013,19064.48
102,2014,4058.22
102,2015,13552.06
102,2016,11146.23
102,2017,8015.43
102,2018,14606.71
102,2019,9236.96
102,2020,11615.86
102,2021,10180.87
102,2022,13565.54
103,2010,64590.29
103,2011,70000
103,2012,74000
103,2013,72932.51
103,2014,65626
103,2015,73423.53
103,2016,75274.97
103,2017,73107.37
103,2018,71458.47
103,2019,81573.36
103,2020,87845.02
103,2021,91779.51
103,2022,94066.94
104,2010,38268
104,2011,34757
104,2012,37593
104,2013,39724
104,2014,37176.15
104,2015,36644.61
104,2016,36838.3
104,2017,37062.37
104,2018,37481.24
104,2019,38298.08
104,2020,40386.64
104,2021,38807.77
104,2022,41941.97
105,2010,17884.16
105,2011,18050.28
105,2012,18332.08
105,2013,18476.65
105,2014,23024.63
105,2015,22800.24
105,2016,18620.71
105,2017,16030.63
105,2018,20577.09
105,2019,19020.1
105,2020,18211.26
105,2021,15954.23
105,2022,17367.83
106,2010,22781
106,2011,25965
106,2012,20894
106,2013,28521
106,2014,19794.26
106,2015,15080.26
106,2016,13072.36
106,2017,8928.22
106,2018,13727.97
106,2019,23807.55
106,2020,54417.15
106,2021,73132.27
106,2022,75950.63
107,2010,300.41
107,2011,295.97
107,2012,317.14
107,2013,338.25
107,2014,360.36
107,2015,383.24
107,2016,406.73
107,2017,429.3
107,2018,452.51
107,2019,543.78
107,2020,763.48
107,2021,1110.12
107,2022,1056.53
108,2010,4227.89
108,2011,4550.21
108,2012,4578.9
108,2013,4825.6
108,2014,4634.54
108,2015,4712.33
108,2016,4789
108,2017,4824.15
108,2018,4863.87
108,2019,5465.03
108,2020,6788.66
108,2021,8815.65
108,2022,7152.37
109,2010,5164.08
109,2011,4842.94
109,2012,5221.88
109,2013,5251.01
109,2014,4991.82
109,2015,4953.64
109,2016,6006.92
109,2017,7149.19
109,2018,7356.61
109,2019,8115.55
109,2020,6485.44
109,2021,4510.2
109,2022,4323.09
11,2010,14618.22
11,2011,14761.03
11,2012,14851.12
11,2013,14930.22
11,2014,15024.25
11,2015,15141.69
11,2016,15282.21
11,2017,15462.51
11,2018,15633.58
11,2019,15537.54
11,2020,16441.28
11,2021,17441.77
11,2022,11968.91
110,2010,6948.52
110,2011,6985.08
110,2012,8310.57
110,2013,7075.33
110,2014,8004.73
110,2015,7983.36
110,2016,4658.1
110,2017,6939.83
110,2018,1004.84
110,2019,795.82
110,2020,471.22
110,2021,1013.36
110,2022,18.14
112,2010,9901.53
112,2011,10477.88
112,2012,7578
112,2013,11708.31
112,2014,12217.75
112,2015,13089.74
112,2016,13013.74
112,2017,13182.53
112,2018,11986.75
112,2019,11988.43
112,2020,12902.48
112,2021,10666.55
112,2022,10093.64
113,2010,514
113,2011,520.92
113,2012,546.84
113,2013,537.56
113,2014,547.06
113,2015,556.75
113,2016,566.48
113,2017,575.77
113,2018,585.49
113,2019,1524.44
113,2020,3090.8
113,2021,4179.98
113,2022,9081.53
114,2010,10164.29
114,2011,10719.53
114,2012,11168.87
114,2013,11739.31
114,2014,12317.31
114,2015,12937.66
114,2016,13600.7
114,2017,17866.06
114,2018,17051.75
114,2019,18808.36
114,2020,1843.41
114,2021,1521.53
114,2022,1414.45
115,2010,148.96
115,2011,151.34
115,2012,153.83
115,2013,184.58
115,2014,429.15
115,2015,262.91
115,2016,197.51
115,2017,728.56
115,2018,1018.98
115,2019,360.27
115,2020,459.7
115,2021,679.23
115,2022,379.22
116,2014,1302.25
116,2015,1115.7
116,2016,380.16
116,2017,503.54
116,2018,824.02
117,2010,26828.7
117,2011,22920
117,2012,26417.12
117,2013,24425.92
117,2014,24031.64
117,2015,22488.92
117,2016,21978.02
117,2017,20946.65
117,2018,18816.77
117,2019,17751.5
117,2020,12238.14
117,2021,7211.09
117,2022,1689.38
118,2010,4467.95
118,2011,4764.58
118,2012,5045.25
118,2013,5270.97
118,2014,5480.19
118,2015,5671.84
118,2016,5843.16
118,2017,5915.29
118,2018,5604.54
118,2019,5406.88
118,2020,9131
118,2021,5438.67
118,2022,6576.11
119,2010,4773
119,2011,4153
119,2012,4271
119,2013,3875
119,2014,3590.24
119,2015,2921.1
119,2016,2913.1
119,2017,2337.98
119,2018,2061.27
119,2019,2417.97
119,2020,2751.1
119,2021,2852.53
119,2022,4074.94
12,2010,1741.16
12,2011,1896.39
12,2012,1944
12,2013,2823.16
12,2014,2174.66
12,2015,2193.19
12,2016,1518.82
12,2017,1514.19
12,2018,1518.78
12,2019,1410.02
12,2020,1553.1
12,2021,1474.85
12,2022,1833.49
120,2010,1549.02
120,2011,2077.33
120,2012,1805.75
120,2013,1698.59
120,2014,2122.57
120,2015,1710.84
120,2016,3508.73
120,2017,2297.87
120,2018,2700.38
120,2019,548.95
120,2020,1760.25
120,2021,1422.15
120,2022,2807
121,2010,2523
121,2011,4106.14
121,2012,6142.05
121,2013,7206.3
121,2014,9600
121,2015,9600
121,2016,9600
121,2017,5998.17
121,2018,9000
121,2019,8000
121,2020,15177.04
121,2021,14884.79
121,2022,10530.72
122,2010,0
122,2011,0
122,2012,0
122,2013,6890.99
122,2014,7969.54
122,2015,8860.81
122,2016,8164.28
122,2017,15995.91
122,2018,9929.76
122,2019,10004.24
122,2020,11008.36
122,2021,9132.15
122,2022,10173.95
123,2010,11734
123,2011,10739
123,2012,6383.53
123,2013,3472.47
123,2014,3153.21
123,2015,3845.98
123,2016,5519.56
123,2017,4475
123,2018,4019.99
123,2019,345.37
123,2020,572
123,2021,927.18
123,2022,621.78
124,2010,1871.39
124,2011,2189.65
124,2012,2284.35
124,2013,3062.4
124,2014,1826.66
124,2015,2294.86
124,2016,4358.9
124,2017,2183.41
124,2018,3308.57
124,2019,7422.87
124,2020,5123.43
124,2021,6792.48
124,2022,9638.92
126,2010,1155
126,2011,1209
126,2012,1074
126,2013,1567
126,2014,1218.18
126,2015,1190.1
126,2016,1159.96
126,2017,1123.75
126,2018,1089.65
126,2019,1076.44
126,2020,1091.43
126,2021,1037.61
126,2022,738.21
127,2019,25.5
127,2020,61.1
127,2021,106.64
127,2022,128.9
128,2010,1305
128,2011,1466
128,2012,1448.79
128,2013,1184.21
128,2014,1217.07
128,2015,1279.39
128,2016,1307.47
128,2017,1319.16
128,2018,1358.73
128,2019,1527.19
128,2020,1761.4
128,2021,1785.1
128,2022,1877.82
129,2010,186
129,2011,193
129,2012,330
129,2013,591
129,2014,508.03
129,2015,378.46
129,2016,396.02
129,2017,377.65
129,2018,399.64
129,2019,377.35
129,2020,319.79
129,2021,336.4
129,2022,348.64
13,2019,846.34
13,2020,359.52
13,2021,0
13,2022,0
130,2010,1258
130,2011,768.77
130,2012,615.83
130,2013,658.61
130,2014,610.82
130,2015,803.77
130,2016,765.73
130,2017,702.1
130,2018,898.44
130,2019,614.83
130,2020,1384.11
130,2021,736.85
130,2022,51.45
131,2010,27100.36
131,2011,28370.26
131,2012,25586.57
131,2013,26224.23
131,2014,6013.41
131,2015,5421
131,2016,5966.75
131,2017,5000
131,2018,6190
131,2019,7710
131,2020,10267.29
131,2021,9570.19
131,2022,9191.63
132,2010,265.58
132,2011,277.54
132,2012,289.22
132,2013,302.61
132,2014,329.91
132,2015,369.86
132,2016,621.6
132,2017,477.76
132,2018,389.33
132,2019,460.01
132,2020,721.09
132,2021,723.97
132,2022,828.6
133,2010,58
133,2011,880
133,2012,395
133,2013,415.3
133,2014,586.25
133,2015,555.01
133,2016,280.45
133,2017,320.58
133,2018,231.27
133,2019,339.95
133,2020,200.88
133,2021,236.63
133,2022,159.3
134,2010,1898.3
134,2011,1913.06
134,2012,1928.71
134,2013,1941.7
134,2014,1955.41
134,2015,2235.72
134,2016,2460.65
134,2017,2622.51
134,2018,2128.41
134,2019,1839.56
134,2020,2112.99
134,2021,2092.89
134,2022,2284.49
136,2010,242
136,2011,835
136,2012,1419
136,2013,1160
136,2014,947.34
136,2015,1234.8
136,2016,684.06
136,2017,332.81
136,2018,1210.23
136,2019,557.53
136,2020,920.63
136,2021,896.94
136,2022,1493.17
137,2010,1616.64
137,2011,1626.89
137,2012,1635.4
137,2013,1643.21
137,2014,1651.52
137,2015,1659.56
137,2016,1668.44
137,2017,1677.83
137,2018,1687.08
137,2019,1729.9
137,2020,2174.34
137,2021,1880.42
137,2022,2109.03
138,2010,2456.87
138,2011,2449.71
138,2012,9226.43
138,2013,11049.81
138,2014,0
138,2015,0
138,2016,0
138,2017,0
138,2018,0
138,2019,4734.21
138,2020,5668.15
138,2021,1471.29
138,2022,3055.59
14,2010,1301.98
14,2011,1535.79
14,2012,1539.7
14,2013,1542.69
14,2014,1405
14,2015,1421.01
14,2016,1521.07
14,2017,1476.62
14,2018,1481.27
14,2019,1500.39
14,2020,1486.48
14,2021,1560.63
14,2022,1242.67
141,2010,251.54
141,2011,863
141,2012,621
141,2013,457.6
141,2014,387.57
141,2015,284.45
141,2016,264.27
141,2017,422.28
141,2018,549.23
141,2019,589.32
141,2020,594.81
141,2021,2010.47
141,2022,1193.74
143,2010,3943.98
143,2011,3978.1
143,2012,4030.37
143,2013,4073.75
143,2014,4118.74
143,2015,4161.34
143,2016,4208.59
143,2017,4244.86
143,2018,4317.89
143,2019,5859.86
143,2020,5557.03
143,2021,5369.98
143,2022,5043.35
144,2010,1178.75
144,2011,1263.75
144,2012,2547.35
144,2013,1454.05
144,2014,1436.62
144,2015,1943.05
144,2016,1343.84
144,2017,1453.41
144,2018,2036.36
144,2019,1339.13
144,2020,2091.34
144,2021,2553.76
144,2022,3242
145,2019,474.4
145,2020,342.96
145,2021,12.04
145,2022,35.09
146,2010,9587.48
146,2011,9710.73
146,2012,8524.36
146,2013,9088.07
146,2014,7644.17
146,2015,7657.98
146,2016,7775.29
146,2017,7797.53
146,2018,8076.14
146,2019,8223.82
146,2020,8199.85
146,2021,9156.84
146,2022,9283.97
147,2010,4500
147,2011,4700
147,2012,5481.6
147,2013,5622
147,2014,5000
147,2015,5500
147,2016,6500
147,2017,6500
147,2018,13043
147,2019,13100
147,2020,9770.47
147,2021,11909.35
147,2022,12180.36
148,2019,37.2
148,2020,41.47
148,2021,33.46
148,2022,33.52
149,2010,8787.5
149,2011,9467.25
149,2012,9893.6
149,2013,9082.4
149,2014,10238.83
149,2015,10053.52
149,2016,10562.21
149,2017,12085.96
149,2018,11985.27
149,2019,12017.53
149,2020,12402.73
149,2021,13115.44
149,2022,12918.23
150,2010,4828
150,2011,4382
150,2012,4189
150,2013,7328
150,2014,5318.37
150,2015,5291.52
150,2016,5264.41
150,2017,64344.68
150,2018,68802.39
150,2019,64805.11
150,2020,55288.93
150,2021,42438.11
150,2022,25096.36
153,2010,539.72
153,2011,545.62
153,2012,553.17
153,2013,560.53
153,2014,580.25
153,2015,586.07
153,2016,551.18
153,2017,597.19
153,2018,602.49
153,2019,660.93
153,2020,601.3
153,2021,634.83
153,2022,390.36
154,2010,445
154,2011,868
154,2012,509
154,2013,850
154,2014,752.35
154,2015,758.9
154,2016,763.62
154,2017,764.36
154,2018,768.62
154,2019,1039.99
154,2020,507.94
154,2021,424.78
154,2022,311.74
155,2010,437.15
155,2011,537.92
155,2012,396.08
155,2013,395.56
155,2014,300
155,2015,244.74
155,2016,224.77
155,2017,263.94
155,2018,364.62
155,2019,400
155,2020,305.17
155,2021,225.39
155,2022,317.82
156,2010,9035.29
156,2011,9107.28
156,2012,8253
156,2013,8139
156,2014,9307.32
156,2015,9355.99
156,2016,9500.19
156,2017,8379.36
156,2018,8621.33
156,2019,10093.31
156,2020,13339.2
156,2021,12904.57
156,2022,11620.17
157,2010,5967.35
157,2011,6254
157,2012,6561.97
157,2013,6813.72
157,2014,7067.52
157,2015,7334.5
157,2016,7603.59
157,2017,7890.59
157,2018,7694.35
157,2019,7159.86
157,2020,7882.84
157,2021,8254.8
157,2022,8653.82
158,2010,6830.56
158,2011,2129.44
158,2012,8144
158,2013,5472
158,2014,4652.91
158,2015,3155.63
158,2016,1114.54
158,2017,1429
158,2018,823
158,2019,2218
158,2020,916.36
158,2021,1284.34
158,2022,2789.46
159,2010,3955.77
159,2011,4090.28
159,2012,4221.61
159,2013,4371.86
159,2014,4620.29
159,2015,4742.58
159,2016,4620.08
159,2017,4630.99
159,2018,4715.32
159,2019,5131.12
159,2020,20000
159,2021,20393.08
159,2022,21770.45
16,2010,4944.09
16,2011,4777.66
16,2012,5148.36
16,2013,4958.59
16,2014,0
16,2015,584.78
16,2016,435.85
16,2017,4343.67
16,2018,965.82
16,2019,639.73
16,2020,651.58
16,2021,38719.01
16,2022,35030.7
162,2010,12645.31
162,2011,12814.7
162,2012,12948.17
162,2013,13124.87
162,2014,13266.76
162,2015,13392.93
162,2016,13521.67
162,2017,13605.18
162,2018,13699.78
162,2019,14396.7
162,2020,15672.11
162,2021,19628.92
162,2022,20578.18
165,2010,17257
165,2011,17825.12
165,2012,17890.46
165,2013,14277.94
165,2014,14660.57
165,2015,39822
165,2016,22529.25
165,2017,11414.2
165,2018,14556.09
165,2019,24239.16
165,2020,26391.29
165,2021,25999.38
165,2022,7008.27
166,2010,4581.48
166,2011,4918.51
166,2012,4523.8
166,2013,4646.15
166,2014,4769.52
166,2015,4888.99
166,2016,5003.38
166,2017,5124.95
166,2018,5233.24
166,2019,10070.56
166,2020,11689.37
166,2021,13258.38
166,2022,10660.6
167,2010,5248
167,2011,5310
167,2012,5577
167,2013,5574
167,2014,120.23
167,2015,636.18
167,2016,0
167,2017,0
167,2018,0
167,2019,0
167,2020,0
167,2021,0
167,2022,0
168,2010,329.47
168,2011,339.19
168,2012,350.2
168,2013,402.4
168,2014,536.76
168,2015,355.65
168,2016,503.26
168,2017,440.91
168,2018,477.32
168,2019,680.73
168,2020,523.35
168,2021,548.44
168,2022,750.21
169,2010,1350
169,2011,1493
169,2012,1837
169,2013,2068
169,2014,2422.77
169,2015,2494.65
169,2016,2231.19
169,2017,2310.1
169,2018,2498.46
169,2019,2374.09
169,2020,2798.19
169,2021,2796.8
169,2022,2944.78
170,2010,27451.91
170,2011,27979.99
170,2012,28510.61
170,2013,29052.25
170,2014,29405.57
170,2015,29892.12
170,2016,30478.6
170,2017,31043.88
170,2018,31690.98
170,2019,24521.23
170,2020,26622.75
170,2021,21296.73
170,2022,21201.78
171,2010,5941.07
171,2011,8389.08
171,2012,8230.45
171,2013,6403.9
171,2014,2278.47
171,2015,10259.12
171,2016,14985.19
171,2017,28623.69
171,2018,26974.74
171,2019,33825.21
171,2020,32336.78
171,2021,40914.13
171,2022,40904.35
173,2010,787
173,2011,558
173,2012,681
173,2013,323
173,2014,0
173,2015,0
173,2016,0
173,2017,0
173,2018,494.74
173,2019,845.66
173,2020,0
173,2021,660.57
173,2022,3417.87
174,2010,17040
174,2011,14855
174,2012,14784.16
174,2013,14727.84
174,2014,15667.51
174,2015,15521.24
174,2016,12231.39
174,2017,7571.67
174,2018,11647.08
174,2019,6839.45
174,2020,6077.81
174,2021,5069.44
174,2022,4034.22
175,2014,1354.73
175,2015,532.5
175,2016,812.19
175,2017,85.46
175,2018,40.86
175,2019,44.29
175,2020,117.84
175,2021,179.01
175,2022,254.45
176,2010,0
176,2011,0
176,2012,0
176,2013,0
176,2014,544.59
176,2015,542.31
176,2016,548.47
176,2017,579.72
176,2018,336.06
176,2019,373.94
176,2020,615.51
176,2021,859.39
176,2022,837.85
179,2019,3930.66
179,2020,4036.1
179,2021,3704.02
179,2022,4033.28
18,2019,902
18,2020,966.41
18,2021,1279.88
18,2022,1800.08
181,2010,11107.24
181,2011,27898.51
181,2012,8645.8
181,2013,5851.46
181,2014,7821.66
181,2015,3978.75
181,2016,2902.99
181,2017,1632.29
181,2018,1175.46
181,2019,0.89
181,2020,0
181,2021,598.07
181,2022,755.72
183,2010,11169.83
183,2011,11077.12
183,2012,11004.65
183,2013,10910.15
183,2014,10826.26
183,2015,10718.87
183,2016,10592.5
183,2017,10437.61
183,2018,10299.35
183,2019,14414.09
183,2020,13954.52
183,2021,12722.98
183,2022,9169.91
184,2010,65
184,2011,57.18
184,2012,58.64
184,2013,61.78
184,2014,125.25
184,2015,259.89
184,2016,357.58
184,2017,442.99
184,2018,250.86
184,2019,106.58
184,2020,0
184,2021,9.77
184,2022,108.66
185,2010,9420
185,2011,10112
185,2012,7514
185,2013,8955
185,2014,8860.7
185,2015,8174.36
185,2016,2907.01
185,2017,4256.07
185,2018,4795.51
185,2019,4698.43
185,2020,185.27
185,2021,382.35
185,2022,29.4
188,2010,95.18
188,2011,96.31
188,2012,96.88
188,2013,98.78
188,2014,64.31
188,2015,85.02
188,2016,42.58
188,2017,130.4
188,2018,215.77
188,2019,254.38
188,2020,244.19
188,2021,233.57
188,2022,216.58
189,2010,389.46
189,2011,186.29
189,2012,395.91
189,2013,398.22
189,2014,400
189,2015,400
189,2016,450
189,2017,450
189,2018,450
189,2019,471.65
189,2020,942.2
189,2021,519.96
189,2022,527.25
19,2010,2355
19,2011,2961
19,2012,2837
19,2013,3562
19,2014,5428.21
19,2015,5583.99
19,2016,3672.33
19,2017,5389.8
19,2018,5324.56
19,2019,6297.91
19,2020,6461.07
19,2021,5061.73
19,2022,4778.89
191,2010,110.37
191,2011,206.31
191,2012,205.46
191,2013,221.59
191,2014,201.79
191,2015,202.85
191,2016,273.52
191,2017,279.97
191,2018,306.47
191,2019,336.17
191,2020,347.71
191,2021,439.05
191,2022,324
193,2010,10.03
193,2011,17.45
193,2012,18.64
193,2013,27.34
193,2014,19.53
193,2015,19.94
193,2016,20.28
193,2017,20.7
193,2018,21.11
193,2019,166.89
193,2020,140.78
193,2021,195.25
193,2022,210.41
194,2010,16206
194,2011,20199
194,2012,23195
194,2013,22520
194,2014,25218.31
194,2015,29804
194,2016,27608
194,2017,27820.72
194,2018,29441.28
194,2019,29003.77
194,2020,36364.58
194,2021,42803.76
194,2022,41118.89
195,2010,644.39
195,2011,661.12
195,2012,255
195,2013,1359.2
195,2014,723.81
195,2015,749.93
195,2016,776.66
195,2017,804.47
195,2018,869.72
195,2019,878.08
195,2020,2357.72
195,2021,2992.43
195,2022,2116.68
196,2010,209.5
196,2011,212.9
196,2012,215.81
196,2013,219.89
196,2014,188.76
196,2015,338.89
196,2016,459.63
196,2017,434.12
196,2018,387.46
196,2019,436.84
196,2020,442.79
196,2021,506.62
196,2022,507.91
197,2010,8148
197,2011,5328
197,2012,5700.77
197,2013,5324.63
197,2014,5901.76
197,2015,5134.81
197,2016,4998.47
197,2017,5000
197,2018,5000
197,2019,5000
197,2020,5000
197,2021,812.61
197,2022,1272.71
198,2010,3757.58
198,2011,4149
198,2012,3997.88
198,2013,4259.78
198,2014,4149.65
198,2015,3862.59
198,2016,4142.61
198,2017,4128.13
198,2018,4113.43
198,2019,4573.6
198,2020,5160.26
198,2021,5334.39
198,2022,5453.12
199,2010,12404
199,2011,12056
199,2012,12586
199,2013,11810
199,2014,9804.31
199,2015,9781.46
199,2016,6919.56
199,2017,6279.34
199,2018,7411.63
199,2019,8778.81
199,2020,9563.54
199,2021,10142.17
199,2022,9712.92
2,2014,3687.73
2,2015,244.55
2,2016,2454.19
2,2017,6960.38
2,2018,2326.87
2,2019,116.65
2,2020,533.73
2,2021,140.94
2,2022,43.24
20,2010,5898.98
20,2011,6153.19
20,2012,7091.33
20,2013,7244.08
20,2014,8466.81
20,2015,9048.52
20,2016,10210.03
20,2017,9289.62
20,2018,9489.28
20,2019,8440.07
20,2020,8406.48
20,2021,9794.24
20,2022,9998.19
201,2010,0
201,2011,0
201,2012,21
201,2013,1157.6
201,2014,612.97
201,2015,468.23
201,2016,1800.04
201,2017,16791.52
201,2018,10715.67
201,2019,5075.87
201,2020,1859
201,2021,1928.62
201,2022,3375.94
202,2010,41055.95
202,2011,50821.54
202,2012,49799.17
202,2013,53192.9
202,2014,1956.32
202,2015,3179.17
202,2016,145.37
202,2017,397.65
202,2018,7082.71
202,2019,1822.18
202,2020,13636.91
202,2021,5354.57
202,2022,9052.37
203,2010,5208.32
203,2011,6805.72
203,2012,5158.84
203,2013,3304.83
203,2014,5054.93
203,2015,8679.32
203,2016,4935.55
203,2017,4897.62
203,2018,2837.44
203,2019,899
203,2020,57.59
203,2021,9501.86
203,2022,4225.17
207,2010,948.13
207,2011,972.22
207,2012,987.79
207,2013,1004.18
207,2014,1015.54
207,2015,1014.96
207,2016,1006.01
207,2017,1010.84
207,2018,1026.75
207,2019,1045.43
207,2020,1023.93
207,2021,984.11
207,2022,1091.09
208,2010,244
208,2011,331
208,2012,512
208,2013,224
208,2014,241.68
208,2015,168.04
208,2016,217.03
208,2017,195.1
208,2018,81.81
208,2019,129.36
208,2020,237.18
208,2021,401.17
208,2022,332.39
209,2010,4217.51
209,2011,4251.64
209,2012,4300.96
209,2013,4905.6
209,2014,4330.88
209,2015,4380.72
209,2016,4640.68
209,2017,5463.49
209,2018,5920.96
209,2019,6052.04
209,2020,6731.74
209,2021,7391.28
209,2022,7451.54
21,2010,50.99
21,2011,262.13
21,2012,462.38
21,2013,555.08
21,2014,53.34
21,2015,0
21,2016,0
21,2017,0
21,2018,54.64
21,2019,463.47
21,2020,207.68
21,2021,225.33
21,2022,177.54
210,2010,25570
210,2011,27389
210,2012,26732
210,2013,24810
210,2014,26602.85
210,2015,26610.04
210,2016,26670.34
210,2017,26790.27
210,2018,26814.3
210,2019,25866.05
210,2020,33395.56
210,2021,31264.06
210,2022,32356.14
211,2010,8347
211,2011,6955
211,2012,6561
211,2013,4903
211,2014,6246.25
211,2015,6312.34
211,2016,5365.44
211,2017,4322.51
211,2018,4827.64
211,2019,6083.84
211,2020,8043.19
211,2021,7213.58
211,2022,6938.01
212,2010,3208.43
212,2011,29575.96
212,2012,23876.35
212,2013,87153.01
212,2014,72088.13
212,2015,63842.52
212,2016,102947.54
212,2017,65891.79
212,2018,80844.03
212,2019,91300.42
212,2020,72116.87
212,2021,55154.77
212,2022,49383.14
213,2014,1290.69
213,2015,1324.59
213,2016,1029.22
213,2017,607.3
213,2018,232.13
213,2019,95.6
213,2020,147.24
213,2021,254.45
213,2022,186.41
214,2010,23781.63
214,2011,23784.55
214,2012,23824.03
214,2013,23856.36
214,2014,25054.87
214,2015,25113.63
214,2016,21523.55
214,2017,21490.73
214,2018,21976.08
214,2019,23079.35
214,2020,21510.97
214,2021,22068.38
214,2022,25928.95
215,2010,440.47
215,2011,475.44
215,2012,499.85
215,2013,565.6
215,2014,572.6
215,2015,612.38
215,2016,655.04
215,2017,699.49
215,2018,737.58
215,2019,1375.93
215,2020,675.61
215,2021,748.58
215,2022,2236.48
216,2010,5862.68
216,2011,2197.88
216,2012,8164.08
216,2013,2831.51
216,2014,6264.02
216,2015,13701.36
216,2016,11934.98
216,2017,646.86
216,2018,1419.22
216,2019,2941.48
216,2020,3962.8
216,2021,10964.65
216,2022,3588.2
217,2010,95
217,2011,295.47
217,2012,305.72
217,2013,544.8
217,2014,333.26
217,2015,343.94
217,2016,333.61
217,2017,168.89
217,2018,258.12
217,2019,297.09
217,2020,641.76
217,2021,657.65
217,2022,1029.19
219,2019,358.79
219,2020,436.81
219,2021,372.4
219,2022,494.52
220,2010,9759.16
220,2011,12412.13
220,2012,11497.76
220,2013,12099.07
220,2014,11634.51
220,2015,12124.7
220,2016,10242.44
220,2017,10608.49
220,2018,10641.54
220,2019,11661.49
220,2020,9175.89
220,2021,9449.09
220,2022,8944.62
221,2010,1696
221,2011,1684.49
221,2012,1508.04
221,2013,1627.87
221,2014,1988.32
221,2015,1515.87
221,2016,2055.44
221,2017,1603.18
221,2018,2175.66
221,2019,2979.66
221,2020,5125.68
221,2021,2580.14
221,2022,3425.63
222,2010,681.27
222,2011,517.08
222,2012,694.83
222,2013,700.69
222,2014,577.79
222,2015,583.86
222,2016,980.95
222,2017,1226.35
222,2018,917.59
222,2019,968.88
222,2020,666.27
222,2021,1176.16
222,2022,1210.97
223,2010,310
223,2011,49241.39
223,2012,42815.81
223,2013,29642.54
223,2014,0
223,2015,0
223,2016,0.58
223,2017,0.19
223,2018,0.35
223,2019,0
223,2020,7858.71
223,2021,50358.48
223,2022,554.84
225,2010,10089.75
225,2011,11015.36
225,2012,12171.36
225,2013,9579.88
225,2014,8977
225,2015,8994
225,2016,36527.42
225,2017,10099
225,2018,14960.76
225,2019,15252.82
225,2020,22956.98
225,2021,17181.18
225,2022,16306.48
226,2010,585.03
226,2011,464.48
226,2012,479.49
226,2013,567.2
226,2014,530.65
226,2015,560.63
226,2016,909.01
226,2017,885.2
226,2018,785.92
226,2019,893.25
226,2020,296.64
226,2021,993.92
226,2022,738.68
227,2019,45.48
227,2020,50.08
227,2021,68.49
227,2022,71.19
229,2010,24714
229,2011,33762
229,2012,38741
229,2013,29506
229,2014,34227.19
229,2015,34343.08
229,2016,34494.73
229,2017,40845.47
229,2018,34751.7
229,2019,36699.3
229,2020,35581.82
229,2021,16922.63
229,2022,43767.32
23,2010,883.48
23,2011,899.96
23,2012,907.42
23,2013,935.45
23,2014,768.59
23,2015,886.63
23,2016,1661.18
23,2017,1511
23,2018,1385.59
23,2019,1353.22
23,2020,1936.28
23,2021,1585
23,2022,1602.5
230,2010,2123.71
230,2011,3146.71
230,2012,7819.31
230,2013,9117.79
230,2014,6821.39
230,2015,7007.21
230,2016,6918.35
230,2017,6824.66
230,2018,6715.1
230,2019,8248.83
230,2020,14367
230,2021,12276.31
230,2022,13234.87
231,2010,244
231,2011,51
231,2012,71
231,2013,69
231,2014,64.08
231,2015,11240.08
231,2016,4310.11
231,2017,11385.28
231,2018,64.45
231,2019,123544.63
231,2020,146717.08
231,2021,168715.65
231,2022,179115.44
233,2010,699.58
233,2011,1676.42
233,2012,3509
233,2013,2750.4
233,2014,1147.35
233,2015,2678.16
233,2016,2264.33
233,2017,673.78
233,2018,2699.22
233,2019,2562.45
233,2020,7603.04
233,2021,7182.87
233,2022,8492.45
234,2010,3042.38
234,2011,3073.01
234,2012,3096.93
234,2013,3126.34
234,2014,2856.79
234,2015,3051.03
234,2016,3574.79
234,2017,3320.71
234,2018,2328.19
234,2019,2751.36
234,2020,2544.68
234,2021,2565.49
234,2022,2449.97
235,2010,1286.91
235,2011,2898.92
235,2012,1883.24
235,2013,1388.66
235,2014,287.31
235,2015,531.04
235,2016,1013.41
235,2017,275.17
235,2018,109.71
235,2019,515.02
235,2020,45.09
235,2021,1045.51
235,2022,0
236,2010,4199
236,2011,2600
236,2012,2981
236,2013,4046
236,2014,842.04
236,2015,349.08
236,2016,315.19
236,2017,1343.98
236,2018,168.14
236,2019,746.72
236,2020,460.67
236,2021,727.95
236,2022,1699.32
237,2010,23617.16
237,2011,23116.42
237,2012,27382.47
237,2013,25260.31
237,2014,35692.06
237,2015,53793.62
237,2016,83100.68
237,2017,107820.54
237,2018,71615.24
237,2019,110085.69
237,2020,120974.65
237,2021,89822.06
237,2022,89313.33
238,2010,1671.6
238,2011,28
238,2012,110
238,2013,308
238,2014,3766.16
238,2015,965.5
238,2016,3055.37
238,2017,5348.12
238,2018,15816.52
238,2019,4214.97
238,2020,18202.77
238,2021,23386.18
238,2022,9098.02
244,2010,245.57
244,2011,232.27
244,2012,230.66
244,2013,232.28
244,2014,229.61
244,2015,244.37
244,2016,322.81
244,2017,257.67
244,2018,417.61
244,2019,319.06
244,2020,709.35
244,2021,240.37
244,2022,653.75
249,2010,2274.1
249,2011,1830.18
249,2012,1872.42
249,2013,1936.5
249,2014,1646.16
249,2015,693.13
249,2016,13790.89
249,2017,14349.57
249,2018,146.39
249,2019,458.4
249,2020,1155.99
249,2021,1245.08
249,2022,603.2
25,2010,490.07
25,2011,462.92
25,2012,505.77
25,2013,229.35
25,2014,203.63
25,2015,313.31
25,2016,152.9
25,2017,371.67
25,2018,558.93
25,2019,80.24
25,2020,43.83
25,2021,68.08
25,2022,47.91
250,2010,1259
250,2011,2210
250,2012,2210
250,2013,1768
250,2014,1630.54
250,2015,1959.44
250,2016,830
250,2017,2322.73
250,2018,3036.25
250,2019,2185.98
250,2020,1304.88
250,2021,2011.99
250,2022,3017.1
251,2010,422.74
251,2011,28
251,2012,584.26
251,2013,1209.6
251,2014,635.21
251,2015,654.15
251,2016,676.66
251,2017,1564.15
251,2018,723.62
251,2019,642.56
251,2020,91.55
251,2021,348.4
251,2022,477.02
255,2010,3892
255,2011,4524
255,2012,3873
255,2013,1953
255,2014,3488.92
255,2015,3501.27
255,2016,577.32
255,2017,779.6
255,2018,1564.1
255,2019,3966.66
255,2020,17305.96
255,2021,24486.91
255,2022,19385.12
256,2010,1490
256,2011,1495
256,2012,1434
256,2013,1416
256,2014,1491.38
256,2015,1521.34
256,2016,1551.01
256,2017,1587.85
256,2018,1603.3
256,2019,2424.65
256,2020,2694.49
256,2021,2688.63
256,2022,2331.84
27,2010,4817.29
27,2011,2335.51
27,2012,1291.68
27,2013,383.26
27,2014,730.85
27,2015,736.46
27,2016,728.34
27,2017,720.16
27,2018,712.38
27,2019,54.28
27,2020,2036.88
27,2021,2395.86
27,2022,3218.38
272,2010,3200.14
272,2011,3743.14
272,2012,3514
272,2013,4888.29
272,2014,3933.72
272,2015,3506.48
272,2016,1451.77
272,2017,2768.72
272,2018,2815.14
272,2019,3034.24
272,2020,4530.99
272,2021,4847.2
272,2022,6597.17
273,2010,1035.41
273,2011,1030.84
273,2012,1037.87
273,2013,1031.51
273,2014,1028.2
273,2015,1021.96
273,2016,1016.62
273,2017,1007.82
273,2018,998.3
273,2019,1013.17
273,2020,1034.97
273,2021,1210.6
273,2022,1326.62
276,2012,217
276,2013,607.6
276,2014,2299.09
276,2015,2411.07
276,2016,2483.37
276,2017,2562.76
276,2018,3166.36
276,2019,2008.55
276,2020,576
276,2021,1213.39
276,2022,1982.76
277,2019,0
277,2020,0
277,2021,384.5
277,2022,3248.66
28,2010,3584
28,2011,4323
28,2012,4242
28,2013,2480
28,2014,741.27
28,2015,745.97
28,2016,237.66
28,2017,2295.49
28,2018,6477.07
28,2019,6941.26
28,2020,1594.27
28,2021,1528.13
28,2022,2106.56
29,2010,28
29,2011,216
29,2012,235
29,2013,23
29,2014,53.47
29,2015,12.85
29,2016,40.16
29,2017,73.1
29,2018,130.96
29,2019,9.08
29,2020,33.94
29,2021,67.32
29,2022,118.7
3,2010,1036
3,2011,873
3,2012,960
3,2013,764
3,2014,666.1
3,2015,835.49
3,2016,495.24
3,2017,757.74
3,2018,717.06
3,2019,1307.37
3,2020,1242.78
3,2021,1011.96
3,2022,2112.13
32,2010,460.31
32,2011,505.89
32,2012,520.8
32,2013,1801.6
32,2014,706.99
32,2015,584.05
32,2016,417.66
32,2017,548.19
32,2018,967.27
32,2019,3201.34
32,2020,1106.63
32,2021,551.93
32,2022,292.46
33,2010,41132.68
33,2011,37462.91
33,2012,25201.26
33,2013,25542.3
33,2014,12007.46
33,2015,33035.5
33,2016,33393.69
33,2017,76602.87
33,2018,150546.34
33,2019,131759.73
33,2020,170400.78
33,2021,125068.54
33,2022,82732.02
35,2010,229.8
35,2011,175.55
35,2012,148.54
35,2013,150.53
35,2014,96.48
35,2015,178.46
35,2016,241.55
35,2017,150.47
35,2018,132.27
35,2019,122.65
35,2020,128.7
35,2021,153.94
35,2022,191.87
351,2010,775251.09
351,2011,767047.6
351,2012,786446.87
351,2013,786599.46
351,2014,1094460.99
351,2015,1197497.93
351,2016,994033.56
351,2017,1092349.67
351,2018,1047230.44
351,2019,1043292.7
351,2020,1073767.88
351,2021,1209306.08
351,2022,1065967.75
37,2010,0
37,2011,50
37,2012,12
37,2013,0
37,2014,0
37,2015,55.98
37,2016,0
37,2017,15.91
37,2018,53.72
37,2019,471.78
37,2020,55.12
37,2021,0
37,2022,36.89
38,2010,1313.64
38,2011,1332.7
38,2012,1352.82
38,2013,1435.2
38,2014,1525.07
38,2015,1709.2
38,2016,1766.8
38,2017,1691.1
38,2018,622.67
38,2019,304.52
38,2020,520.04
38,2021,825.7
38,2022,405.93
39,2010,2071
39,2011,664
39,2012,664
39,2013,531.2
39,2014,203.99
39,2015,40.26
39,2016,59.61
39,2017,19.38
39,2018,33.48
39,2019,60.63
39,2020,27.11
39,2021,56.66
39,2022,133.89
4,2010,3077.15
4,2011,1446.45
4,2012,1472.8
4,2013,1501.4
4,2014,1529.1
4,2015,1558.09
4,2016,1588.39
4,2017,1622.1
4,2018,1756.1
4,2019,1988.29
4,2020,1943.86
4,2021,2011.34
4,2022,2001.69
40,2010,73847.49
40,2011,35841.82
40,2012,38951.93
40,2013,37843.25
40,2014,22353.08
40,2015,21261.49
40,2016,16755.73
40,2017,18950.97
40,2018,24187.94
40,2019,82847.82
40,2020,61762.19
40,2021,66583.88
40,2022,80215.87
41,2010,737208.33
41,2011,728820.83
41,2012,747915.16
41,2013,748477.77
41,2014,1054415.34
41,2015,1159380.98
41,2016,957068.09
41,2017,1055321.78
41,2018,1009582.54
41,2019,1007193.58
41,2020,1041419.34
41,2021,1176101.93
41,2022,1028882.14
44,2010,32826.22
44,2011,34258.31
44,2012,35215.54
44,2013,36377.14
44,2014,37555.39
44,2015,38416.11
44,2016,39079.11
44,2017,13064.31
44,2018,7370.62
44,2019,14005.46
44,2020,3039.16
44,2021,559.86
44,2022,0
45,2010,0
45,2011,0
45,2012,0.05
45,2013,38.44
45,2014,39.59
45,2015,40.54
45,2016,41.66
45,2017,33.64
45,2018,42.71
45,2019,14
45,2020,29.95
45,2021,23.72
45,2022,239.99
46,2010,150.99
46,2011,156.03
46,2012,183
46,2013,192
46,2014,180.06
46,2015,184.81
46,2016,182.16
46,2017,177.52
46,2018,371.69
46,2019,251.93
46,2020,235.48
46,2021,174.6
46,2022,270.82
48,2010,11160.08
48,2011,11365.08
48,2012,11582.18
48,2013,11741.71
48,2014,11938.91
48,2015,12153.36
48,2016,12359.71
48,2017,12539.74
48,2018,11002.32
48,2019,10519.58
48,2020,10745.29
48,2021,9458.67
48,2022,8123.06
49,2010,609.52
49,2011,275.31
49,2012,494.88
49,2013,324.52
49,2014,326.17
49,2015,328.02
49,2016,328.01
49,2017,328.69
49,2018,329.39
49,2019,724.16
49,2020,497.81
49,2021,597.98
49,2022,592.48
50,2010,3792.7
50,2011,3834.36
50,2012,3869.17
50,2013,3899.24
50,2014,4105.42
50,2015,4136.42
50,2016,3630.95
50,2017,3932.05
50,2018,4237.17
50,2019,3342.92
50,2020,3011.56
50,2021,2467.03
50,2022,2641.57
5000,2010,2081249.55
5000,2011,2151124.64
5000,2012,2180232.17
5000,2013,2241566.8
5000,2014,2368772.56
5000,2015,2564441.61
5000,2016,2413454.52
5000,2017,2567550.29
5000,2018,2658015.7
5000,2019,2951129.45
5000,2020,3017699.36
5000,2021,3688335.89
5000,2022,3468878.17
5100,2010,140831.58
5100,2011,155356.4
5100,2012,145510.29
5100,2013,155002.87
5100,2014,107833.21
5100,2015,105297.78
5100,2016,108531.81
5100,2017,132302.62
5100,2018,153023.66
5100,2019,132588.98
5100,2020,147404.49
5100,2021,147183.01
5100,2022,156009.57
5101,2010,29966.52
5101,2011,45008.28
5101,2012,28227.64
5101,2013,27116.76
5101,2014,31970.61
5101,2015,26832.3
5101,2016,30311.07
5101,2017,50742.68
5101,2018,54345.02
5101,2019,36818.53
5101,2020,30145.24
5101,2021,36173.3
5101,2022,28196.02
5102,2010,5555.7
5102,2011,5585.44
5102,2012,6774.17
5102,2013,8641.78
5102,2014,9528.33
5102,2015,8353.32
5102,2016,7627.11
5102,2017,8391.16
5102,2018,10349.4
5102,2019,13061.9
5102,2020,9952.4
5102,2021,7705
5102,2022,12744.23
5103,2010,14046.32
5103,2011,9489.8
5103,2012,10686.42
5103,2013,13558.1
5103,2014,12274.85
5103,2015,12975.62
5103,2016,16106.82
5103,2017,13890.96
5103,2018,15560.14
5103,2019,20081.4
5103,2020,15652.9
5103,2021,17759.59
5103,2022,21359.37
5104,2010,55672.44
5104,2011,65926.37
5104,2012,66673.06
5104,2013,77855.57
5104,2014,27723.55
5104,2015,30969.22
5104,2016,29660.36
5104,2017,37646.67
5104,2018,45465.71
5104,2019,39418.53
5104,2020,49553.97
5104,2021,43581.58
5104,2022,48856.4
5105,2010,35590.6
5105,2011,29346.51
5105,2012,33149
5105,2013,27830.66
5105,2014,26335.86
5105,2015,26167.31
5105,2016,24826.45
5105,2017,21631.15
5105,2018,27303.39
5105,2019,23208.63
5105,2020,42099.99
5105,2021,41963.55
5105,2022,44853.55
52,2010,2234.3
52,2011,2256.05
52,2012,2287.08
52,2013,2327.35
52,2014,1615.21
52,2015,2133.5
52,2016,1961.25
52,2017,2434.59
52,2018,3163.42
52,2019,2986.55
52,2020,3737.76
52,2021,2899.41
52,2022,2907.55
5200,2010,342772.11
5200,2011,281401.35
5200,2012,296638.08
5200,2013,293994.81
5200,2014,222062.11
5200,2015,257840.75
5200,2016,250823.59
5200,2017,279350.95
5200,2018,353139.08
5200,2019,544190.2
5200,2020,573196.5
5200,2021,543336.36
5200,2022,510749.92
5203,2010,41376.68
5203,2011,37513.91
5203,2012,25272.26
5203,2013,25611.3
5203,2014,12071.54
5203,2015,44275.58
5203,2016,37703.8
5203,2017,87988.15
5203,2018,150610.79
5203,2019,255304.36
5203,2020,317117.86
5203,2021,293784.2
5203,2022,261847.46
5204,2010,57198.1
5204,2011,57587.44
5204,2012,64256.51
5204,2013,67637.4
5204,2014,55108.74
5204,2015,59438.99
5204,2016,61881.66
5204,2017,60662.9
5204,2018,63148.95
5204,2019,73483.47
5204,2020,72294.58
5204,2021,61863.52
5204,2022,56034.99
5206,2010,72787.35
5206,2011,57280.41
5206,2012,64644.55
5206,2013,57775.89
5206,2014,35747.95
5206,2015,33926.85
5206,2016,35765.33
5206,2017,35129.73
5206,2018,35832.25
5206,2019,50891.63
5206,2020,52373.62
5206,2021,49056.16
5206,2022,46227.86
5207,2010,171409.98
5207,2011,129019.59
5207,2012,142464.77
5207,2013,142970.22
5207,2014,119133.88
5207,2015,120199.32
5207,2016,115472.8
5207,2017,95570.17
5207,2018,103547.09
5207,2019,164510.75
5207,2020,131410.44
5207,2021,138632.48
5207,2022,146639.61
53,2010,84.59
53,2011,141.95
53,2012,145.46
53,2013,169.6
53,2014,124.7
53,2015,127.67
53,2016,212.91
53,2017,507.8
53,2018,559.81
53,2019,636.76
53,2020,233.34
53,2021,138.26
53,2022,173.88
5300,2010,1204436.82
5300,2011,1299206.62
5300,2012,1328941.4
5300,2013,1372749.68
5300,2014,1612989.57
5300,2015,1778231.58
5300,2016,1667200.45
5300,2017,1714229.59
5300,2018,1700102.97
5300,2019,1787038.38
5300,2020,1772904.04
5300,2021,2420852.93
5300,2022,2258267.26
5301,2010,6272.81
5301,2011,8301.05
5301,2012,7520.98
5301,2013,6975.82
5301,2014,7001.28
5301,2015,7292.76
5301,2016,7615.15
5301,2017,6477.48
5301,2018,5873.01
5301,2019,7729.44
5301,2020,10308.98
5301,2021,14696.76
5301,2022,16752.69
5302,2010,809279.85
5302,2011,797815.68
5302,2012,821795.56
5302,2013,818558.31
5302,2014,1128187.17
5302,2015,1229370.36
5302,2016,1021314.1
5302,2017,1121161.97
5302,2018,1068425.3
5302,2019,1063230.51
5302,2020,1087139.7
5302,2021,1219541
5302,2022,1068929.57
5303,2010,154785.47
5303,2011,145742.7
5303,2012,146969.83
5303,2013,152531.6
5303,2014,134544.81
5303,2015,160161.67
5303,2016,148900.39
5303,2017,135312.32
5303,2018,190922.46
5303,2019,215900.27
5303,2020,146260.06
5303,2021,679073.51
5303,2022,733849.46
5304,2010,93672.43
5304,2011,118637.16
5304,2012,126963
5304,2013,117827.57
5304,2014,108121.98
5304,2015,141729.55
5304,2016,177060.3
5304,2017,205839.54
5304,2018,175968.97
5304,2019,220832.44
5304,2020,224093.85
5304,2021,186934.37
5304,2022,175308.33
5305,2010,140426.27
5305,2011,228710.02
5305,2012,225692.05
5305,2013,276856.38
5305,2014,235134.34
5305,2015,239677.23
5305,2016,312310.51
5305,2017,245438.28
5305,2018,258913.23
5305,2019,279345.72
5305,2020,305101.45
5305,2021,320607.29
5305,2022,263427.21
54,2010,13816.39
54,2011,13863.44
54,2012,13940.37
54,2013,16626.4
54,2014,16081.14
54,2015,11369.66
54,2016,14716.18
54,2017,14623.59
54,2018,12755.81
54,2019,13977.83
54,2020,13672.16
54,2021,16279.35
54,2022,18971.1
5400,2010,352613.01
5400,2011,374015.39
5400,2012,368553.52
5400,2013,379173.46
5400,2014,382988.69
5400,2015,378821.43
5400,2016,343415.08
5400,2017,401423.89
5400,2018,408968.85
5400,2019,442378.23
5400,2020,490590.21
5400,2021,546014.41
5400,2022,510250.25
5401,2010,64574.28
5401,2011,65821.79
5401,2012,66773.1
5401,2013,66465.01
5401,2014,55746.49
5401,2015,55548.93
5401,2016,46603.27
5401,2017,46931.17
5401,2018,48917.05
5401,2019,57785.44
5401,2020,62367.88
5401,2021,62277.01
5401,2022,65453.62
5402,2010,139346.83
5402,2011,146332.86
5402,2012,154015.42
5402,2013,148296.94
5402,2014,151127.32
5402,2015,145501.08
5402,2016,149316.05
5402,2017,155755.76
5402,2018,147756.88
5402,2019,154026.58
5402,2020,168340.98
5402,2021,150526.39
5402,2022,183356.36
5403,2010,82367.28
5403,2011,102225.77
5403,2012,88280.71
5403,2013,97067.29
5403,2014,90927.01
5403,2015,89016.19
5403,2016,78009.75
5403,2017,71020.15
5403,2018,77314.91
5403,2019,83407.54
5403,2020,118013.29
5403,2021,143678.63
5403,2022,144520.89
5404,2010,66324.61
5404,2011,59634.98
5404,2012,59484.3
5404,2013,67344.22
5404,2014,85187.87
5404,2015,88755.23
5404,2016,69486.01
5404,2017,127716.81
5404,2018,134980.02
5404,2019,147158.67
5404,2020,141868.06
5404,2021,189532.37
5404,2022,116919.37
55,2010,183.48
55,2011,118.09
55,2012,210
55,2013,68.95
55,2014,55.87
55,2015,69
55,2016,64
55,2017,65.57
55,2018,65.94
55,2019,95.86
55,2020,20.16
55,2021,135.2
55,2022,123.58
5500,2010,40596.03
5500,2011,41144.88
5500,2012,40588.87
5500,2013,40645.98
5500,2014,42898.99
5500,2015,44250.08
5500,2016,43483.59
5500,2017,40243.24
5500,2018,42781.14
5500,2019,44933.65
5500,2020,33604.12
5500,2021,30949.17
5500,2022,33601.17
5501,2010,33681.93
5501,2011,34086.68
5501,2012,33590.76
5501,2013,33810.49
5501,2014,35366.9
5501,2015,36139.73
5501,2016,35196.36
5501,2017,32777.43
5501,2018,34412.59
5501,2019,35510.93
5501,2020,24805.36
5501,2021,23087.94
5501,2022,24610.94
5502,2010,5761.52
5502,2011,5876.55
5502,2012,5808.49
5502,2013,5612.34
5502,2014,6304.03
5502,2015,6912.7
5502,2016,6881.84
5502,2017,6285.39
5502,2018,7081.77
5502,2019,7143.39
5502,2020,6091.37
5502,2021,6031.65
5502,2022,6639.09
5503,2010,46.08
5503,2011,78.51
5503,2012,81.4
5503,2013,108.8
5503,2014,113.1
5503,2015,65.01
5503,2016,191.81
5503,2017,89.88
5503,2018,115.58
5503,2019,645.1
5503,2020,618.45
5503,2021,419.74
5503,2022,310.26
5504,2010,1106.49
5504,2011,1103.14
5504,2012,1108.22
5504,2013,1114.35
5504,2014,1114.96
5504,2015,1132.63
5504,2016,1213.59
5504,2017,1090.54
5504,2018,1171.2
5504,2019,1634.22
5504,2020,2088.94
5504,2021,1409.84
5504,2022,2040.88
56,2010,16535.61
56,2011,20905.57
56,2012,28215.06
56,2013,22875.44
56,2014,8606.81
56,2015,8031.84
56,2016,8009.79
56,2017,8573.38
56,2018,9170.42
56,2019,20555.81
56,2020,22853.73
56,2021,23105.45
56,2022,23431.28
57,2010,1756.97
57,2011,1726.72
57,2012,1718.1
57,2013,1714.74
57,2014,1709.12
57,2015,1731.51
57,2016,1747.16
57,2017,1735.77
57,2018,1709.61
57,2019,2837.25
57,2020,3542.72
57,2021,3529.87
57,2022,1268.24
5707,2010,276798.38
5707,2011,287815.1
5707,2012,277308.02
5707,2013,293894.97
5707,2014,296658.61
5707,2015,293153.23
5707,2016,265390.16
5707,2017,314576.53
5707,2018,327075.27
5707,2019,351788.24
5707,2020,393699.04
5707,2021,464942.69
5707,2022,399975.2
58,2010,11840
58,2011,5994
58,2012,4269
58,2013,4752
58,2014,4265.48
58,2015,3959.49
58,2016,3699.33
58,2017,4225
58,2018,3595.8
58,2019,4006.67
58,2020,4192.42
58,2021,3831.43
58,2022,3513.48
5801,2010,98577.64
5801,2011,69270.5
5801,2012,76741.54
5801,2013,74248.48
5801,2014,72339
5801,2015,63202.69
5801,2016,84181.54
5801,2017,115998.21
5801,2018,100907.2
5801,2019,76611.05
5801,2020,91798.37
5801,2021,129083.79
5801,2022,125372.87
5802,2010,68098.08
5802,2011,84065.84
5802,2012,72830.07
5802,2013,74736.65
5802,2014,83082.66
5802,2015,74759.66
5802,2016,76888.15
5802,2017,91539.46
5802,2018,92729.76
5802,2019,80094.54
5802,2020,103734.12
5802,2021,115237.47
5802,2022,110089.8
5803,2010,85194.52
5803,2011,69868.6
5803,2012,77212.12
5803,2013,70541.04
5803,2014,50387.7
5803,2015,48616.93
5803,2016,52437.02
5803,2017,50021.15
5803,2018,51228.28
5803,2019,67158.96
5803,2020,69768.65
5803,2021,66979.99
5803,2022,65911.82
5815,2010,118480.95
5815,2011,133652.65
5815,2012,114350.72
5815,2013,174229.3
5815,2014,162775.82
5815,2015,143480.74
5815,2016,200960.67
5815,2017,194138.57
5815,2018,191393.54
5815,2019,183143.69
5815,2020,165886.6
5815,2021,152723.41
5815,2022,145799.74
5817,2010,241729.12
5817,2011,216037.59
5817,2012,231021.55
5817,2013,229225.45
5817,2014,206548.98
5817,2015,228553.57
5817,2016,237247.65
5817,2017,263727.77
5817,2018,260194.48
5817,2019,254066.32
5817,2020,257877.69
5817,2021,285956.9
5817,2022,257646.01
59,2010,4472.54
59,2011,1358.53
59,2012,1987.07
59,2013,3612.27
59,2014,1923.47
59,2015,1966.39
59,2016,2486.62
59,2017,2051.48
59,2018,2093.62
59,2019,1832.94
59,2020,1786.32
59,2021,1196.23
59,2022,1481.66
60,2010,86.12
60,2011,26.15
60,2012,69.58
60,2013,61.96
60,2014,29.13
60,2015,311.3
60,2016,786.67
60,2017,30.04
60,2018,2128.92
60,2019,1304.32
60,2020,3121
60,2021,1163.68
60,2022,2925.6
63,2010,2163
63,2011,2145
63,2012,2320
63,2013,2554
63,2014,2315.38
63,2015,2309.74
63,2016,2307.35
63,2017,2302.2
63,2018,2296.91
63,2019,3048.2
63,2020,2308.33
63,2021,1370.4
63,2022,1370.26
66,2010,3965.1
66,2011,3990.89
66,2012,4003.26
66,2013,4024.51
66,2014,4683.39
66,2015,5412.93
66,2016,5449.73
66,2017,4611.67
66,2018,5078.41
66,2019,5321.5
66,2020,4617.71
66,2021,4554.91
66,2022,5132.8
67,2010,13694.61
67,2011,13669.75
67,2012,13809.99
67,2013,13921.76
67,2014,14053.04
67,2015,14119.4
67,2016,14094.59
67,2017,14026.54
67,2018,13938.47
67,2019,15619.63
67,2020,20338.81
67,2021,19387.32
67,2022,16577.98
68,2010,27462.38
68,2011,27485.94
68,2012,27664.18
68,2013,29891
68,2014,50985.67
68,2015,56014.7
68,2016,40140.61
68,2017,38558.96
68,2018,39875.92
68,2019,40677.78
68,2020,36487.45
68,2021,79751.97
68,2022,46868.16
7,2010,982
7,2011,1524
7,2012,2688
7,2013,3823
7,2014,6233.63
7,2015,4858.47
7,2016,5464.8
7,2017,4383.66
7,2018,4817.8
7,2019,6249.47
7,2020,6405.05
7,2021,4138.18
7,2022,7832.39
70,2010,860.93
70,2011,870.87
70,2012,877.56
70,2013,882.07
70,2014,885.35
70,2015,888.26
70,2016,890.78
70,2017,832.87
70,2018,753.59
70,2019,910.89
70,2020,892.7
70,2021,728.58
70,2022,821.42
72,2010,1033.26
72,2011,1055.83
72,2012,1080.3
72,2013,1028
72,2014,1100
72,2015,1218
72,2016,1638.19
72,2017,761
72,2018,1505
72,2019,1179
72,2020,700
72,2021,148.61
72,2022,124.68
73,2010,895.86
73,2011,871.55
73,2012,850.43
73,2013,837.65
73,2014,678.2
73,2015,1102.56
73,2016,797.33
73,2017,1149.7
73,2018,1132.98
73,2019,1806.84
73,2020,4606.6
73,2021,2225.61
73,2022,2188.83
74,2010,622.37
74,2011,458.06
74,2012,477.73
74,2013,498.64
74,2014,553.6
74,2015,650.38
74,2016,652.6
74,2017,903.06
74,2018,1048.09
74,2019,473.88
74,2020,677.35
74,2021,576.39
74,2022,950.26
75,2010,403.73
75,2011,155.32
75,2012,162.28
75,2013,168.67
75,2014,140.28
75,2015,247.77
75,2016,241.83
75,2017,199.4
75,2018,358.09
75,2019,356.4
75,2020,472.07
75,2021,726.45
75,2022,801.87
79,2010,5687
79,2011,32
79,2012,912
79,2013,6923
79,2014,2633.03
79,2015,972.37
79,2016,1305
79,2017,2660.7
79,2018,2673.1
79,2019,13663.1
79,2020,5606.77
79,2021,15511.4
79,2022,4330.98
8,2010,550.27
8,2011,533.92
8,2012,546.27
8,2013,630
8,2014,650
8,2015,650
8,2016,700
8,2017,600
8,2018,650
8,2019,700
8,2020,700
8,2021,648.25
8,2022,662.72
80,2010,2748.78
80,2011,2721.84
80,2012,2681.98
80,2013,2646.55
80,2014,2683.14
80,2015,2461.94
80,2016,2599.15
80,2017,3055.17
80,2018,3388.4
80,2019,3723.6
80,2020,3851.05
80,2021,3957.9
80,2022,4488.7
81,2010,1731.68
81,2011,1856.31
81,2012,1952.71
81,2013,2037.76
81,2014,2099.35
81,2015,2160.32
81,2016,2219.65
81,2017,2319.55
81,2018,5825.24
81,2019,3834.3
81,2020,1409.8
81,2021,3548.88
81,2022,1529.54
83,2010,46.08
83,2011,78.51
83,2012,81.4
83,2013,108.8
83,2014,113.1
83,2015,65.01
83,2016,191.81
83,2017,89.88
83,2018,115.58
83,2019,99.23
83,2020,165.9
83,2021,263.06
83,2022,103.5
84,2010,17260.75
84,2011,32787.17
84,2012,26317.28
84,2013,27333.79
84,2014,28703.36
84,2015,28585.82
84,2016,28456.39
84,2017,28217.17
84,2018,27953.86
84,2019,29012.79
84,2020,32691.14
84,2021,30520.27
84,2022,30947.07
86,2010,157.07
86,2011,113.36
86,2012,118.75
86,2013,116.06
86,2014,132.08
86,2015,307.35
86,2016,546.92
86,2017,612.04
86,2018,650
86,2019,703.66
86,2020,702.12
86,2021,578.96
86,2022,683.32
89,2010,21157.29
89,2011,21806.6
89,2012,22356.32
89,2013,22989.92
89,2014,23721.15
89,2015,24430.58
89,2016,25040.53
89,2017,25626.89
89,2018,26266.14
89,2019,29548.83
89,2020,20451.65
89,2021,18809.7
89,2022,21013.82
9,2010,12168.95
9,2011,12236.63
9,2012,21949
9,2013,18975.98
9,2014,11837.24
9,2015,13180.32
9,2016,13357.09
9,2017,13466.5
9,2018,23722.73
9,2019,24353.14
9,2020,21032.65
9,2021,31028
9,2022,25746.86
90,2010,433.09
90,2011,86.67
90,2012,89.24
90,2013,95.2
90,2014,93.78
90,2015,96.5
90,2016,99.83
90,2017,103.66
90,2018,107.76
90,2019,340.85
90,2020,762.37
90,2021,723.17
90,2022,1100.23
91,2010,1329.91
91,2011,1347.47
91,2012,1366.59
91,2013,1608
91,2014,1098.42
91,2015,996.07
91,2016,1303.43
91,2017,1444.07
91,2018,1578.27
91,2019,1097.45
91,2020,1265.05
91,2021,2971.16
91,2022,2820.04
93,2010,36190
93,2011,14158
93,2012,14158
93,2013,11326.4
93,2014,5104.91
93,2015,3160.22
93,2016,6061.26
93,2017,3341.18
93,2018,2996.06
93,2019,4362.5
93,2020,7364.78
93,2021,5802.97
93,2022,3322.79
95,2010,10905.42
95,2011,9867.43
95,2012,9028.81
95,2013,9398.68
95,2014,6813.91
95,2015,9433.62
95,2016,9426.6
95,2017,7939.69
95,2018,9438.39
95,2019,8792.89
95,2020,10800
95,2021,7862
95,2022,0
96,2010,12956.13
96,2011,12976.22
96,2012,13258.88
96,2013,13081.12
96,2014,13773.7
96,2015,11723.93
96,2016,14134.44
96,2017,14218
96,2018,14313.09
96,2019,11492.59
96,2020,9076.17
96,2021,9350.67
96,2022,9278.83
97,2010,7260
97,2011,9789
97,2012,10057
97,2013,8589
97,2014,9229.45
97,2015,9104.9
97,2016,9015.07
97,2017,8880.03
97,2018,8702.59
97,2019,9684.27
97,2020,10518.09
97,2021,11010.06
97,2022,16118.06
98,2010,5956
98,2011,6514
98,2012,6497
98,2013,6798
98,2014,6538.37
98,2015,6466.47
98,2016,6384.4
98,2017,6301.01
98,2018,6219.19
98,2019,6317.21
98,2020,6328.61
98,2021,6575.09
98,2022,6789.82
99,2010,2547.52
99,2011,2569.98
99,2012,2585.88
99,2013,2587.9
99,2014,2596.39
99,2015,2600.43
99,2016,2599.82
99,2017,3038.42
99,2018,2867.75
99,2019,2626.37
99,2020,3143.02
99,2021,2975.81
99,2022,2980.26
