geo,year,scl_beef_and_veal_preparations_nes_stock_variation
1,2010,0
1,2011,24.33
1,2012,-24.33
1,2013,123.8
1,2014,31.89
1,2015,28.42
1,2016,33.4
1,2017,38.13
1,2018,32.48
1,2019,30.36
1,2020,36.91
1,2021,27.49
1,2022,-21.11
10,2010,0
10,2011,0
10,2012,0
10,2013,342.6
10,2014,800
10,2015,1600
10,2016,-500
10,2017,-1000
10,2018,-1000
10,2019,0
10,2020,0
10,2021,0
10,2022,0
100,2010,-128.62
100,2011,-183.15
100,2012,8.49
100,2013,-117.51
100,2014,0
100,2015,0
100,2016,0
100,2017,0
100,2018,0
100,2019,0
100,2020,-296.3
100,2021,0
100,2022,0
101,2010,-443.37
101,2011,-277.31
101,2012,-62.14
101,2013,459.03
101,2014,815.04
101,2015,623.59
101,2016,768
101,2017,2549.65
101,2018,1986.86
101,2019,1465.38
101,2020,0
101,2021,0
101,2022,0
102,2010,0
102,2011,0
102,2012,0
102,2013,0
102,2014,-303.05
102,2015,-159.99
102,2016,-251.84
102,2017,-303.05
102,2018,0
102,2019,0.1
102,2020,13.53
102,2021,-13.63
102,2022,0
103,2010,0
103,2011,0
103,2012,0
103,2013,2400.6
103,2014,96.3
103,2015,185.84
103,2016,168.72
103,2017,368.15
103,2018,326.61
103,2019,351.26
103,2020,363.71
103,2021,464.87
103,2022,514.11
104,2014,-150
104,2015,0
104,2016,0
104,2017,0
104,2018,3792.33
104,2019,5383.82
104,2020,4731.66
104,2021,-10978.79
104,2022,0
105,2012,0
105,2013,0
105,2014,0
105,2015,0
105,2016,0
105,2017,0
105,2018,0
105,2019,0
105,2020,0
105,2021,0
105,2022,0
106,2010,1500
106,2011,-2500
106,2012,0
106,2013,0
106,2014,534.56
106,2015,-534.56
106,2016,548.71
106,2017,524.62
106,2018,1920.84
106,2019,1498.87
106,2020,0
106,2021,0
106,2022,0
107,2010,0
107,2011,20.69
107,2012,75.8
107,2013,68.91
107,2014,-16.73
107,2015,-134.98
107,2016,-13.69
107,2017,0
107,2018,0
107,2019,0
107,2020,0
107,2021,0
107,2022,0
108,2010,-1009.6
108,2011,186.11
108,2012,244.84
108,2013,-467.99
108,2014,-552.58
108,2015,-189.87
108,2016,154.02
108,2017,-332.78
108,2018,0
108,2019,0
108,2020,0
108,2021,0
108,2022,0
109,2010,0
109,2011,0
109,2012,274.92
109,2013,118.08
109,2014,-393
109,2015,0
109,2016,0
109,2017,0
109,2018,0
109,2019,12.53
109,2020,4.19
109,2021,0
109,2022,0
11,2010,0
11,2011,0
11,2012,1312.68
11,2013,376.7
11,2014,-1689.38
11,2015,0
11,2016,0
11,2017,0
11,2018,0
11,2019,0
11,2020,0
11,2021,0
11,2022,0
110,2010,0
110,2011,1667.27
110,2012,1396.6
110,2013,-1765.86
110,2014,-1298
110,2015,0
110,2016,0
110,2017,0
110,2018,0
110,2019,0
110,2020,0
110,2021,0
110,2022,0
112,2010,0
112,2011,5000
112,2012,-3500
112,2013,-1500
112,2014,0
112,2015,714.29
112,2016,1409.71
112,2017,-671.26
112,2018,1337.91
112,2019,0
112,2020,-1235.31
112,2021,0
112,2022,0
113,2010,541.23
113,2011,266.89
113,2012,-223.73
113,2013,-361.57
113,2014,251.17
113,2015,-185.03
113,2016,-296.14
113,2017,0
113,2018,0
113,2019,0
113,2020,0
113,2021,0
113,2022,0
114,2010,0
114,2011,23.3
114,2012,15.75
114,2013,0
114,2014,309.69
114,2015,0
114,2016,-76.75
114,2017,20.27
114,2018,-35.18
114,2019,-197.97
114,2020,0
114,2021,-0.48
114,2022,0
115,2010,0
115,2011,0
115,2012,0
115,2013,-1.8
115,2014,-0.2
115,2015,-0.2
115,2016,-0.2
115,2017,-0.2
115,2018,-0.2
115,2019,-0.2
115,2020,-0.2
115,2021,-0.2
115,2022,-0.2
117,2010,-465.98
117,2011,-203.14
117,2012,-137.17
117,2013,-96.63
117,2014,14.04
117,2015,88.4
117,2016,-284.08
117,2017,-173.22
117,2018,-105.4
117,2019,0
117,2020,0
117,2021,0
117,2022,0
118,2010,0
118,2011,0
118,2012,236.55
118,2013,-163.75
118,2014,-72.8
118,2015,0
118,2016,0
118,2017,0
118,2018,0
118,2019,0
118,2020,0
118,2021,0
118,2022,0
119,2010,0
119,2011,0
119,2012,0
119,2013,0
119,2014,176.18
119,2015,109.81
119,2016,-169.54
119,2017,-10.23
119,2018,155.27
119,2019,0
119,2020,57.18
119,2021,118.85
119,2022,95.8
12,2010,94.88
12,2011,-94.88
12,2012,0
12,2013,0
12,2014,0
12,2015,0
12,2016,0
12,2017,0
12,2018,0
12,2019,0
12,2020,0
12,2021,0
12,2022,0
120,2010,0
120,2011,0
120,2012,0
120,2013,0
120,2014,0
120,2015,0
120,2016,0
120,2017,0
120,2018,0
120,2019,0
120,2020,0
120,2021,0
120,2022,0
121,2010,0
121,2011,0
121,2012,0
121,2013,0
121,2014,0
121,2015,0
121,2016,0
121,2017,0
121,2018,0
121,2019,0
121,2020,-338.4
121,2021,0
121,2022,0
123,2010,-30.02
123,2011,0
123,2012,90.39
123,2013,-44.99
123,2014,178.63
123,2015,-144.12
123,2016,-79.91
123,2017,0
123,2018,0
123,2019,0
123,2020,0
123,2021,0
123,2022,0
124,2010,-73.25
124,2011,-25.53
124,2012,-37.22
124,2013,75.4
124,2014,0
124,2015,0
124,2016,0
124,2017,0
124,2018,0
124,2019,0
124,2020,0
124,2021,0
124,2022,0
126,2014,-87.37
126,2015,466.87
126,2016,159.68
126,2017,334.48
126,2018,676.68
126,2019,467.62
126,2020,535.02
126,2021,584.25
126,2022,82.87
127,2019,9.71
127,2020,-4.81
127,2021,50.96
127,2022,-27.8
128,2010,31.59
128,2011,18.88
128,2012,7.9
128,2013,-29.18
128,2014,164.62
128,2015,139.51
128,2016,205.14
128,2017,185.49
128,2018,179.28
128,2019,157.7
128,2020,182.71
128,2021,199.33
128,2022,0
129,2010,0
129,2011,0
129,2012,-88.26
129,2013,-694.53
129,2014,0
129,2015,0
129,2016,0
129,2017,0
129,2018,0
129,2019,0
129,2020,0
129,2021,0
129,2022,0
13,2019,-87.64
13,2020,124.81
13,2021,5.48
13,2022,5.53
130,2010,-14.6
130,2011,-16.3
130,2012,16.47
130,2013,-11.27
130,2014,49.88
130,2015,9.56
130,2016,8.91
130,2017,-25.83
130,2018,22.93
130,2019,-24.81
130,2020,0
130,2021,0
130,2022,0
131,2010,0
131,2011,-200
131,2012,0
131,2013,0
131,2014,0
131,2015,0
131,2016,0
131,2017,600
131,2018,0
131,2019,-600
131,2020,0
131,2021,0
131,2022,0
132,2010,-5.49
132,2011,-23.62
132,2012,-15.91
132,2013,19.2
132,2014,-6.48
132,2015,-6.48
132,2016,-6.07
132,2017,-0.17
132,2018,-0.17
132,2019,-0.17
132,2020,2.86
132,2021,0
132,2022,0
133,2010,-55.14
133,2011,12
133,2012,-12
133,2013,60.6
133,2014,80.3
133,2015,-29.57
133,2016,290.78
133,2017,-109.86
133,2018,-112.93
133,2019,-102.5
133,2020,0
133,2021,0
133,2022,0
134,2010,-265.59
134,2011,-217.47
134,2012,10.12
134,2013,-123.49
134,2014,-158.67
134,2015,-65.33
134,2016,0
134,2017,0
134,2018,0
134,2019,0
134,2020,0
134,2021,0
134,2022,0
136,2010,2
136,2011,0
136,2012,-2
136,2013,1
136,2014,11.21
136,2015,0
136,2016,-3.53
136,2017,-2.71
136,2018,5.25
136,2019,-5.37
136,2020,0
136,2021,0
136,2022,0
137,2010,-147.81
137,2011,-56.7
137,2012,-84.76
137,2013,12.34
137,2014,-94.35
137,2015,-24.8
137,2016,82.54
137,2017,17.97
137,2018,73.26
137,2019,50.18
137,2020,40.52
137,2021,-50
137,2022,45.77
138,2010,0
138,2011,-17.35
138,2012,3.18
138,2013,85.9
138,2014,617.41
138,2015,513.81
138,2016,766.2
138,2017,651.64
138,2018,1146.86
138,2019,-1336.71
138,2020,0
138,2021,0
138,2022,0
14,2010,-64.96
14,2011,142.52
14,2012,-142.52
14,2013,0
14,2014,0
14,2015,0
14,2016,100
14,2017,-100
14,2018,0
14,2019,0
14,2020,0
14,2021,0
14,2022,0
141,2010,-129.32
141,2011,-42.84
141,2012,-4.15
141,2013,-214.73
141,2014,164.99
141,2015,228.01
141,2016,720.2
141,2017,-103.34
141,2018,500.42
141,2019,-1653.67
141,2020,1687.65
141,2021,0
141,2022,0
143,2010,-0.52
143,2011,87.39
143,2012,-36.11
143,2013,-31.28
143,2014,-20
143,2015,0
143,2016,0
143,2017,0
143,2018,0
143,2019,0
143,2020,0
143,2021,0
143,2022,0
144,2010,0
144,2011,94.99
144,2012,-50.63
144,2013,-11.36
144,2014,0
144,2015,0
144,2016,0
144,2017,0
144,2018,0
144,2019,0
144,2020,0
144,2021,0
144,2022,0
145,2019,30.33
145,2020,-13.76
145,2021,9.26
145,2022,5.87
146,2010,0
146,2011,0
146,2012,0
146,2013,0
146,2014,0
146,2015,0
146,2016,0
146,2017,0
146,2018,0
146,2019,0
146,2020,0
146,2021,0
146,2022,0
147,2010,0
147,2011,0
147,2012,256.64
147,2013,-144.04
147,2014,-29.79
147,2015,1590.22
147,2016,-551
147,2017,-997.8
147,2018,650.15
147,2019,373.87
147,2020,1462.31
147,2021,-996.32
147,2022,1959.86
148,2019,0
148,2020,-5.69
148,2021,0
148,2022,0
149,2010,0
149,2011,0
149,2012,0
149,2013,0
149,2014,0
149,2015,0
149,2016,0
149,2017,0
149,2018,0
149,2019,0
149,2020,0
149,2021,0
149,2022,0
150,2010,0
150,2011,0
150,2012,0
150,2013,0
150,2014,800.17
150,2015,3921.25
150,2016,1262.9
150,2017,3660.18
150,2018,3322.19
150,2019,0
150,2020,0
150,2021,0
150,2022,0
153,2010,-155.51
153,2011,-35.82
153,2012,27.17
153,2013,33.42
153,2014,-6.84
153,2015,-85.18
153,2016,-43.78
153,2017,0
153,2018,0
153,2019,0
153,2020,0
153,2021,5.27
153,2022,0
154,2014,-65
154,2015,0
154,2016,0
154,2017,0
154,2018,0
154,2019,0
154,2020,0
154,2021,0
154,2022,0
155,2010,0
155,2011,0
155,2012,-143.32
155,2013,64.8
155,2014,-5.21
155,2015,-1.26
155,2016,-1.27
155,2017,-1.27
155,2018,-1.27
155,2019,-2.09
155,2020,-4.01
155,2021,-1.42
155,2022,-1.05
156,2010,0
156,2011,0
156,2012,0
156,2013,119
156,2014,-119
156,2015,0
156,2016,0
156,2017,0
156,2018,0
156,2019,0
156,2020,0
156,2021,0
156,2022,0
157,2010,0
157,2011,0
157,2012,0
157,2013,44.6
157,2014,-44.6
157,2015,0
157,2016,0
157,2017,0
157,2018,0
157,2019,0
157,2020,100
157,2021,-100
157,2022,0
158,2010,1.03
158,2011,-1.22
158,2012,1.21
158,2013,1.79
158,2014,27.89
158,2015,229.27
158,2016,347.07
158,2017,0
158,2018,0
158,2019,0
158,2020,0
158,2021,0
158,2022,0
159,2010,-51.24
159,2011,49.8
159,2012,26.27
159,2013,-5.71
159,2014,951.88
159,2015,89.97
159,2016,218.12
159,2017,-450.01
159,2018,-215.77
159,2019,-285.9
159,2020,0
159,2021,0
159,2022,0
16,2010,0.2
16,2011,0.2
16,2012,0.2
16,2013,0.16
16,2014,-0.2
16,2015,5.4
16,2016,-5.4
16,2017,0
16,2018,0
16,2019,45.77
16,2020,-45.77
16,2021,0
16,2022,0
162,2010,-71.5
162,2011,-6.74
162,2012,55.05
162,2013,4.93
162,2014,-348.95
162,2015,-109.13
162,2016,-45.82
162,2017,0
162,2018,0
162,2019,0
162,2020,0
162,2021,0
162,2022,0
165,2010,0
165,2011,0
165,2012,0
165,2013,727.78
165,2014,289.17
165,2015,284.26
165,2016,270.91
165,2017,324.44
165,2018,330
165,2019,338.39
165,2020,3352.51
165,2021,3329.6
165,2022,3441.24
166,2010,0
166,2011,0
166,2012,0
166,2013,0
166,2014,147.95
166,2015,-127.06
166,2016,193.98
166,2017,257.95
166,2018,-233.38
166,2019,0
166,2020,-70.93
166,2021,-62.39
166,2022,0
167,2014,-225.71
167,2015,-68.36
167,2016,145.14
167,2017,677.93
167,2018,1287.03
167,2019,865.2
167,2020,883.31
167,2021,1148.29
167,2022,1338.58
168,2010,0
168,2011,0
168,2012,0
168,2013,57.2
168,2014,100
168,2015,50
168,2016,120
168,2017,-200
168,2018,-127.2
168,2019,1.42
168,2020,3.44
168,2021,2.7
168,2022,-7.57
169,2010,0
169,2011,0
169,2012,0
169,2013,0
169,2014,0
169,2015,0
169,2016,0
169,2017,0
169,2018,0
169,2019,0
169,2020,0
169,2021,800
169,2022,-877.4
170,2010,0
170,2011,0
170,2012,0
170,2013,0
170,2014,0
170,2015,0
170,2016,0
170,2017,0
170,2018,0
170,2019,0
170,2020,0
170,2021,0
170,2022,0
171,2010,0
171,2011,0
171,2012,46.76
171,2013,0
171,2014,-53.17
171,2015,182.04
171,2016,142.22
171,2017,-324.26
171,2018,202.7
171,2019,285.21
171,2020,0
171,2021,0
171,2022,1308.79
173,2010,112.66
173,2011,-164
173,2012,0
173,2013,0
173,2014,0
173,2015,720.55
173,2016,-220.75
173,2017,522.69
173,2018,-863.72
173,2019,0
173,2020,1549.95
173,2021,-1708.73
173,2022,43.59
174,2010,15.98
174,2011,122.72
174,2012,7.17
174,2013,367.52
174,2014,-513.4
174,2015,205.62
174,2016,31.81
174,2017,9.17
174,2018,163.17
174,2019,80.55
174,2020,114.64
174,2021,168.92
174,2022,138.57
175,2010,0
175,2011,0
175,2012,0
175,2013,0
175,2014,0
175,2015,0
175,2016,0
175,2017,0
175,2018,0
175,2019,0
175,2020,0
175,2021,0
175,2022,0
176,2014,0
176,2015,0
176,2016,0
176,2017,0
176,2018,0
176,2019,0
176,2020,0
176,2021,0
176,2022,0
179,2019,157.72
179,2020,-170.82
179,2021,0
179,2022,0
18,2019,0.03
18,2020,0.21
18,2021,0
18,2022,0
181,2010,753.62
181,2011,396.8
181,2012,-165.74
181,2013,-403.03
181,2014,74.47
181,2015,61.79
181,2016,0
181,2017,0
181,2018,0
181,2019,0
181,2020,0
181,2021,14.52
181,2022,15.19
183,2010,3258.19
183,2011,817.1
183,2012,-1005.11
183,2013,-2270.12
183,2014,-295.36
183,2015,2129.88
183,2016,33.59
183,2017,-1287.55
183,2018,-1837.64
183,2019,0
183,2020,0
183,2021,0
183,2022,0
184,2010,0.39
184,2011,0.39
184,2012,0.3
184,2013,0.11
184,2014,0.5
184,2015,0.38
184,2016,0.18
184,2017,1.98
184,2018,3.62
184,2019,3.53
184,2020,0
184,2021,18.64
184,2022,69.57
185,2010,0
185,2011,0
185,2012,0
185,2013,0
185,2014,582.56
185,2015,2788.78
185,2016,3188.78
185,2017,2482.95
185,2018,3331.22
185,2019,3286.57
185,2020,0
185,2021,0
185,2022,0
189,2010,31.2
189,2011,-34.53
189,2012,3.92
189,2013,25.87
189,2014,25.77
189,2015,3.65
189,2016,16.76
189,2017,-4.16
189,2018,-25.23
189,2019,-10.11
189,2020,-7.32
189,2021,150
189,2022,-7.1
19,2010,0
19,2011,0
19,2012,0
19,2013,0
19,2014,0
19,2015,0
19,2016,0
19,2017,0
19,2018,0
19,2019,0
19,2020,0
19,2021,0
19,2022,0
191,2010,19.39
191,2011,58.31
191,2012,12.7
191,2013,-73.6
191,2014,-7.55
191,2015,60.52
191,2016,-0.99
191,2017,-0.99
191,2018,-0.99
191,2019,-1.06
191,2020,-0.35
191,2021,-0.67
191,2022,-0.53
193,2010,0
193,2011,0
193,2012,0
193,2013,0
193,2014,0
193,2015,0
193,2016,0
193,2017,0
193,2018,0
193,2019,0
193,2020,0
193,2021,0
193,2022,0
194,2010,-1300
194,2011,-2300
194,2012,-1000
194,2013,-6700
194,2014,0
194,2015,180.68
194,2016,17835.58
194,2017,-931.58
194,2018,-945.48
194,2019,0
194,2020,0
194,2021,0
194,2022,0
195,2010,0.08
195,2011,40.8
195,2012,24.54
195,2013,-44.82
195,2014,226.7
195,2015,179.89
195,2016,638.28
195,2017,0
195,2018,0
195,2019,-14.26
195,2020,0
195,2021,0
195,2022,0
196,2010,-54.22
196,2011,-51.14
196,2012,1.93
196,2013,-21.38
196,2014,-13.3
196,2015,-14.5
196,2016,0
196,2017,0
196,2018,0
196,2019,0
196,2020,0
196,2021,5.59
196,2022,-0.41
197,2010,0
197,2011,0
197,2012,19.24
197,2013,-13.04
197,2014,-6.2
197,2015,0
197,2016,0
197,2017,0
197,2018,0
197,2019,0
197,2020,0
197,2021,0
197,2022,0
198,2014,-592.58
198,2015,0
198,2016,0
198,2017,0
198,2018,0
198,2019,0
198,2020,0
198,2021,0
198,2022,0
199,2010,245.39
199,2011,-27.81
199,2012,-198.17
199,2013,231
199,2014,393.35
199,2015,298.63
199,2016,229.1
199,2017,438.34
199,2018,823.49
199,2019,578.26
199,2020,679.36
199,2021,815.24
199,2022,717.16
20,2010,0
20,2011,335.41
20,2012,95.39
20,2013,-28.6
20,2014,64.74
20,2015,182.67
20,2016,207.44
20,2017,102.81
20,2018,149.08
20,2019,32.84
20,2020,43.68
20,2021,63.55
20,2022,163.44
201,2010,0
201,2011,0
201,2012,0
201,2013,-1.8
201,2014,27.84
201,2015,0
201,2016,0
201,2017,0
201,2018,0
201,2019,0
201,2020,0
201,2021,5.01
201,2022,5.84
202,2010,1104.2
202,2011,0
202,2012,0
202,2013,0
202,2014,0
202,2015,56.24
202,2016,0
202,2017,0
202,2018,0
202,2019,-593.63
202,2020,-566.81
202,2021,0
202,2022,0
203,2014,-508.8
203,2015,0
203,2016,0
203,2017,0
203,2018,0
203,2019,0
203,2020,0
203,2021,0
203,2022,0
207,2010,0
207,2011,0
207,2012,2.61
207,2013,33.59
207,2014,-36.2
207,2015,2.07
207,2016,-2.07
207,2017,0
207,2018,0
207,2019,0
207,2020,0
207,2021,0
207,2022,0
208,2010,0
208,2011,0
208,2012,0
208,2013,161.2
208,2014,-20.63
208,2015,-71.26
208,2016,-69.31
208,2017,0
208,2018,0
208,2019,0
208,2020,0
208,2021,0
208,2022,0
209,2010,0
209,2011,0
209,2012,0
209,2013,524
209,2014,186.27
209,2015,54.22
209,2016,-155.3
209,2017,-245.2
209,2018,-334.21
209,2019,-29.78
209,2020,0
209,2021,0
209,2022,0
21,2010,0
21,2011,0
21,2012,0
21,2013,8.6
21,2014,15.63
21,2015,-18.1
21,2016,-6.13
21,2017,16566.73
21,2018,0
21,2019,1862.83
21,2020,0
21,2021,0
21,2022,705.5
210,2014,2716.84
210,2015,1648.54
210,2016,1102.13
210,2017,484.63
210,2018,2976.3
210,2019,1769.82
210,2020,1776.35
210,2021,1794.46
210,2022,0
211,2014,-51.92
211,2015,-281.36
211,2016,-149.11
211,2017,0
211,2018,0
211,2019,0
211,2020,0
211,2021,0
211,2022,0
212,2010,-342.88
212,2011,148.48
212,2012,18.06
212,2013,-94.54
212,2014,0
212,2015,0
212,2016,0
212,2017,0
212,2018,0
212,2019,-72
212,2020,0
212,2021,0.02
212,2022,0.08
213,2010,-180
213,2011,0
213,2012,384.93
213,2013,-60.93
213,2014,80.76
213,2015,50.74
213,2016,34.32
213,2017,18.13
213,2018,0
213,2019,0
213,2020,18.57
213,2021,3.68
213,2022,0
214,2010,134.36
214,2011,7.02
214,2012,113.19
214,2013,-67.07
214,2014,193.1
214,2015,354.19
214,2016,258.48
214,2017,509.44
214,2018,655.03
214,2019,577.83
214,2020,559.95
214,2021,317.72
214,2022,291.59
215,2010,0
215,2011,0
215,2012,256.72
215,2013,124.08
215,2014,-147.9
215,2015,-232.9
215,2016,0
215,2017,0
215,2018,175.51
215,2019,529.66
215,2020,100.33
215,2021,132.76
215,2022,133.6
216,2010,-782.41
216,2011,-1276.04
216,2012,-1522.03
216,2013,-1411.44
216,2014,0
216,2015,0
216,2016,0
216,2017,0
216,2018,0
216,2019,0
216,2020,0
216,2021,0
216,2022,0
217,2010,-158.83
217,2011,-50.89
217,2012,131.86
217,2013,-54.66
217,2014,-77.2
217,2015,110.25
217,2016,-110.25
217,2017,0
217,2018,0
217,2019,12.33
217,2020,0.42
217,2021,1.76
217,2022,1.49
219,2019,0
219,2020,66.24
219,2021,0
219,2022,-37.76
220,2010,-11.15
220,2011,-8.35
220,2012,-5.94
220,2013,-10.45
220,2014,-6.43
220,2015,-7.48
220,2016,-7.17
220,2017,-7.17
220,2018,-7.17
220,2019,-7.1
220,2020,-12.47
220,2021,-6.8
220,2022,-6.82
221,2010,-283.16
221,2011,-26.1
221,2012,-198.09
221,2013,253.28
221,2014,1175.23
221,2015,98.67
221,2016,-654.81
221,2017,-666.66
221,2018,0
221,2019,0
221,2020,0
221,2021,0
221,2022,0
222,2010,0
222,2011,0
222,2012,0
222,2013,0.2
222,2014,-0.2
222,2015,3.95
222,2016,6.05
222,2017,0
222,2018,-10
222,2019,0
222,2020,0
222,2021,0
222,2022,0
223,2010,0
223,2011,144.44
223,2012,30.22
223,2013,0
223,2014,-174.66
223,2015,411.77
223,2016,1128.52
223,2017,240.18
223,2018,-81.97
223,2019,-1456.56
223,2020,47.31
223,2021,0
223,2022,0
225,2010,-720.43
225,2011,-829.38
225,2012,-550.05
225,2013,-305.46
225,2014,-166.73
225,2015,2722.66
225,2016,1089.49
225,2017,48.87
225,2018,-434.19
225,2019,-3470.47
225,2020,-275.23
225,2021,0
225,2022,0
226,2010,0
226,2011,0.76
226,2012,3.24
226,2013,0
226,2014,-4
226,2015,0
226,2016,0
226,2017,0
226,2018,0
226,2019,0
226,2020,0
226,2021,0
226,2022,0
227,2019,-5.15
227,2020,6.91
227,2021,-7.42
227,2022,-3.67
229,2014,-3313.95
229,2015,-4241.72
229,2016,-3395.33
229,2017,-2436.6
229,2018,0
229,2019,0
229,2020,0
229,2021,0
229,2022,0
23,2010,0
23,2011,0
23,2012,0
23,2013,0
23,2014,9.64
23,2015,-0.16
23,2016,4.55
23,2017,-3.89
23,2018,-3.57
23,2019,0
23,2020,0
23,2021,0
23,2022,2.27
230,2010,293.99
230,2011,-14.25
230,2012,-281.02
230,2013,105.34
230,2014,205.9
230,2015,-346.99
230,2016,-936.46
230,2017,-77.04
230,2018,7562.69
230,2019,1181.73
230,2020,2162.4
230,2021,3964.41
230,2022,3127.81
231,2014,0
231,2015,9948.56
231,2016,19680.88
231,2017,0
231,2018,14061.39
231,2019,5603.74
231,2020,1547.09
231,2021,12691.28
231,2022,13663.08
233,2010,0
233,2011,0
233,2012,0
233,2013,11.4
233,2014,-11.4
233,2015,0
233,2016,0
233,2017,0
233,2018,0
233,2019,0
233,2020,0
233,2021,0
233,2022,0
234,2010,-114.71
234,2011,0
234,2012,345.3
234,2013,-178.1
234,2014,1021.48
234,2015,49.19
234,2016,-105.23
234,2017,477.27
234,2018,-613.71
234,2019,-996.2
234,2020,0
234,2021,0
234,2022,0
235,2010,-3.16
235,2011,0
235,2012,5.08
235,2013,17.32
235,2014,-22.4
235,2015,0
235,2016,0
235,2017,0
235,2018,0
235,2019,223.71
235,2020,170.52
235,2021,0
235,2022,2.9
236,2010,0
236,2011,0
236,2012,0
236,2013,0
236,2014,0
236,2015,0
236,2016,0
236,2017,0
236,2018,0
236,2019,0
236,2020,0
236,2021,34.4
236,2022,-34.4
237,2010,0
237,2011,0
237,2012,0
237,2013,115
237,2014,3.76
237,2015,0
237,2016,-118.76
237,2017,0.22
237,2018,0
237,2019,0
237,2020,0
237,2021,0
237,2022,0
238,2010,-687.22
238,2011,215.9
238,2012,221.9
238,2013,16.4
238,2014,185.81
238,2015,197.31
238,2016,193.71
238,2017,193.8
238,2018,198.86
238,2019,207.39
238,2020,289.44
238,2021,272.52
238,2022,275.52
244,2010,0
244,2011,0
244,2012,0
244,2013,48
244,2014,12.3
244,2015,14.89
244,2016,11.91
244,2017,17.57
244,2018,11.2
244,2019,0
244,2020,7.31
244,2021,8.22
244,2022,9.76
249,2010,45.82
249,2011,-50.65
249,2012,0
249,2013,48.2
249,2014,0
249,2015,0
249,2016,0
249,2017,0
249,2018,0
249,2019,0
249,2020,0
249,2021,0
249,2022,0
25,2010,0
25,2011,0
25,2012,0
25,2013,301.8
25,2014,-301.8
25,2015,0
25,2016,0
25,2017,27.63
25,2018,24.41
25,2019,4.17
25,2020,5.2
25,2021,18.37
25,2022,6.17
250,2010,0
250,2011,0
250,2012,214.68
250,2013,158.92
250,2014,329.1
250,2015,233.16
250,2016,-935.86
250,2017,0
250,2018,0
250,2019,0
250,2020,0
250,2021,0
250,2022,0
251,2010,-66.66
251,2011,-43.74
251,2012,26.55
251,2013,13.65
251,2014,58.22
251,2015,132.31
251,2016,46.14
251,2017,-134.88
251,2018,-141.98
251,2019,0
251,2020,0
251,2021,0
251,2022,0
255,2014,5746
255,2015,6020.12
255,2016,2287.24
255,2017,0
255,2018,0
255,2019,1718.05
255,2020,0
255,2021,0
255,2022,0
256,2010,0
256,2011,0
256,2012,0
256,2013,0
256,2014,0
256,2015,0
256,2016,0
256,2017,0
256,2018,0
256,2019,0
256,2020,0
256,2021,0
256,2022,0
27,2010,0
27,2011,0
27,2012,0
27,2013,146.4
27,2014,-146.4
27,2015,0
27,2016,0
27,2017,0
27,2018,163.64
27,2019,47.29
27,2020,38.51
27,2021,45.08
27,2022,52.95
272,2010,0
272,2011,0
272,2012,0
272,2013,0
272,2014,0
272,2015,0
272,2016,0
272,2017,0
272,2018,0
272,2019,0
272,2020,0
272,2021,0
272,2022,0
273,2010,0
273,2011,0
273,2012,0
273,2013,32.4
273,2014,-32.4
273,2015,0
273,2016,0
273,2017,0
273,2018,0
273,2019,0
273,2020,0
273,2021,1.98
273,2022,0
276,2012,-0.32
276,2013,-3.28
276,2014,3.32
276,2015,-3.72
276,2016,98.14
276,2017,-6.69
276,2018,0
276,2019,0
276,2020,0
276,2021,0
276,2022,0
277,2019,-2.03
277,2020,0
277,2021,0
277,2022,0
28,2010,0.2
28,2011,0.2
28,2012,0.2
28,2013,0.2
28,2014,-0.2
28,2015,-0.2
28,2016,-0.2
28,2017,-0.2
28,2018,0.4
28,2019,-0.6
28,2020,0
28,2021,0
28,2022,0
29,2014,156.58
29,2015,-19.79
29,2016,-19.38
29,2017,-19.18
29,2018,158.63
29,2019,0
29,2020,0
29,2021,0
29,2022,0
3,2010,5.04
3,2011,-5.04
3,2012,0
3,2013,6.4
3,2014,0
3,2015,0
3,2016,0
3,2017,0
3,2018,0
3,2019,0
3,2020,0
3,2021,0
3,2022,0
32,2010,-63.94
32,2011,128.46
32,2012,209.72
32,2013,-242.89
32,2014,-61.56
32,2015,1.27
32,2016,-1.46
32,2017,-34.45
32,2018,0
32,2019,0
32,2020,0
32,2021,0
32,2022,0
33,2010,149.22
33,2011,-420.92
33,2012,338.82
33,2013,259.77
33,2014,1625.14
33,2015,-1087.35
33,2016,-5956.99
33,2017,0
33,2018,0
33,2019,0
33,2020,0.01
33,2021,0.01
33,2022,0.01
35,2010,-5.13
35,2011,46.89
35,2012,-19.75
35,2013,-18.93
35,2014,-0.98
35,2015,-1.22
35,2016,-1.27
35,2017,-1.27
35,2018,-1.27
35,2019,-2.2
35,2020,0
35,2021,0
35,2022,0
351,2010,-13811.24
351,2011,-3143.51
351,2012,6483.61
351,2013,147.97
351,2014,44749.07
351,2015,13589.33
351,2016,-7950.92
351,2017,-9871.67
351,2018,-16424.91
351,2019,-42837.94
351,2020,-2396.24
351,2021,-845.24
351,2022,-833.96
37,2010,-12
37,2011,0
37,2012,0
37,2013,0
37,2014,0
37,2015,0
37,2016,0
37,2017,0
37,2018,0
37,2019,0
37,2020,0
37,2021,32.32
37,2022,0
38,2010,-1.59
38,2011,-3.14
38,2012,0
38,2013,7
38,2014,1.02
38,2015,1.01
38,2016,1.11
38,2017,1.02
38,2018,0.04
38,2019,0.42
38,2020,0.67
38,2021,0.33
38,2022,0.33
39,2010,0.4
39,2011,0.4
39,2012,0.4
39,2013,0.4
39,2014,-0.4
39,2015,-0.4
39,2016,12.57
39,2017,42.93
39,2018,-1.23
39,2019,-0.8
39,2020,0
39,2021,0
39,2022,0
4,2010,0
4,2011,0
4,2012,47.91
4,2013,-21.71
4,2014,-1.87
4,2015,-24.33
4,2016,0
4,2017,0
4,2018,0
4,2019,0
4,2020,0
4,2021,0
4,2022,0
40,2010,-84
40,2011,-256
40,2012,0
40,2013,0
40,2014,0
40,2015,0
40,2016,0
40,2017,0
40,2018,0
40,2019,0
40,2020,0
40,2021,0
40,2022,0
41,2010,0
41,2011,0
41,2012,0
41,2013,0
41,2014,-15011.76
41,2015,-5867.44
41,2016,0
41,2017,0
41,2018,0
41,2019,0
41,2020,0
41,2021,0
41,2022,0
44,2010,8.65
44,2011,219.28
44,2012,-227.94
44,2013,286.6
44,2014,700.73
44,2015,704.86
44,2016,-576.66
44,2017,0
44,2018,0
44,2019,-1106.16
44,2020,0
44,2021,0
44,2022,0
45,2010,0
45,2011,0
45,2012,0
45,2013,0
45,2014,0
45,2015,0
45,2016,0
45,2017,0
45,2018,0
45,2019,0
45,2020,0
45,2021,0
45,2022,0
46,2010,-356.21
46,2011,220.55
46,2012,-408.06
46,2013,271.4
46,2014,57.81
46,2015,304.4
46,2016,502.39
46,2017,-583.78
46,2018,-280.94
46,2019,0
46,2020,0
46,2021,0
46,2022,0
48,2010,0
48,2011,900
48,2012,-900
48,2013,85.73
48,2014,619.13
48,2015,871.33
48,2016,845.62
48,2017,1029.62
48,2018,450.94
48,2019,218.5
48,2020,0
48,2021,0
48,2022,0
49,2010,1170.41
49,2011,-857.49
49,2012,-312.88
49,2013,477.15
49,2014,2732.66
49,2015,2619.81
49,2016,831.66
49,2017,0
49,2018,1262.74
49,2019,0
49,2020,0
49,2021,0
49,2022,0
50,2010,51.59
50,2011,60.83
50,2012,42.18
50,2013,-121.95
50,2014,-67.8
50,2015,-103.34
50,2016,-2.75
50,2017,0
50,2018,57.25
50,2019,12.06
50,2020,17.55
50,2021,60.36
50,2022,30.94
5000,2010,-13975.82
5000,2011,-3004.14
5000,2012,-2543.21
5000,2013,-10200.98
5000,2014,89116.27
5000,2015,102026.43
5000,2016,62318.88
5000,2017,40935.97
5000,2018,43469.79
5000,2019,-23901.25
5000,2020,22185
5000,2021,17324.08
5000,2022,29927.38
5100,2010,-1884.5
5100,2011,1628.92
5100,2012,1073.78
5100,2013,1092.69
5100,2014,5513.1
5100,2015,3438
5100,2016,771.22
5100,2017,-1793.86
5100,2018,76.25
5100,2019,-1962.06
5100,2020,2670.95
5100,2021,1451.22
5100,2022,3496.86
5101,2010,-216.51
5101,2011,564.27
5101,2012,153.48
5101,2013,-976.8
5101,2014,603.44
5101,2015,109.37
5101,2016,235.34
5101,2017,54.13
5101,2018,455.65
5101,2019,565.95
5101,2020,430.3
5101,2021,398.58
5101,2022,545.08
5102,2010,-2762.38
5102,2011,427.67
5102,2012,336.33
5102,2013,1621.25
5102,2014,2986.67
5102,2015,-961.56
5102,2016,437.36
5102,2017,-36.75
5102,2018,-1782.16
5102,2019,-2891.4
5102,2020,0
5102,2021,32.32
5102,2022,0
5103,2010,428.51
5103,2011,-90.25
5103,2012,310.59
5103,2013,-156.76
5103,2014,-113.89
5103,2015,1032.16
5103,2016,-934.25
5103,2017,-439.77
5103,2018,-10
5103,2019,0
5103,2020,1.29
5103,2021,0.06
5103,2022,0.06
5104,2010,1104.2
5104,2011,335.41
5104,2012,352.03
5104,2013,351.36
5104,2014,221.23
5104,2015,1883.34
5104,2016,-498.86
5104,2017,-1140.19
5104,2018,465.02
5104,2019,-216.71
5104,2020,939.19
5104,2021,-932.77
5104,2022,2123.3
5105,2010,-438.31
5105,2011,391.82
5105,2012,-78.65
5105,2013,253.65
5105,2014,1815.65
5105,2015,1374.69
5105,2016,1531.62
5105,2017,-231.28
5105,2018,947.74
5105,2019,580.1
5105,2020,1300.17
5105,2021,1953.03
5105,2022,828.41
52,2010,-61.59
52,2011,-130.32
52,2012,0
52,2013,-592.49
52,2014,838.59
52,2015,1856.36
52,2016,1846.65
52,2017,1211.56
52,2018,217.62
52,2019,0
52,2020,539.1
52,2021,0
52,2022,0
5200,2010,1147.54
5200,2011,-200.21
5200,2012,-755.61
5200,2013,-483.87
5200,2014,9187.95
5200,2015,18707.01
5200,2016,17885.86
5200,2017,23116.25
5200,2018,15904.94
5200,2019,4339.94
5200,2020,1641.63
5200,2021,13619.17
5200,2022,13760.01
5203,2010,149.22
5203,2011,-420.92
5203,2012,338.82
5203,2013,259.77
5203,2014,1625.14
5203,2015,8861.21
5203,2016,13723.89
5203,2017,0
5203,2018,14061.39
5203,2019,5603.74
5203,2020,1547.1
5203,2021,12691.3
5203,2022,13663.09
5204,2010,-50.88
5204,2011,843.48
5204,2012,-919.43
5204,2013,284.16
5204,2014,1415.55
5204,2015,1287.22
5204,2016,1932.45
5204,2017,2049.08
5204,2018,1089.58
5204,2019,-1118.21
5204,2020,167.8
5204,2021,-49.96
5204,2022,120.78
5206,2010,1239.26
5206,2011,-586.06
5206,2012,-294.96
5206,2013,533.04
5206,2014,2445.62
5206,2015,2820.55
5206,2016,919.62
5206,2017,23.18
5206,2018,1367.68
5206,2019,93.94
5206,2020,-73.27
5206,2021,143.43
5206,2022,182.44
5207,2010,-190.06
5207,2011,-36.72
5207,2012,119.97
5207,2013,-1560.84
5207,2014,3701.64
5207,2015,5738.02
5207,2016,1309.91
5207,2017,21044
5207,2018,-613.71
5207,2019,-239.53
5207,2020,0
5207,2021,834.4
5207,2022,-206.31
53,2010,-65.14
53,2011,0
53,2012,43.64
53,2013,-26.24
53,2014,-17.4
53,2015,0
53,2016,0
53,2017,0
53,2018,0
53,2019,0
53,2020,0
53,2021,0
53,2022,0
5300,2010,-19029.81
5300,2011,-2584.47
5300,2012,-1178.79
5300,2013,-11420.06
5300,2014,45865.28
5300,2015,20602.95
5300,2016,16048.25
5300,2017,-7884.12
5300,2018,-12891.06
5300,2019,-47171.29
5300,2020,1712.23
5300,2021,3080.77
5300,2022,4492.63
5301,2010,-651.53
5301,2011,452.99
5301,2012,411.12
5301,2013,-711.96
5301,2014,-263.67
5301,2015,-395.42
5301,2016,-177.12
5301,2017,-314.65
5301,2018,0
5301,2019,223.71
5301,2020,189.09
5301,2021,3.68
5301,2022,2.9
5302,2010,-14406.54
5302,2011,-1722.22
5302,2012,7738.88
5302,2013,-1929.26
5302,2014,43630.1
5302,2015,13905.75
5302,2016,-7514.81
5302,2017,-10148.23
5302,2018,-16029.9
5302,2019,-44491.61
5302,2020,-708.59
5302,2021,-845.24
5302,2022,-833.96
5303,2010,-135.5
5303,2011,-209.71
5303,2012,-7.22
5303,2013,636.63
5303,2014,-19.54
5303,2015,124.2
5303,2016,8.71
5303,2017,22.24
5303,2018,329.87
5303,2019,384.53
5303,2020,3027.72
5303,2021,3316.3
5303,2022,3441.58
5304,2010,-1225.59
5304,2011,-1753.16
5304,2012,-1537.21
5304,2013,-839.01
5304,2014,765.22
5304,2015,805.23
5304,2016,791.06
5304,2017,2825.2
5304,2018,2189.76
5304,2019,1149.8
5304,2020,-0.2
5304,2021,-0.2
5304,2022,1308.59
5305,2010,-2610.66
5305,2011,647.62
5305,2012,-7784.36
5305,2013,-8576.46
5305,2014,1753.18
5305,2015,6163.19
5305,2016,22940.41
5305,2017,-268.68
5305,2018,619.21
5305,2019,-4437.73
5305,2020,-795.78
5305,2021,606.23
5305,2022,573.52
54,2010,857.33
54,2011,192.67
54,2012,-1050
54,2013,119
54,2014,-119
54,2015,1252.18
54,2016,1960.04
54,2017,3090.89
54,2018,0
54,2019,1014.11
54,2020,0
54,2021,386.72
54,2022,0
5400,2010,5964.96
5400,2011,-1865.67
5400,2012,-1645.04
5400,2013,-201.19
5400,2014,28254.04
5400,2015,57676.48
5400,2016,27861.61
5400,2017,28454.11
5400,2018,41354.29
5400,2019,20805.84
5400,2020,16025.4
5400,2021,-963.94
5400,2022,8170.71
5401,2010,3910.23
5401,2011,611.04
5401,2012,-1484.3
5401,2013,-1151.78
5401,2014,26187.59
5401,2015,51000.29
5401,2016,20248.3
5401,2017,17757.32
5401,2018,26000.85
5401,2019,5959.05
5401,2020,5313.53
5401,2021,4264.28
5401,2022,5280.09
5402,2010,799.29
5402,2011,123.09
5402,2012,-1490.7
5402,2013,41.06
5402,2014,-1450.29
5402,2015,-248.72
5402,2016,497.58
5402,2017,1984.41
5402,2018,8149.08
5402,2019,8727.48
5402,2020,7105.37
5402,2021,-8017.86
5402,2022,187.8
5403,2010,1255.44
5403,2011,-2599.79
5403,2012,17.29
5403,2013,532.84
5403,2014,-949.11
5403,2015,-149.8
5403,2016,915.04
5403,2017,379.11
5403,2018,2083.22
5403,2019,1579.41
5403,2020,-97.78
5403,2021,170.9
5403,2022,138.57
5404,2010,0
5404,2011,0
5404,2012,1312.68
5404,2013,376.7
5404,2014,4465.86
5404,2015,7074.72
5404,2016,6200.69
5404,2017,8333.27
5404,2018,5121.14
5404,2019,4539.9
5404,2020,3704.28
5404,2021,2618.74
5404,2022,2564.25
55,2010,0
55,2011,0
55,2012,23.95
55,2013,-12.55
55,2014,0
55,2015,0
55,2016,0
55,2017,0
55,2018,0
55,2019,-0.32
55,2020,-0.3
55,2021,-0.15
55,2022,-0.2
5500,2010,-174
5500,2011,17.3
5500,2012,-37.56
5500,2013,811.45
5500,2014,295.9
5500,2015,1601.99
5500,2016,-248.05
5500,2017,-956.42
5500,2018,-974.63
5500,2019,86.33
5500,2020,134.78
5500,2021,136.86
5500,2022,7.19
5501,2010,0
5501,2011,0
5501,2012,0
5501,2013,461.6
5501,2014,681
5501,2015,1600
5501,2016,-500
5501,2017,-1000
5501,2018,-1000
5501,2019,0
5501,2020,0
5501,2021,0
5501,2022,0
5502,2010,-155.51
5502,2011,-35.82
5502,2012,-116.15
5502,2013,457.22
5502,2014,-303.69
5502,2015,-36.45
5502,2016,74.94
5502,2017,-173.64
5502,2018,-104.07
5502,2019,3.51
5502,2020,4.63
5502,2021,24.93
5502,2022,-2.45
5503,2010,0
5503,2011,0
5503,2012,114.19
5503,2013,-60.99
5503,2014,-51.58
5503,2015,2.23
5503,2016,2.19
5503,2017,2.45
5503,2018,2.21
5503,2019,40.04
5503,2020,-21.88
5503,2021,62.81
5503,2022,-19.93
5504,2010,-18.49
5504,2011,53.12
5504,2012,-35.6
5504,2013,-46.39
5504,2014,-29.83
5504,2015,36.2
5504,2016,174.82
5504,2017,214.78
5504,2018,127.22
5504,2019,42.79
5504,2020,152.03
5504,2021,49.12
5504,2022,29.56
56,2010,-0.51
56,2011,4.29
56,2012,4.03
56,2013,2.09
56,2014,0
56,2015,0
56,2016,0
56,2017,0
56,2018,0
56,2019,0
56,2020,1.73
56,2021,1.05
56,2022,1.57
57,2010,0
57,2011,0
57,2012,0
57,2013,635.6
57,2014,28150.96
57,2015,45477.8
57,2016,17808.9
57,2017,15000
57,2018,15534.14
57,2019,0
57,2020,0
57,2021,0
57,2022,0
5707,2010,5787.73
5707,2011,-1775.93
5707,2012,-1378.1
5707,2013,-1108.61
5707,2014,3058.08
5707,2015,14278.94
5707,2016,11385.18
5707,2017,13482.58
5707,2018,14977.79
5707,2019,16344.14
5707,2020,13875.4
5707,2021,-4880.88
5707,2022,5064.71
58,2010,0
58,2011,0
58,2012,0
58,2013,0
58,2014,0
58,2015,0
58,2016,0
58,2017,0
58,2018,0
58,2019,0
58,2020,0
58,2021,0
58,2022,0
5801,2010,-3555.42
5801,2011,164.9
5801,2012,1462.71
5801,2013,1308.95
5801,2014,3780.12
5801,2015,-468.62
5801,2016,1309.12
5801,2017,379.99
5801,2018,-1507.85
5801,2019,-2192.33
5801,2020,380.35
5801,2021,489.6
5801,2022,750.45
5802,2010,-922.63
5802,2011,1204.57
5802,2012,570.36
5802,2013,-1209.93
5802,2014,1575.65
5802,2015,2535.12
5802,2016,3355.25
5802,2017,638.28
5802,2018,693.28
5802,2019,-1315.72
5802,2020,2786.1
5802,2021,1232.73
5802,2022,-371.87
5803,2010,852.6
5803,2011,-653.33
5803,2012,-448.41
5803,2013,936.51
5803,2014,1918.85
5803,2015,2777.47
5803,2016,1249.24
5803,2017,79.41
5803,2018,1461.3
5803,2019,228.08
5803,2020,104.89
5803,2021,235.87
5803,2022,237.25
5815,2010,-598.1
5815,2011,1392.72
5815,2012,488.11
5815,2013,-1097.65
5815,2014,1958.12
5815,2015,1003.02
5815,2016,465.59
5815,2017,-651.32
5815,2018,-208.8
5815,2019,608.01
5815,2020,682.35
5815,2021,390.33
5815,2022,764.32
5817,2010,-2212.64
5817,2011,4901.19
5817,2012,-1680.84
5817,2013,1101.18
5817,2014,7065.72
5817,2015,6345.04
5817,2016,3219.53
5817,2017,-1450.22
5817,2018,2260.66
5817,2019,-3184.25
5817,2020,5737.35
5817,2021,3022.52
5817,2022,6481.32
59,2010,502.28
59,2011,-152.11
59,2012,336.32
59,2013,-176.08
59,2014,-95.14
59,2015,1056.26
59,2016,-1038.44
59,2017,-433.08
59,2018,0
59,2019,0
59,2020,1.29
59,2021,0.06
59,2022,0.06
60,2010,-50.88
60,2011,-39.17
60,2012,-22.61
60,2013,61.93
60,2014,71.68
60,2015,29.6
60,2016,122.2
60,2017,113.38
60,2018,-271.67
60,2019,0
60,2020,0
60,2021,0
60,2022,0
63,2014,0.38
63,2015,746.42
63,2016,1407.95
63,2017,989.56
63,2018,1215.41
63,2019,86.65
63,2020,0
63,2021,65.73
63,2022,0
66,2014,-89.85
66,2015,0
66,2016,0
66,2017,0
66,2018,0
66,2019,0
66,2020,0
66,2021,0
66,2022,0
67,2010,12.17
67,2011,-59.97
67,2012,-496.95
67,2013,-83.67
67,2014,-325.38
67,2015,-128.51
67,2016,-524.27
67,2017,-470.54
67,2018,-672.6
67,2019,0
67,2020,0
67,2021,0
67,2022,0
68,2010,0
68,2011,0
68,2012,0
68,2013,0
68,2014,0
68,2015,0
68,2016,0
68,2017,0
68,2018,0
68,2019,0
68,2020,0
68,2021,0
68,2022,0
7,2010,-2362.38
7,2011,0
7,2012,284.54
7,2013,1546.06
7,2014,2661.73
7,2015,-1500
7,2016,859.73
7,2017,538.55
7,2018,-1500
7,2019,-2890.6
7,2020,0
7,2021,0
7,2022,0
70,2010,-18.49
70,2011,53.12
70,2012,-35.6
70,2013,-94.39
70,2014,-42.13
70,2015,21.32
70,2016,162.9
70,2017,197.21
70,2018,116.02
70,2019,47.93
70,2020,71.57
70,2021,48.32
70,2022,61.24
73,2010,0
73,2011,0
73,2012,98.11
73,2013,222.85
73,2014,93.17
73,2015,67.85
73,2016,85.9
73,2017,93.92
73,2018,108.99
73,2019,97.56
73,2020,94.58
73,2021,48.02
73,2022,43.96
74,2010,31.75
74,2011,78.26
74,2012,35.05
74,2013,-112.64
74,2014,0
74,2015,0
74,2016,0
74,2017,0
74,2018,0
74,2019,0
74,2020,0
74,2021,0
74,2022,0
75,2010,0
75,2011,0
75,2012,0
75,2013,0
75,2014,0
75,2015,32.69
75,2016,-3.88
75,2017,0
75,2018,0
75,2019,0
75,2020,21.64
75,2021,13.24
75,2022,260.13
79,2010,0
79,2011,0
79,2012,0
79,2013,0
79,2014,-339.01
79,2015,-2585.29
79,2016,2799.67
79,2017,4673.09
79,2018,1798.95
79,2019,2821.85
79,2020,3704.28
79,2021,2618.74
79,2022,2564.25
8,2010,0
8,2011,117.97
8,2012,-117.97
8,2013,37.6
8,2014,103.03
8,2015,154.34
8,2016,-19.98
8,2017,135.5
8,2018,138.33
8,2019,100
8,2020,-58.75
8,2021,0
8,2022,195.53
80,2010,0
80,2011,0
80,2012,0
80,2013,0
80,2014,0
80,2015,0
80,2016,0
80,2017,0
80,2018,0
80,2019,0
80,2020,0
80,2021,0
80,2022,0
81,2010,77.61
81,2011,311.7
81,2012,-623.48
81,2013,328.17
81,2014,65.25
81,2015,712.68
81,2016,279.87
81,2017,460.36
81,2018,1615.77
81,2019,926.87
81,2020,1278.12
81,2021,1938.04
81,2022,566.8
83,2010,0
83,2011,0
83,2012,114.19
83,2013,-60.99
83,2014,-51.58
83,2015,2.23
83,2016,2.19
83,2017,2.45
83,2018,2.21
83,2019,0
83,2020,2.38
83,2021,2.59
83,2022,2
84,2014,64.67
84,2015,181.12
84,2016,-154.55
84,2017,-179.24
84,2018,-0.8
84,2019,0
84,2020,0
84,2021,0
84,2022,0
86,2010,0
86,2011,86.11
86,2012,-35.18
86,2013,-33.94
86,2014,-6.06
86,2015,-10.29
86,2016,-0.66
86,2017,0
86,2018,0
86,2019,0
86,2020,0
86,2021,0
86,2022,0
89,2010,0
89,2011,0
89,2012,0
89,2013,6
89,2014,-5.66
89,2015,-0.3
89,2016,-0.11
89,2017,0.37
89,2018,0.41
89,2019,0
89,2020,138.41
89,2021,112.3
89,2022,118.39
9,2010,0
9,2011,0
9,2012,0
9,2013,-1740.34
9,2014,2000
9,2015,5000
9,2016,2000
9,2017,4000
9,2018,0
9,2019,0
9,2020,0
9,2021,0
9,2022,0
90,2010,-153.53
90,2011,-37.95
90,2012,165.63
90,2013,-9.83
90,2014,403.69
90,2015,329.83
90,2016,-29.97
90,2017,-127.8
90,2018,-343.32
90,2019,51.12
90,2020,0
90,2021,0
90,2022,0
91,2010,0
91,2011,0
91,2012,0
91,2013,28.8
91,2014,0
91,2015,0
91,2016,0
91,2017,0
91,2018,0
91,2019,0
91,2020,0
91,2021,0
91,2022,0
93,2010,0
93,2011,0
93,2012,0
93,2013,2.8
93,2014,-2.8
93,2015,0
93,2016,0
93,2017,0
93,2018,0
93,2019,0
93,2020,0
93,2021,0
93,2022,0
95,2010,0
95,2011,0
95,2012,0
95,2013,0
95,2014,0
95,2015,0
95,2016,0
95,2017,0
95,2018,0
95,2019,0
95,2020,0.32
95,2021,0.12
95,2022,0.13
96,2010,-13977.18
96,2011,-3169.41
96,2012,6362.52
96,2013,244.22
96,2014,59403.1
96,2015,18963.08
96,2016,-8414.54
96,2017,-10566.59
96,2018,-17259.23
96,2019,-43573.47
96,2020,-3138.89
96,2021,-1362.29
96,2022,-1125.55
97,2014,-2477.71
97,2015,0
97,2016,0
97,2017,0
97,2018,0
97,2019,0
97,2020,0
97,2021,0
97,2022,0
98,2010,0
98,2011,0
98,2012,0
98,2013,250
98,2014,322.51
98,2015,63.35
98,2016,489.07
98,2017,24.56
98,2018,0
98,2019,0
98,2020,-212.42
98,2021,0
98,2022,0
99,2010,1.3
99,2011,-2.87
99,2012,1.2
99,2013,0.8
99,2014,0.95
99,2015,6.82
99,2016,2.74
99,2017,2.23
99,2018,5.69
99,2019,5.47
99,2020,5.16
99,2021,10.92
99,2022,9.13
