geo,year,cassava_gross_production_value_constant_2004_2006_million_us_vop
100,1961,126.4048
100,1962,121.46159
100,1963,112.79494
100,1964,181.22943
100,1965,194.71089
100,1966,222.57259
100,1967,245.0417
100,1968,298.11374
100,1969,297.62584
100,1970,334.73197
100,1971,329.30729
100,1972,386.84747
100,1973,409.02769
100,1974,412.20546
100,1975,406.10671
100,1976,426.16199
100,1977,409.2588
100,1978,365.17441
100,1979,388.40105
100,1980,375.25341
100,1981,376.71711
100,1982,339.73295
100,1983,342.87221
100,1984,377.87908
100,1985,363.49243
100,1986,313.55965
100,1987,309.07225
100,1988,347.72554
100,1989,310.24064
100,1990,318.54779
100,1991,347.70628
100,1992,374.43168
100,1993,347.48801
100,1994,387.04006
100,1995,375.99168
100,1996,349.43961
100,1997,363.53737
100,1998,428.961
100,1999,374.27119
100,2000,386.08994
100,2001,434.51408
100,2002,418.30422
100,2003,348.34825
100,2004,381.9492
100,2005,479.0928
100,2006,504.26462
100,2007,528.49274
100,2008,581.37219
100,2009,617.77215
100,2010,517.41868
100,2011,518.45868
100,2012,561.50307
100,2013,464.57133
100,2014,522.53072
100,2015,280.73549
100,2016,292.35523
101,1961,809.73512
101,1962,823.95496
101,1963,845.13638
101,1964,887.32553
101,1965,914.94749
101,1966,812.84684
101,1967,777.68438
101,1968,821.75722
101,1969,789.98147
101,1970,758.26941
101,1971,773.56606
101,1972,751.51335
101,1973,809.45217
101,1974,942.97253
101,1975,907.86579
101,1976,882.18975
101,1977,903.67727
101,1978,933.66197
101,1979,995.08301
101,1980,993.31512
101,1981,962.52861
101,1982,939.87672
101,1983,875.82157
101,1984,1025.21026
101,1985,1017.24571
101,1986,963.33976
101,1987,1038.90517
101,1988,1119.57655
101,1989,1238.70028
101,1990,1145.52137
101,1991,1154.55491
101,1992,1195.18046
101,1993,1250.86726
101,1994,1138.23885
101,1995,1117.43236
101,1996,1230.39329
101,1997,1095.18283
101,1998,1063.49986
101,1999,1189.55331
101,2000,1164.29771
101,2001,1234.16672
101,2002,1223.91251
101,2003,1340.48629
101,2004,1405.68106
101,2005,1398.19063
101,2006,1446.34561
101,2007,1446.44823
101,2008,1562.59462
101,2009,1594.87663
101,2010,1730.84946
101,2011,1739.96073
101,2012,1749.61054
101,2013,1732.21008
101,2014,1695.98848
101,2015,1577.67293
101,2016,1501.20122
107,1961,86.1871
107,1962,93.68163
107,1963,88.06073
107,1964,91.80799
107,1965,93.68163
107,1966,96.49208
107,1967,97.42889
107,1968,99.30252
107,1969,99.71472
107,1970,101.17616
107,1971,106.23496
107,1972,109.6075
107,1973,117.10203
107,1974,116.72731
107,1975,175.84041
107,1976,185.48962
107,1977,183.0539
107,1978,198.03097
107,1979,208.87368
107,1980,189.23689
107,1981,203.33204
107,1982,207.85011
107,1983,199.53194
107,1984,234.63837
107,1985,234.55387
107,1986,234.20407
107,1987,243.57223
107,1988,244.69641
107,1989,252.75303
107,1990,260.99701
107,1991,274.48717
107,1992,281.41961
107,1993,282.73115
107,1994,293.05112
107,1995,301.28011
107,1996,309.71146
107,1997,401.18782
107,1998,398.61851
107,1999,396.06568
107,2000,393.52916
107,2001,391.00894
107,2002,388.50483
107,2003,386.01683
107,2004,388.60338
107,2005,411.82162
107,2006,424.77817
107,2007,438.83434
107,2008,474.26155
107,2009,423.84753
107,2010,432.21686
107,2011,441.99273
107,2012,451.98968
107,2013,456.50963
107,2014,794.2896
107,2015,688.52584
107,2016,601.55107
109,1961,4.44476
109,1962,4.44574
109,1963,4.44574
109,1964,4.30265
109,1965,4.50209
109,1966,6.03644
109,1967,7.5017
109,1968,4.1277
109,1969,5.51356
109,1970,9.87991
109,1971,8.53325
109,1972,10.41358
109,1973,7.34782
109,1974,7.23217
109,1975,9.13601
109,1976,10.25627
109,1977,13.76454
109,1978,14.75543
109,1979,14.013
109,1980,11.36624
109,1981,10.72182
109,1982,8.30979
109,1983,8.42299
109,1984,9.64273
109,1985,8.74936
109,1986,8.09662
109,1987,8.34115
109,1988,6.65097
109,1989,4.96323
109,1990,5.78407
109,1991,5.935
109,1992,7.49777
109,1993,10.31753
109,1994,9.31635
109,1995,8.54991
109,1996,9.98184
109,1997,6.72006
109,1998,7.33704
109,1999,8.50924
109,2000,7.53257
109,2001,7.21698
109,2002,6.68135
109,2003,8.45239
109,2004,8.21227
109,2005,6.48043
109,2006,8.67914
109,2007,9.07525
109,2008,7.34635
109,2009,6.85826
109,2010,9.06104
109,2011,10.06221
109,2012,8.83057
109,2013,8.51267
109,2014,8.11475
109,2015,9.69565
109,2016,9.24618
114,1961,38.81164
114,1962,39.73573
114,1963,40.65982
114,1964,41.5839
114,1965,42.50799
114,1966,43.43207
114,1967,44.35616
114,1968,45.28025
114,1969,46.20434
114,1970,47.12842
114,1971,48.05251
114,1972,48.9766
114,1973,49.90068
114,1974,50.82477
114,1975,51.74885
114,1976,55.90724
114,1977,56.36929
114,1978,57.29337
114,1979,58.21746
114,1980,58.67951
114,1981,46.20434
114,1982,36.03938
114,1983,77.62328
114,1984,21.25399
114,1985,58.70215
114,1986,42.45716
114,1987,50.8987
114,1988,60.06564
114,1989,52.47962
114,1990,53.42127
114,1991,46.20434
114,1992,48.6381
114,1993,47.39169
114,1994,43.04294
114,1995,41.22545
114,1996,68.38084
114,1997,47.89255
114,1998,42.50799
114,1999,62.71462
114,2000,38.68421
114,2001,56.23003
114,2002,55.6278
114,2003,39.16233
114,2004,59.40658
114,2005,32.14149
114,2006,60.67858
114,2007,36.75139
114,2008,69.39558
114,2009,75.77206
114,2010,29.88395
114,2011,62.76092
114,2012,86.02526
114,2013,86.41033
114,2014,79.32924
114,2015,65.60332
114,2016,52.84371
115,1961,3.43402
115,1962,3.29765
115,1963,3.33448
115,1964,3.73263
115,1965,7.46526
115,1966,4.60358
115,1967,5.72336
115,1968,9.97856
115,1969,6.64408
115,1970,7.49014
115,1971,3.70774
115,1972,5.22568
115,1973,5.69848
115,1974,6.71873
115,1975,8.70947
115,1976,9.95368
115,1977,11.19789
115,1978,12.4421
115,1979,11.94441
115,1980,37.82397
115,1981,45.28923
115,1982,18.91199
115,1983,10.45136
115,1984,7.7141
115,1985,4.23031
115,1986,15.4282
115,1987,11.44673
115,1988,66.19195
115,1989,15.67704
115,1990,14.93052
115,1991,13.93515
115,1992,37.32629
115,1993,12.7636
115,1994,16.17473
115,1995,20.3926
115,1996,17.33333
115,1997,19.22802
115,1998,16.55645
115,1999,56.86337
115,2000,36.76963
115,2001,35.40075
115,2002,30.3622
115,2003,82.27934
115,2004,90.09322
115,2005,133.28546
115,2006,542.9838
115,2007,551.18488
115,2008,914.80067
115,2009,870.27638
115,2010,1056.93595
115,2011,1999.15701
115,2012,1894.60707
115,2013,1962.51766
115,2014,2136.20961
115,2015,2341.77446
115,2016,2539.80871
120,1961,0.78322
120,1962,0.86154
120,1963,0.86154
120,1964,0.7049
120,1965,0.78322
120,1966,0.78322
120,1967,0.86154
120,1968,0.93986
120,1969,1.01819
120,1970,1.17483
120,1971,1.33147
120,1972,1.56644
120,1973,1.8014
120,1974,1.87973
120,1975,1.56644
120,1976,2.66294
120,1977,3.44616
120,1978,4.3077
120,1979,4.69931
120,1980,5.32589
120,1981,5.48253
120,1982,5.63918
120,1983,5.48253
120,1984,5.32589
120,1985,5.48253
120,1986,5.48253
120,1987,5.09092
120,1988,4.69931
120,1989,4.85596
120,1990,5.09092
120,1991,5.16925
120,1992,5.24757
120,1993,5.32589
120,1994,5.32589
120,1995,5.36505
120,1996,5.48253
120,1997,5.48253
120,1998,5.48253
120,1999,5.56085
120,2000,5.56085
120,2001,0.54904
120,2002,2.28786
120,2003,0.31603
120,2004,4.34687
120,2005,4.01791
120,2006,13.66639
120,2007,18.2819
120,2008,20.51798
120,2009,11.95114
120,2010,39.16799
120,2011,58.20804
120,2012,83.09012
120,2013,98.23037
120,2014,127.64941
120,2015,186.60018
120,2016,242.47394
129,1961,78.50977
129,1962,81.47721
129,1963,83.42723
129,1964,83.45309
129,1965,99.27671
129,1966,86.67615
129,1967,88.3892
129,1968,96.67377
129,1969,106.24636
129,1970,103.28529
129,1971,102.56123
129,1972,102.81559
129,1973,99.60313
129,1974,107.18153
129,1975,111.01206
129,1976,117.8207
129,1977,119.73334
129,1978,135.18349
129,1979,133.07195
129,1980,142.70508
129,1981,141.59484
129,1982,160.94843
129,1983,168.90835
129,1984,173.56086
129,1985,181.60684
129,1986,205.28695
129,1987,184.69297
129,1988,185.36276
129,1989,193.05265
129,1990,194.32441
129,1991,195.59617
129,1992,193.307
129,1993,199.24187
129,1994,200.08971
129,1995,203.48106
129,1996,199.49622
129,1997,205.00716
129,1998,204.49846
129,1999,208.65287
129,2000,208.85296
129,2001,212.8361
129,2002,200.6196
129,2003,168.90615
129,2004,165.27749
129,2005,251.2991
129,2006,252.86599
129,2007,253.80675
129,2008,256.13856
129,2009,256.04411
129,2010,255.10471
129,2011,295.9208
129,2012,307.02824
129,2013,264.06568
129,2014,248.39467
129,2015,226.96209
129,2016,222.93707
130,1961,31.31891
130,1962,31.31891
130,1963,28.97531
130,1964,28.97531
130,1965,28.76226
130,1966,29.40142
130,1967,29.82753
130,1968,30.25364
130,1969,18.94133
130,1970,17.20175
130,1971,21.26064
130,1972,29.57144
130,1973,52.62428
130,1974,54.11566
130,1975,55.39398
130,1976,56.88536
130,1977,58.16368
130,1978,59.65506
130,1979,61.35949
130,1980,62.2117
130,1981,62.85087
130,1982,63.06392
130,1983,30.61285
130,1984,55.11552
130,1985,44.59663
130,1986,46.50581
130,1987,36.09195
130,1988,28.71645
130,1989,32.97263
130,1990,30.84167
130,1991,35.75426
130,1992,27.44708
130,1993,46.02068
130,1994,53.27751
130,1995,69.97198
130,1996,113.88769
130,1997,153.45433
130,1998,177.84771
130,1999,193.11834
130,2000,595.40372
130,2001,716.37225
130,2002,328.14181
130,2003,369.66216
130,2004,539.46901
130,2005,468.21551
130,2006,603.39835
130,2007,690.06906
130,2008,743.80974
130,2009,814.55489
130,2010,852.4252
130,2011,907.46019
130,2012,999.69138
130,2013,1025.57678
130,2014,1067.98812
130,2015,1064.5963
130,2016,1084.1445
131,1961,17.8677
131,1962,21.44124
131,1963,24.87184
131,1964,20.86947
131,1965,23.51389
131,1966,28.44537
131,1967,29.44597
131,1968,28.44537
131,1969,29.16008
131,1970,41.16718
131,1971,35.02069
131,1972,43.16836
131,1973,46.7419
131,1974,49.31485
131,1975,48.02837
131,1976,51.45897
131,1977,52.88838
131,1978,48.60014
131,1979,50.02955
131,1980,47.17072
131,1981,51.45897
131,1982,53.60309
131,1983,53.88898
131,1984,54.3178
131,1985,54.88957
131,1986,55.03251
131,1987,55.46133
131,1988,55.74722
131,1989,57.17663
131,1990,51.45897
131,1991,47.17072
131,1992,44.31189
131,1993,42.88247
131,1994,40.02364
131,1995,32.87656
131,1996,28.58832
131,1997,26.44419
131,1998,24.30007
131,1999,21.44124
131,2000,17.15299
131,2001,15.72357
131,2002,14.29416
131,2003,13.29357
131,2004,11.57827
131,2005,11.14944
131,2006,10.00591
131,2007,5.53341
131,2008,5.03283
131,2009,9.79264
131,2010,5.31557
131,2011,4.74652
131,2012,11.12857
131,2013,8.98288
131,2014,7.42024
131,2015,9.679
131,2016,11.14661
133,1961,8.40359
133,1962,9.16755
133,1963,9.93152
133,1964,10.69548
133,1965,11.45944
133,1966,11.84142
133,1967,12.2234
133,1968,12.60539
133,1969,12.68178
133,1970,11.45944
133,1971,10.69548
133,1972,9.54954
133,1973,8.40359
133,1974,6.87566
133,1975,5.72972
133,1976,4.58378
133,1977,2.29189
133,1978,1.14594
133,1979,0.57297
133,1980,0.35295
133,1981,0.35944
133,1982,0.36594
133,1983,0.37243
133,1984,0.37931
133,1985,0.38618
133,1986,0.39306
133,1987,0.39993
133,1988,0.40643
133,1989,0.4133
133,1990,0.42094
133,1991,0.42896
133,1992,0.43813
133,1993,0.44768
133,1994,0.45723
133,1995,0.46678
133,1996,0.68757
133,1997,1.90991
133,1998,4.00317
133,1999,4.55436
133,2000,5.64836
133,2001,6.77597
133,2002,9.2344
133,2003,9.24395
133,2004,5.14109
133,2005,21.41464
133,2006,36.71796
133,2007,36.71796
133,2008,27.552
133,2009,30.40648
133,2010,14.581
133,2011,17.99178
133,2012,21.51471
133,2013,23.6453
133,2014,19.9211
133,2015,16.175
133,2016,45.40346
137,1961,0.10151
137,1962,0.18776
137,1963,0.20103
137,1964,0.06635
137,1965,0.08924
137,1966,0.11544
137,1967,0.15061
137,1968,0.07995
137,1969,0.07928
137,1970,0.0826
137,1971,0.0836
137,1972,0.08227
137,1973,0.14364
137,1974,0.0899
137,1975,0.07
137,1976,0.08625
137,1977,0.07497
137,1978,0.08161
137,1979,0.06037
137,1980,0.02853
137,1981,0.02488
137,1982,0.02654
137,1983,0.06635
137,1984,0.09123
137,1985,0.10615
137,1986,0.11611
137,1987,0.09454
137,1988,0.1045
137,1989,0.06966
137,1990,0.06303
137,1991,0.06303
137,1992,0.06966
137,1993,0.07431
137,1994,0.04976
137,1995,0.04644
137,1996,0.04644
137,1997,0.06635
137,1998,0.05474
137,1999,0.03682
137,2000,0.05009
137,2001,0.0617
137,2002,0.04644
137,2003,0.04312
137,2004,0.07464
137,2005,0.06834
137,2006,0.0763
137,2007,0.07962
137,2008,0.09952
137,2009,0.14596
137,2010,0.14895
137,2011,0.09952
137,2012,0.16587
137,2013,0.16819
137,2014,0.15459
137,2015,0.29657
137,2016,0.23724
138,1961,6.28162
138,1962,6.28162
138,1963,6.28162
138,1964,6.7004
138,1965,7.11917
138,1966,7.53794
138,1967,7.95672
138,1968,8.37549
138,1969,8.37549
138,1970,9.00366
138,1971,9.63182
138,1972,10.25998
138,1973,10.88814
138,1974,11.51631
138,1975,11.74935
138,1976,14.14621
138,1977,13.85244
138,1978,8.13177
138,1979,6.82707
138,1980,1.5792
138,1981,0.06993
138,1982,0.32832
138,1983,0.44285
138,1984,2.04676
138,1985,0.39951
138,1986,0.22279
138,1987,0.18991
138,1988,2.34995
138,1989,0.54985
138,1990,0.64345
138,1991,0.08082
138,1992,0.281
138,1993,0.23619
138,1994,0.6981
138,1995,0.35345
138,1996,0.23598
138,1997,1.142
138,1998,2.32336
138,1999,4.13121
138,2000,3.84268
138,2001,4.95955
138,2002,5.34608
138,2003,2.72371
138,2004,3.96328
138,2005,2.66676
138,2006,4.32615
138,2007,3.1741
138,2008,2.85604
138,2009,3.85943
138,2010,3.92601
138,2011,3.95721
138,2012,3.88058
138,2013,5.08853
138,2014,3.79724
138,2015,4.65208
138,2016,4.39253
14,1961,1.13351
14,1962,1.04178
14,1963,1.04178
14,1964,0.88469
14,1965,0.87967
14,1966,0.87967
14,1967,0.87967
14,1968,0.9425
14,1969,1.00533
14,1970,1.00533
14,1971,1.06817
14,1972,1.06817
14,1973,1.0933
14,1974,1.131
14,1975,1.131
14,1976,1.14357
14,1977,1.14357
14,1978,1.15613
14,1979,1.15613
14,1980,1.1687
14,1981,1.1687
14,1982,1.19383
14,1983,1.2064
14,1984,1.2064
14,1985,1.2064
14,1986,1.2064
14,1987,1.2064
14,1988,1.25667
14,1989,1.38233
14,1990,1.44517
14,1991,1.56078
14,1992,3.0537
14,1993,0.87087
14,1994,0.51649
14,1995,1.02795
14,1996,0.9048
14,1997,0.81683
14,1998,0.754
14,1999,0.69117
14,2000,0.62833
14,2001,0.54037
14,2002,0.4989
14,2003,0.51775
14,2004,0.39836
14,2005,0.25008
14,2006,0.47125
14,2007,0.56299
14,2008,0.58561
14,2009,0.86836
14,2010,0.50267
14,2011,0.38705
14,2012,0.27647
14,2013,0.42855
14,2014,0.69494
14,2015,0.4764
14,2016,0.3907
144,1961,306.79304
144,1962,324.49263
144,1963,306.79304
144,1964,318.59277
144,1965,318.59277
144,1966,318.59277
144,1967,330.3925
144,1968,330.3925
144,1969,330.3925
144,1970,342.19223
144,1971,365.7917
144,1972,365.7917
144,1973,377.59143
144,1974,377.59143
144,1975,383.49129
144,1976,389.39116
144,1977,395.29103
144,1978,401.19089
144,1979,412.99062
144,1980,424.79036
144,1981,424.79036
144,1982,430.69022
144,1983,436.59009
144,1984,436.59009
144,1985,424.79036
144,1986,424.79036
144,1987,436.59009
144,1988,424.79036
144,1989,436.59009
144,1990,541.65018
144,1991,435.46522
144,1992,382.17645
144,1993,414.30877
144,1994,395.47569
144,1995,492.99281
144,1996,558.59932
144,1997,629.72114
144,1998,665.38689
144,1999,655.23086
144,2000,632.69857
144,2001,704.98562
144,2002,406.62384
144,2003,725.67173
144,2004,756.68968
144,2005,564.31405
144,2006,646.78344
144,2007,585.1814
144,2008,452.95266
144,2009,669.04481
144,2010,1149.0657
144,2011,1191.02
144,2012,967.34133
144,2013,507.74247
144,2014,976.13638
144,2015,956.13229
144,2016,1073.77562
157,1961,1.0694
157,1962,1.09754
157,1963,1.1632
157,1964,1.23825
157,1965,1.31329
157,1966,1.3602
157,1967,1.454
157,1968,1.53843
157,1969,1.56657
157,1970,1.60409
157,1971,1.68852
157,1972,1.78233
157,1973,1.87613
157,1974,1.96994
157,1975,2.06084
157,1976,2.19179
157,1977,2.33109
157,1978,2.25136
157,1979,2.25136
157,1980,1.45419
157,1981,3.60311
157,1982,5.17813
157,1983,6.81787
157,1984,5.80382
157,1985,5.6284
157,1986,5.44078
157,1987,5.25317
157,1988,5.15936
157,1989,5.06556
157,1990,4.97175
157,1991,4.87794
157,1992,4.78414
157,1993,4.87794
157,1994,4.78414
157,1995,4.83104
157,1996,4.87794
157,1997,4.97175
157,1998,4.97175
157,1999,4.83104
157,2000,4.87794
157,2001,7.50453
157,2002,10.12436
157,2003,9.92755
157,2004,8.20179
157,2005,11.19695
157,2006,9.8497
157,2007,10.78776
157,2008,12.01889
157,2009,9.55966
157,2010,6.92186
157,2011,8.05812
157,2012,28.99563
157,2013,25.97486
157,2014,15.31815
157,2015,23.8282
157,2016,17.6151
158,1961,27.3907
158,1962,28.02279
158,1963,28.69702
158,1964,31.43188
158,1965,31.60465
158,1966,31.28861
158,1967,35.56577
158,1968,41.63386
158,1969,41.59172
158,1970,38.2627
158,1971,34.92735
158,1972,19.96171
158,1973,32.84714
158,1974,42.25921
158,1975,36.99641
158,1976,41.59172
158,1977,37.88344
158,1978,43.16353
158,1979,47.21672
158,1980,34.13302
158,1981,39.63223
158,1982,46.31135
158,1983,34.76512
158,1984,39.61116
158,1985,41.29675
158,1986,41.92884
158,1987,42.13954
158,1988,37.92558
158,1989,33.71163
158,1990,29.898
158,1991,26.61112
158,1992,16.07623
158,1993,24.54628
158,1994,13.77963
158,1995,16.37121
158,1996,20.24805
158,1997,27.28535
158,1998,32.9803
158,1999,21.23137
158,2000,34.66293
158,2001,22.22734
158,2002,25.64191
158,2003,25.64191
158,2004,22.35502
158,2005,25.19944
158,2006,29.11842
158,2007,30.65651
158,2008,23.22183
158,2009,22.67634
158,2010,23.81052
158,2011,16.08129
158,2012,22.60133
158,2013,32.88991
158,2014,28.04365
158,2015,38.89732
158,2016,30.88048
159,1961,1230.08687
159,1962,1263.23791
159,1963,1296.55554
159,1964,1329.70658
159,1965,1363.02421
159,1966,1396.34184
159,1967,1429.49288
159,1968,1466.14227
159,1969,1505.95684
159,1970,1700.19862
159,1971,1527.94648
159,1972,1594.24856
159,1973,1599.2462
159,1974,1582.58739
159,1975,1749.17554
159,1976,1832.46961
159,1977,1832.46961
159,1978,1999.05775
159,1979,1999.05775
159,1980,1915.76368
159,1981,1832.46961
159,1982,1949.08131
159,1983,1657.55206
159,1984,1965.74013
159,1985,2014.05069
159,1986,2063.69396
159,1987,2311.57712
159,1988,2571.95439
159,1989,2899.3001
159,1990,3172.3394
159,1991,4331.95815
159,1992,4861.70846
159,1993,5018.96767
159,1994,5165.06547
159,1995,5231.53414
159,1996,5233.86638
159,1997,5339.15009
159,1998,5446.59944
159,1999,5446.93262
159,2000,5332.48656
159,2001,5342.14867
159,2002,5683.98755
159,2003,6047.81606
159,2004,6471.11654
159,2005,6924.2363
159,2006,7616.57663
159,2007,7231.59143
159,2008,7426.83273
159,2009,6134.15003
159,2010,7085.52361
159,2011,7694.74779
159,2012,8487.71469
159,2013,7897.40593
159,2014,9383.65706
159,2015,9602.68566
159,2016,9517.92677
166,1961,3.76173
166,1962,3.804
166,1963,3.84627
166,1964,3.95193
166,1965,4.20553
166,1966,4.37883
166,1967,4.66413
166,1968,5.01494
166,1969,5.11427
166,1970,7.39667
166,1971,7.79989
166,1972,8.22213
166,1973,8.26567
166,1974,8.34872
166,1975,8.43199
166,1976,8.51716
166,1977,8.43178
166,1978,8.34767
166,1979,8.4155
166,1980,7.17371
166,1981,7.27705
166,1982,7.38187
166,1983,7.15765
166,1984,7.26078
166,1985,7.36518
166,1986,7.47127
166,1987,7.57884
166,1988,7.68809
166,1989,6.7185
166,1990,6.3326
166,1991,6.41692
166,1992,6.5023
166,1993,6.58874
166,1994,6.67623
166,1995,6.7652
166,1996,6.85502
166,1997,6.45306
166,1998,6.7018
166,1999,6.01286
166,2000,6.66566
166,2001,4.23491
166,2002,4.29155
166,2003,6.44292
166,2004,5.51453
166,2005,5.85245
166,2006,4.92301
166,2007,4.55698
166,2008,4.26027
166,2009,4.81756
166,2010,5.17619
166,2011,4.47731
166,2012,4.5238
166,2013,5.49424
166,2014,3.97349
166,2015,2.38173
166,2016,2.82193
169,1961,38.56571
169,1962,38.67434
169,1963,38.7985
169,1964,56.21126
169,1965,58.66333
169,1966,55.75344
169,1967,56.64581
169,1968,58.35294
169,1969,60.10353
169,1970,61.30551
169,1971,46.39524
169,1972,46.87634
169,1973,42.98485
169,1974,54.12902
169,1975,55.39013
169,1976,61.04265
169,1977,66.6791
169,1978,71.29406
169,1979,73.25052
169,1980,78.79975
169,1981,78.0781
169,1982,97.43079
169,1983,101.26408
169,1984,107.67359
169,1985,111.01526
169,1986,111.55538
169,1987,134.54155
169,1988,150.96274
169,1989,154.35206
169,1990,137.73261
169,1991,100.2906
169,1992,101.05092
169,1993,98.22078
169,1994,94.52473
169,1995,120.16776
169,1996,102.62376
169,1997,121.02814
169,1998,130.90019
169,1999,113.81341
169,2000,105.50902
169,2001,138.43343
169,2002,171.89015
169,2003,181.14258
169,2004,213.39174
169,2005,185.65081
169,2006,186.23279
169,2007,186.23279
169,2008,86.07563
169,2009,101.26408
169,2010,101.81052
169,2011,95.20519
169,2012,65.39875
169,2013,108.63579
169,2014,118.7234
169,2015,122.91577
169,2016,122.86708
170,1961,31.78319
170,1962,32.83549
170,1963,34.86643
170,1964,43.28836
170,1965,39.16937
170,1966,42.43666
170,1967,44.18661
170,1968,34.79852
170,1969,39.22308
170,1970,43.44494
170,1971,42.01591
170,1972,38.88629
170,1973,40.13109
170,1974,40.88183
170,1975,34.84716
170,1976,35.09014
170,1977,36.09162
170,1978,35.74393
170,1979,35.09703
170,1980,41.10493
170,1981,42.30092
170,1982,41.81958
170,1983,42.32263
170,1984,43.46281
170,1985,42.20249
170,1986,44.21686
170,1987,46.82042
170,1988,41.61749
170,1989,41.12717
170,1990,33.22293
170,1991,35.80566
170,1992,33.68536
170,1993,38.23259
170,1994,44.68085
170,1995,47.72765
170,1996,61.28556
170,1997,64.92844
170,1998,76.83152
170,1999,76.45881
170,2000,76.94093
170,2001,74.72107
170,2002,77.6051
170,2003,79.27954
170,2004,84.65824
170,2005,87.57183
170,2006,99.38267
170,2007,100.96217
170,2008,102.16321
170,2009,101.65746
170,2010,108.1181
170,2011,97.26132
170,2012,97.5138
170,2013,103.28299
170,2014,104.26503
170,2015,107.23886
170,2016,103.05963
171,1961,42.39596
171,1962,38.79063
171,1963,42.90528
171,1964,49.65656
171,1965,51.29878
171,1966,50.6356
171,1967,41.14368
171,1968,39.75503
171,1969,37.79647
171,1970,35.22238
171,1971,34.54147
171,1972,36.62527
171,1973,38.00221
171,1974,49.67884
171,1975,80.09867
171,1976,122.82203
171,1977,142.82848
171,1978,173.33353
171,1979,165.82824
171,1980,154.51195
171,1981,136.65435
171,1982,124.46986
171,1983,93.67832
171,1984,121.25975
171,1985,137.16725
171,1986,140.21048
171,1987,145.10005
171,1988,151.74033
171,1989,150.19057
171,1990,150.72112
171,1991,147.58981
171,1992,145.05687
171,1993,149.88106
171,1994,153.74012
171,1995,154.99199
171,1996,155.38817
171,1997,159.22895
171,1998,140.99792
171,1999,153.72434
171,2000,143.59139
171,2001,134.34699
171,2002,132.20847
171,2003,131.92409
171,2004,133.41049
171,2005,136.42297
171,2006,142.87119
171,2007,152.16483
171,2008,157.8928
171,2009,166.19947
171,2010,170.8946
171,2011,179.69609
171,2012,180.79374
171,2013,192.04704
171,2014,206.57873
171,2015,220.45756
171,2016,228.93595
175,1984,2.79708
175,1985,6.29343
175,1986,9.78978
175,1987,13.9854
175,1988,19.09007
175,1989,14.68467
175,1990,12.23093
175,1991,8.29963
175,1992,10.26528
175,1993,10.26528
175,1994,10.37087
175,1995,10.29395
175,1996,14.75459
175,1997,22.16685
175,1998,22.37664
175,1999,20.09212
175,2000,21.05119
175,2001,23.77518
175,2002,23.38367
175,2003,26.57225
175,2004,25.4678
175,2005,24.40251
175,2006,27.9708
175,2007,30.34622
175,2008,33.38105
175,2009,19.38446
175,2010,47.77971
175,2011,42.18206
175,2012,47.77971
175,2013,16.10908
175,2014,32.26698
175,2015,38.62457
175,2016,37.11567
177,1961,3.04653
177,1962,2.93947
177,1963,2.93947
177,1964,2.71511
177,1965,2.84749
177,1966,2.64893
177,1967,2.7594
177,1968,2.42798
177,1969,2.20752
177,1970,2.16323
177,1971,2.07515
177,1972,2.09705
177,1973,2.20752
177,1974,2.19
177,1975,1.898
177,1976,1.80991
177,1977,1.78655
177,1978,1.84301
177,1979,1.72183
177,1980,1.57826
177,1981,1.49455
177,1982,1.34417
177,1983,1.43469
177,1984,1.14805
177,1985,1.07748
177,1986,1.10376
177,1987,1.13929
177,1988,1.20109
177,1989,1.32471
177,1990,1.15681
177,1991,1.23613
177,1992,0.99329
177,1993,0.21413
177,1994,0.38398
177,1995,0.28713
177,1996,0.18785
177,1997,0.13675
177,1998,0.2628
177,1999,0.28505
177,2000,0.2799
177,2001,0.27068
177,2002,0.25977
177,2003,0.26864
177,2004,0.26864
177,2005,0.22192
177,2006,0.2336
177,2007,0.24333
177,2008,0.2107
177,2009,0.1944
177,2010,0.16601
177,2011,0.14317
177,2012,0.12012
177,2013,0.09672
177,2014,0.05159
177,2015,0.06027
177,2016,0.10878
184,1961,27.70577
184,1962,29.70059
184,1963,46.32406
184,1964,38.56644
184,1965,39.45302
184,1966,43.90811
184,1967,50.97863
184,1968,51.71006
184,1969,62.61505
184,1970,76.38726
184,1971,82.44973
184,1972,77.65951
184,1973,80.56396
184,1974,79.84937
184,1975,87.43056
184,1976,92.07427
184,1977,98.48317
184,1978,82.68378
184,1979,145.0364
184,1980,120.1544
184,1981,118.99276
184,1982,131.36505
184,1983,110.93614
184,1984,116.09828
184,1985,128.22454
184,1986,104.07619
184,1987,107.12826
184,1988,76.71175
184,1989,68.82114
184,1990,58.77835
184,1991,87.77189
184,1992,57.84966
184,1993,64.49904
184,1994,46.98899
184,1995,32.80364
184,1996,48.90357
184,1997,44.99285
184,1998,41.70982
184,1999,70.24721
184,2000,181.96975
184,2001,174.8589
184,2002,228.53429
184,2003,222.32842
184,2004,169.72513
184,2005,173.24731
184,2006,169.60323
184,2007,172.75415
184,2008,372.76967
184,2009,447.66791
184,2010,526.90022
184,2011,571.62554
184,2012,602.08438
184,2013,653.43969
184,2014,701.54842
184,2015,743.89608
184,2016,784.08797
189,1961,1.49888
189,1962,1.545
189,1963,1.56806
189,1964,1.59112
189,1965,1.59112
189,1966,1.61417
189,1967,1.67182
189,1968,1.72947
189,1969,1.78712
189,1970,1.84477
189,1971,1.90242
189,1972,1.96007
189,1973,2.01772
189,1974,2.07537
189,1975,1.91626
189,1976,1.95546
189,1977,1.96007
189,1978,2.02925
189,1979,2.07537
189,1980,2.07537
189,1981,2.07537
189,1982,2.09843
189,1983,2.12149
189,1984,2.12149
189,1985,2.14455
189,1986,2.14455
189,1987,2.16761
189,1988,2.16761
189,1989,2.16761
189,1990,2.19067
189,1991,2.19498
189,1992,2.21373
189,1993,2.22227
189,1994,2.23678
189,1995,2.2486
189,1996,2.25984
189,1997,2.28135
189,1998,2.29908
189,1999,2.30596
189,2000,2.31816
189,2001,2.31705
189,2002,2.31528
189,2003,2.31971
189,2004,2.3278
189,2005,2.33819
189,2006,2.34171
189,2007,2.37514
189,2008,2.53656
189,2009,2.66958
189,2010,2.79121
189,2011,2.88578
189,2012,2.99775
189,2013,2.88245
189,2014,2.84301
189,2015,2.95932
189,2016,3.0433
19,1961,16.14229
19,1962,14.7743
19,1963,15.10262
19,1964,15.3215
19,1965,16.41589
19,1966,17.51028
19,1967,19.69907
19,1968,21.88786
19,1969,23.25585
19,1970,24.21891
19,1971,25.60879
19,1972,26.50619
19,1973,26.81875
19,1974,29.49389
19,1975,31.2285
19,1976,33.34615
19,1977,32.20689
19,1978,23.03916
19,1979,22.04435
19,1980,23.97432
19,1981,20.94996
19,1982,31.51435
19,1983,19.7412
19,1984,30.6789
19,1985,41.17084
19,1986,45.9645
19,1987,46.4294
19,1988,47.05889
19,1989,49.59668
19,1990,43.07421
19,1991,39.84181
19,1992,35.51283
19,1993,34.1444
19,1994,30.96267
19,1995,32.69739
19,1996,33.02648
19,1997,34.47206
19,1998,33.69515
19,1999,35.91775
19,2000,37.4568
19,2001,36.6765
19,2002,37.84958
19,2003,38.84679
19,2004,39.71179
19,2005,40.54528
19,2006,40.63262
19,2007,39.46129
19,2008,39.54359
19,2009,27.23451
19,2010,29.13711
19,2011,29.43238
19,2012,26.4727
19,2013,26.6812
19,2014,26.9011
19,2015,27.62699
19,2016,21.88403
195,1961,37.81977
195,1962,40.97794
195,1963,39.93392
195,1964,40.71693
195,1965,39.13132
195,1966,63.01337
195,1967,62.47883
195,1968,60.6343
195,1969,46.13881
195,1970,42.25687
195,1971,35.89015
195,1972,39.0726
195,1973,34.29619
195,1974,31.3356
195,1975,28.50185
195,1976,17.69621
195,1977,19.60442
195,1978,21.14331
195,1979,6.43302
195,1980,6.91666
195,1981,8.79695
195,1982,8.36002
195,1983,4.51227
195,1984,5.01888
195,1985,8.07944
195,1986,19.58693
195,1987,13.8033
195,1988,14.32531
195,1989,15.2926
195,1990,18.08197
195,1991,6.39961
195,1992,11.9914
195,1993,11.34071
195,1994,20.07528
195,1995,14.48975
195,1996,9.65331
195,1997,12.15348
195,1998,17.12408
195,1999,27.14697
195,2000,34.67699
195,2001,35.9909
195,2002,27.9172
195,2003,47.43027
195,2004,104.78033
195,2005,73.45961
195,2006,31.33142
195,2007,80.47128
195,2008,240.35155
195,2009,69.30571
195,2010,47.30371
195,2011,40.42435
195,2012,49.45255
195,2013,38.11497
195,2014,67.14614
195,2015,114.73067
195,2016,109.82394
200,1961,0.65977
200,1962,0.71573
200,1963,0.72722
200,1964,0.85038
200,1965,0.87061
200,1966,0.85288
200,1967,0.85288
200,1968,0.87436
200,1969,0.91383
200,1970,0.86811
200,1971,0.85937
200,1972,0.86936
200,1973,0.59956
200,1974,0.44967
200,1975,0.21809
200,1976,0.23383
200,1977,0.31327
200,1978,0.2748
200,1979,0.20885
200,1980,0.21159
200,1981,0.17037
200,1982,0.17312
200,1983,0.11816
200,1984,0.09618
200,1985,0.0742
200,1986,0.04946
200,1987,0.03572
200,1988,0.01699
200,1989,0.01049
200,1990,0.005
200,1991,0.0025
200,1992,0.00235
200,1993,0.00195
200,1994,0.00169
200,1995,0.00151
200,1996,0.00125
200,1999,0.00026
200,2000,0.0002
200,2001,0.00014
200,2002,0.0001
200,2003,0.00007
200,2004,0.00006
200,2005,0.00005
200,2007,0.00004
200,2008,0.00007
200,2009,0.00011
200,2010,0.00011
200,2011,0.00011
200,2012,0.00011
200,2013,0.00011
200,2014,0.00011
200,2015,0.00011
200,2016,0.00011
206,1961,134.78974
206,1962,134.78974
206,1963,134.78974
206,1964,134.78974
206,1965,134.78974
206,1966,134.78974
206,1967,107.83179
206,1968,94.35282
206,1969,87.61333
206,1970,90.30913
206,1971,90.30913
206,1972,90.30913
206,1973,94.35282
206,1974,61.95071
206,1975,87.72453
206,1976,66.72092
206,1977,64.02513
206,1978,69.41672
206,1979,85.59149
206,1980,82.22174
206,1981,84.24359
206,1982,84.24359
206,1983,84.24359
206,1984,67.39487
206,1985,60.65538
206,1986,53.9159
206,1987,53.9159
206,1988,43.80667
206,1989,10.10923
206,1990,4.04369
206,1991,5.39159
206,1992,5.72856
206,1993,5.39159
206,1994,5.72856
206,1995,6.06554
206,1996,6.40251
206,1997,6.6047
206,1998,6.67209
206,1999,6.46991
206,2000,6.73949
206,2001,6.87428
206,2002,6.94167
206,2003,7.00907
206,2004,6.94305
206,2005,7.07646
206,2006,7.00907
206,2007,6.73949
206,2008,6.99929
206,2009,7.09653
206,2010,7.06858
206,2011,7.09806
207,1961,0.91107
207,1962,0.95564
207,1963,0.83416
207,1964,0.92684
207,1965,0.81326
207,1966,0.45396
207,1967,0.43384
207,1968,0.54349
207,1969,0.77382
207,1970,0.65786
207,1971,0.72333
207,1972,0.70992
207,1973,0.74976
207,1974,0.90989
207,1975,0.70046
207,1976,0.90712
207,1977,0.84757
207,1978,0.9584
207,1979,1.08145
207,1980,1.16585
207,1981,0.7888
207,1982,1.01401
207,1983,1.04871
207,1984,1.48295
207,1985,1.1832
207,1986,0.69336
207,1987,1.52042
207,1988,0.72688
207,1989,0.78683
207,1990,0.96628
207,1991,1.20608
207,1992,1.38711
207,1993,2.51392
207,1994,2.7056
207,1995,2.72926
207,1996,1.98857
207,1997,1.88603
207,1998,1.03767
207,1999,1.44272
207,2000,1.19938
207,2001,2.06509
207,2002,1.66162
207,2003,1.6699
207,2004,1.65649
207,2005,1.63677
207,2006,1.62494
207,2007,1.5571
207,2008,1.1414
207,2009,1.55039
207,2010,1.67345
207,2011,1.31494
207,2012,1.65097
207,2013,2.79118
207,2014,2.81169
207,2015,2.31869
207,2016,1.93851
21,1961,1264.69408
21,1962,1389.7069
21,1963,1558.15289
21,1964,1705.71094
21,1965,1750.32067
21,1966,1730.53421
21,1967,1909.69031
21,1968,2045.2149
21,1969,2106.18673
21,1970,2063.48975
21,1971,2117.05819
21,1972,2089.02681
21,1973,1857.78251
21,1974,1736.66804
21,1975,1829.1113
21,1976,1781.86942
21,1977,1815.93602
21,1978,1783.01461
21,1979,1748.19277
21,1980,1643.38437
21,1981,1716.9701
21,1982,1685.87181
21,1983,1530.08678
21,1984,1503.35746
21,1985,1619.51243
21,1986,1789.7793
21,1987,1645.78737
21,1988,1513.53447
21,1989,1653.94488
21,1990,1703.36691
21,1991,1718.4504
21,1992,1535.03899
21,1993,1530.63318
21,1994,1713.32289
21,1995,1780.46203
21,1996,1242.6178
21,1997,1393.40299
21,1998,1365.84616
21,1999,1461.20534
21,2000,1613.86814
21,2001,1581.37898
21,2002,1621.15955
21,2003,1538.01416
21,2004,1675.66315
21,2005,1811.91104
21,2006,1865.62655
21,2007,1858.77642
21,2008,1870.11067
21,2009,1709.09923
21,2010,1748.53314
21,2011,1775.3203
21,2012,1613.89384
21,2013,1504.61765
21,2014,1628.52786
21,2015,1614.95464
21,2016,1476.50958
216,1961,50.06587
216,1962,60.2381
216,1963,61.22933
216,1964,45.15268
216,1965,42.78019
216,1966,54.87466
216,1967,59.80525
216,1968,75.72818
216,1969,89.30183
216,1970,99.51107
216,1971,90.31695
216,1972,115.25998
216,1973,164.39194
216,1974,180.98195
216,1975,205.75096
216,1976,296.70599
216,1977,343.39295
216,1978,474.43374
216,1979,321.96805
216,1980,479.71818
216,1981,514.63842
216,1982,515.91133
216,1983,550.73411
216,1984,579.64481
216,1985,558.68432
216,1986,442.44431
216,1987,567.1385
216,1988,646.98124
216,1989,703.74228
216,1990,600.38767
216,1991,571.51548
216,1992,590.38757
216,1993,585.95508
216,1994,553.71622
216,1995,470.36165
216,1996,504.30737
216,1997,524.48801
216,1998,452.18097
216,1999,478.75019
216,2000,552.9313
216,2001,533.54291
216,2002,489.24027
216,2003,571.87785
216,2004,621.84957
216,2005,491.26869
216,2006,655.0271
216,2007,780.64537
216,2008,729.6066
216,2009,872.65854
216,2010,638.24387
216,2011,635.53715
216,2012,865.71124
216,2013,876.70505
216,2014,870.74512
216,2015,938.48831
216,2016,903.77862
217,1961,34.59751
217,1962,34.59751
217,1963,36.08026
217,1964,37.56301
217,1965,39.54001
217,1966,41.51701
217,1967,43.98826
217,1968,45.47102
217,1969,49.42502
217,1970,49.42502
217,1971,49.42502
217,1972,38.35381
217,1973,42.24346
217,1974,41.12161
217,1975,40.42966
217,1976,38.80655
217,1977,31.53909
217,1978,36.64964
217,1979,42.7561
217,1980,40.31678
217,1981,36.77992
217,1982,36.26551
217,1983,34.12026
217,1984,43.92965
217,1985,46.891
217,1986,40.59988
217,1987,35.11153
217,1988,40.8387
217,1989,40.38735
217,1990,58.60492
217,1991,50.46571
217,1992,44.68941
217,1993,38.49695
217,1994,52.54136
217,1995,59.52868
217,1996,54.20105
217,1997,58.89406
217,1998,57.27183
217,1999,68.60173
217,2000,69.26392
217,2001,67.10583
217,2002,71.93406
217,2003,76.99083
217,2004,66.77073
217,2005,67.03871
217,2006,75.85415
217,2007,76.42709
217,2008,78.62245
217,2009,88.53553
217,2010,89.83046
217,2011,98.70571
217,2012,94.88506
217,2013,89.24774
217,2014,113.98486
217,2015,102.71853
217,2016,101.56604
220,1961,1.31495
220,1962,1.4396
220,1963,1.55984
220,1964,1.44443
220,1965,1.35556
220,1966,1.39215
220,1967,1.41548
220,1968,1.35717
220,1969,1.42553
220,1970,1.37164
220,1971,1.37768
220,1972,1.60528
220,1973,1.82564
220,1974,1.91411
220,1975,1.88596
220,1976,2.01062
220,1977,2.01062
220,1978,1.84977
220,1979,2.01062
220,1980,1.72913
220,1981,1.64871
220,1982,1.00531
220,1983,0.80425
220,1984,0.63978
220,1985,0.40011
220,1986,0.17291
220,1987,0.28832
220,1988,0.58791
220,1989,0.3024
220,1990,0.31929
220,1991,0.44515
220,1992,0.21313
220,1993,0.38363
220,1994,0.37518
220,1995,0.27988
220,1996,0.57504
220,1997,0.56297
220,1998,0.48348
220,1999,0.44515
220,2000,0.3221
220,2001,0.10777
220,2002,0.48858
220,2003,0.2075
220,2004,0.23122
220,2005,0.37156
220,2006,0.67155
220,2007,0.86859
220,2008,1.10423
220,2009,0.92529
220,2010,0.92931
220,2011,1.21884
220,2012,0.75921
220,2013,1.28358
220,2014,1.28438
220,2015,0.93494
220,2016,1.01717
23,1989,0.41577
23,1990,0.27025
23,1991,0.40778
23,1992,0.53624
23,1993,0.42164
23,1994,0.28251
23,1995,0.36513
23,1996,0.33795
23,1997,0.18657
23,1998,0.5437
23,1999,0.3646
23,2000,0.48347
23,2001,0.86033
23,2002,0.79956
23,2003,0.65404
23,2004,0.63432
23,2005,0.09595
23,2006,0.1274
23,2007,0.1743
23,2008,0.16204
23,2009,0.17484
23,2010,0.21908
23,2011,0.16897
23,2012,0.22388
23,2013,0.23561
23,2014,0.49413
23,2015,0.363
23,2016,0.28682
233,1961,2.31459
233,1962,2.08313
233,1963,2.00598
233,1964,1.92882
233,1965,2.00598
233,1966,2.08313
233,1967,2.31459
233,1968,2.31459
233,1969,2.31459
233,1970,2.31459
233,1971,2.31459
233,1972,2.31459
233,1973,1.54306
233,1974,1.92882
233,1975,2.00598
233,1976,2.04455
233,1977,2.08313
233,1978,2.12171
233,1979,2.16028
233,1980,2.19886
233,1981,2.2004
233,1982,2.2004
233,1983,2.44883
233,1984,2.41913
233,1985,1.02328
233,1986,0.53004
233,1987,0.58019
233,1988,0.32481
233,1989,0.02284
233,1990,0.34256
233,1991,0.23146
233,1992,0.11573
233,1993,0.03858
233,1994,0.07715
233,1995,0.15431
233,1996,0.21983
233,1997,0.27312
233,1998,0.31518
233,1999,0.34729
233,2000,0.37448
233,2001,0.36393
233,2002,0.36987
233,2003,0.37876
233,2004,0.37467
233,2005,0.36848
233,2006,0.36145
233,2007,0.35537
233,2008,0.34719
233,2009,0.33175
233,2010,0.31959
233,2011,0.32404
233,2012,0.34719
233,2013,0.33561
233,2014,0.31656
233,2015,0.36767
233,2016,0.36698
236,1961,84.37677
236,1962,80.29303
236,1963,85.16402
236,1964,77.53008
236,1965,74.97457
236,1966,79.59533
236,1967,78.49169
236,1968,84.78892
236,1969,77.06992
236,1970,78.89812
236,1971,80.27288
236,1972,79.14014
236,1973,67.66846
236,1974,72.87624
236,1975,78.94688
236,1976,73.28292
236,1977,75.71157
236,1978,75.60163
236,1979,78.38647
236,1980,77.6338
236,1981,81.45786
236,1982,74.94845
236,1983,80.77259
236,1984,82.24336
236,1985,77.19354
236,1986,77.83154
236,1987,79.04214
236,1988,81.49766
236,1989,86.64026
236,1990,75.03029
236,1991,94.78535
236,1992,81.46184
236,1993,79.6401
236,1994,70.88561
236,1995,74.42984
236,1996,83.66016
236,1997,101.73079
236,1998,129.10462
236,1999,147.74783
236,2000,141.91947
236,2001,150.61849
236,2002,129.51926
236,2003,135.62372
236,2004,127.21423
236,2005,132.15411
236,2006,121.6433
236,2007,103.70127
236,2008,116.80341
236,2009,90.65609
236,2010,93.134
236,2011,120.44763
236,2012,92.50843
236,2013,91.56721
236,2014,89.01643
236,2015,85.57216
236,2016,76.21117
237,1961,60.40122
237,1962,74.91325
237,1963,78.48239
237,1964,72.00759
237,1965,65.11991
237,1966,62.61529
237,1967,61.48822
237,1968,60.11068
237,1969,58.23222
237,1970,59.17145
237,1971,60.73684
237,1972,64.32469
237,1973,68.87682
237,1974,68.87682
237,1975,73.78586
237,1976,115.40625
237,1977,172.41748
237,1978,199.56747
237,1979,214.26954
237,1980,208.07062
237,1981,185.90481
237,1982,179.12357
237,1983,181.94126
237,1984,190.28162
237,1985,184.07644
237,1986,180.47606
237,1987,171.46572
237,1988,177.78361
237,1989,161.88558
237,1990,142.49989
237,1991,153.71429
237,1992,160.78982
237,1993,153.40747
237,1994,147.66565
237,1995,137.12749
237,1996,129.4446
237,1997,150.4896
237,1998,111.66812
237,1999,121.09442
237,2000,124.37276
237,2001,219.72959
237,2002,277.88668
237,2003,332.41834
237,2004,364.46485
237,2005,420.53684
237,2006,487.30353
237,2007,512.99459
237,2008,582.94213
237,2009,534.13977
237,2010,538.21603
237,2011,619.76074
237,2012,609.60517
237,2013,610.98007
237,2014,639.29477
237,2015,672.48827
237,2016,691.59742
251,1961,25.25506
251,1962,25.25506
251,1963,24.41323
251,1964,23.73976
251,1965,23.40303
251,1966,30.30608
251,1967,31.14791
251,1968,31.14791
251,1969,31.14791
251,1970,31.98975
251,1971,32.83158
251,1972,32.83158
251,1973,32.83158
251,1974,32.83158
251,1975,36.19893
251,1976,40.4081
251,1977,43.77544
251,1978,47.14279
251,1979,49.66829
251,1980,53.03563
251,1981,55.56114
251,1982,56.40298
251,1983,57.24481
251,1984,58.92848
251,1985,60.61216
251,1986,66.33664
251,1987,69.70398
251,1988,73.40805
251,1989,101.02026
251,1990,107.75494
251,1991,114.82636
251,1992,118.781
251,1993,125.26512
251,1994,123.85947
251,1995,124.50539
251,1996,120.64833
251,1997,118.1937
251,1998,137.54969
251,1999,163.45465
251,2000,137.26094
251,2001,159.94874
251,2002,160.46112
251,2003,161.12731
251,2004,161.12731
251,2005,177.79565
251,2006,178.4501
251,2007,178.4501
251,2008,199.61603
251,2009,195.44945
251,2010,193.90839
251,2011,190.61681
251,2012,186.543
251,2013,187.6591
251,2014,154.81304
251,2015,160.41512
251,2016,170.10088
26,1961,0.75724
26,1962,0.72788
26,1963,0.58249
26,1964,0.64074
26,1965,0.67396
26,1966,0.67396
26,1967,0.67396
26,1968,0.7221
26,1969,0.9628
26,1970,0.9628
26,1971,1.22612
26,1972,1.4442
26,1973,0.9628
26,1974,0.9628
26,1975,0.9628
26,1976,0.9628
26,1977,0.7221
26,1978,0.4814
26,1979,0.43326
26,1980,0.32735
26,1981,0.31676
26,1982,0.20315
26,1983,0.32254
26,1984,0.4814
26,1985,0.4814
26,1986,0.4814
26,1987,0.4814
26,1988,0.4814
26,1989,0.4814
26,1990,0.4814
26,1991,0.4814
26,1992,0.57768
26,1993,0.61835
26,1994,0.67396
26,1995,0.68732
26,1996,0.7221
26,1997,0.73744
26,1998,0.77024
26,1999,0.79811
26,2000,0.81838
26,2001,0.77024
26,2002,0.86652
26,2003,0.95014
26,2004,1.02902
26,2005,1.13809
26,2006,1.20619
26,2007,1.27954
26,2008,1.38124
26,2009,1.42299
26,2010,1.49234
26,2011,1.45587
26,2012,1.4442
26,2013,1.4442
26,2014,1.4679
26,2015,1.56089
26,2016,1.55056
29,1961,103.21698
29,1962,103.21698
29,1963,103.21698
29,1964,108.79628
29,1965,108.79628
29,1966,108.79628
29,1967,111.58593
29,1968,111.58593
29,1969,111.58593
29,1970,103.30067
29,1971,105.57312
29,1972,95.0157
29,1973,107.89578
29,1974,108.63392
29,1975,108.97482
29,1976,110.33059
29,1977,111.58593
29,1978,125.53417
29,1979,107.45725
29,1980,111.58593
29,1981,125.81313
29,1982,123.86038
29,1983,123.86038
29,1984,142.55102
29,1985,140.59827
29,1986,154.54651
29,1987,158.34043
29,1988,162.74808
29,1989,158.67519
29,1990,158.84257
29,1991,162.80387
29,1992,166.90465
29,1993,162.99914
29,1994,147.09927
29,1995,139.83893
29,1996,153.14778
29,1997,168.2925
29,1998,173.44359
29,1999,172.25603
29,2000,183.18392
29,2001,199.94273
29,2002,209.20632
29,2003,205.32146
29,2004,197.94618
29,2005,186.78034
29,2006,159.32071
29,2007,155.81775
29,2008,162.48669
29,2009,163.51328
29,2010,166.93506
29,2011,141.92028
29,2012,347.20157
29,2013,623.14882
29,2014,625.53732
29,2015,769.26864
29,2016,668.11572
32,1961,84.80061
32,1962,87.72477
32,1963,90.64893
32,1964,95.03517
32,1965,98.69036
32,1966,103.0766
32,1967,110.59929
32,1968,110.81788
32,1969,86.94577
32,1970,95.66006
32,1971,96.80004
32,1972,105.12351
32,1973,107.03621
32,1974,118.58971
32,1975,119.89052
32,1976,121.3526
32,1977,131.58715
32,1978,135.97339
32,1979,138.89755
32,1980,143.28379
32,1981,146.20795
32,1982,160.82874
32,1983,167.13352
32,1984,200.91092
32,1985,219.12901
32,1986,218.69799
32,1987,195.35063
32,1988,171.97754
32,1989,176.88442
32,1990,232.15951
32,1991,237.14929
32,1992,239.1962
32,1993,240.9507
32,1994,250.74663
32,1995,260.25015
32,1996,270.19229
32,1997,280.42684
32,1998,287.43752
32,1999,276.21474
32,2000,280.47071
32,2001,284.70576
32,2002,292.94663
32,2003,299.39148
32,2004,305.97858
32,2005,349.99273
32,2006,387.76921
32,2007,404.62392
32,2008,421.47862
32,2009,488.41671
32,2010,556.79481
32,2011,596.95287
32,2012,626.81935
32,2013,672.02773
32,2014,718.94298
32,2015,760.03976
32,2016,804.39948
35,1961,4.19164
35,1962,5.30941
35,1963,6.42718
35,1964,6.98607
35,1965,7.26551
35,1966,7.65953
35,1967,9.63518
35,1968,8.19885
35,1969,8.43358
35,1970,5.92139
35,1971,2.98165
35,1972,0.65669
35,1973,1.46987
35,1974,5.02997
35,1975,6.98607
35,1976,9.7805
35,1977,15.71865
35,1978,16.76656
35,1979,16.76656
35,1980,8.38328
35,1981,11.17771
35,1982,2.23554
35,1983,2.65471
35,1984,4.47108
35,1985,6.14774
35,1986,9.7805
35,1987,17.32545
35,1988,15.92823
35,1989,15.92823
35,1990,13.97213
35,1991,9.50105
35,1992,7.8244
35,1993,8.94217
35,1994,8.94217
35,1995,8.94217
35,1996,8.80245
35,1997,8.66272
35,1998,8.66272
35,1999,9.50105
35,2000,8.38328
35,2001,9.19157
35,2002,9.15166
35,2003,9.52942
35,2004,9.77058
35,2005,10.19596
35,2006,9.7805
35,2007,10.61882
35,2008,10.75854
35,2009,11.03799
35,2010,13.23891
35,2011,18.3007
35,2012,19.56937
35,2013,11.52142
35,2014,10.40515
35,2015,14.57011
35,2016,14.94555
351,1961,56.13862
351,1962,59.72193
351,1963,56.73583
351,1964,59.72193
351,1965,65.69412
351,1966,65.69412
351,1967,71.66632
351,1968,83.6107
351,1969,89.5829
351,1970,95.55509
351,1971,107.49948
351,1972,113.47167
351,1973,119.44386
351,1974,119.44386
351,1975,125.41606
351,1976,131.38825
351,1977,137.36044
351,1978,149.30483
351,1979,167.22141
351,1980,197.08237
351,1981,209.02676
351,1982,214.99895
351,1983,226.94334
351,1984,226.94334
351,1985,214.99895
351,1986,209.02676
351,1987,197.08237
351,1988,194.09628
351,1989,197.08237
351,1990,191.11018
351,1991,197.08237
351,1992,200.06847
351,1993,203.05456
351,1994,209.02676
351,1995,210.45675
351,1996,214.99895
351,1997,217.98505
351,1998,220.97115
351,1999,223.95724
351,2000,226.94334
351,2001,229.92943
351,2002,232.91553
351,2003,238.88772
351,2004,226.94334
351,2005,238.88772
351,2006,256.8043
351,2007,259.7904
351,2008,262.7765
351,2009,268.74869
351,2010,271.73479
351,2011,268.74869
351,2012,272.332
351,2013,273.82505
351,2014,279.28848
351,2015,284.00627
351,2016,285.36705
38,1961,39.18114
38,1962,37.25322
38,1963,41.11975
38,1964,48.74829
38,1965,43.32792
38,1966,38.17553
38,1967,50.59318
38,1968,56.05961
38,1969,53.13228
38,1970,46.69602
38,1971,49.10866
38,1972,41.92274
38,1973,81.25925
38,1974,93.27547
38,1975,103.02215
38,1976,98.68541
38,1977,73.47957
38,1978,77.33331
38,1979,70.55633
38,1980,65.9346
38,1981,69.4475
38,1982,75.61514
38,1983,95.32035
38,1984,90.09298
38,1985,76.52293
38,1986,64.13524
38,1987,56.42381
38,1988,64.90655
38,1989,55.5448
38,1990,50.00985
38,1991,48.44032
38,1992,39.89304
38,1993,42.21764
38,1994,39.39037
38,1995,38.1189
38,1996,35.71985
38,1997,32.97192
38,1998,33.94532
38,1999,33.20042
38,2000,32.88361
38,2001,30.83358
38,2002,29.69834
38,2003,30.20788
38,2004,29.14392
38,2005,29.46469
38,2006,29.84355
38,2007,29.03172
38,2008,31.77741
38,2009,36.67741
38,2010,37.32555
38,2011,38.64296
38,2012,38.30239
38,2013,39.96828
38,2014,39.80565
38,2015,40.40208
38,2016,41.91188
41,1961,56.13862
41,1962,59.72193
41,1963,56.73583
41,1964,59.72193
41,1965,65.69412
41,1966,65.69412
41,1967,71.66632
41,1968,83.6107
41,1969,89.5829
41,1970,95.55509
41,1971,107.49948
41,1972,113.47167
41,1973,119.44386
41,1974,119.44386
41,1975,125.41606
41,1976,131.38825
41,1977,137.36044
41,1978,149.30483
41,1979,167.22141
41,1980,197.08237
41,1981,209.02676
41,1982,214.99895
41,1983,226.94334
41,1984,226.94334
41,1985,214.99895
41,1986,209.02676
41,1987,197.08237
41,1988,194.09628
41,1989,197.08237
41,1990,191.11018
41,1991,197.08237
41,1992,200.06847
41,1993,203.05456
41,1994,209.02676
41,1995,210.45675
41,1996,214.99895
41,1997,217.98505
41,1998,220.97115
41,1999,223.95724
41,2000,226.94334
41,2001,229.92943
41,2002,232.91553
41,2003,238.88772
41,2004,226.94334
41,2005,238.88772
41,2006,256.8043
41,2007,259.7904
41,2008,262.7765
41,2009,268.74869
41,2010,271.73479
41,2011,268.74869
41,2012,272.332
41,2013,273.82505
41,2014,279.28848
41,2015,284.00627
41,2016,285.36705
44,1961,94.42949
44,1962,113.31539
44,1963,116.22091
44,1964,101.6933
44,1965,116.22091
44,1966,122.03196
44,1967,123.48472
44,1968,128.71466
44,1969,138.01233
44,1970,174.33137
44,1971,289.15762
44,1972,292.06315
44,1973,290.31983
44,1974,308.84254
44,1975,293.6176
44,1976,268.13617
44,1977,286.57171
44,1978,296.95895
44,1979,277.31471
44,1980,312.40181
44,1981,312.3437
44,1982,225.51215
44,1983,225.86081
44,1984,201.41084
44,1985,198.65059
44,1986,193.92912
44,1987,183.10459
44,1988,186.1859
44,1989,219.2798
44,1990,281.69334
44,1991,239.01019
44,1992,239.84524
44,1993,276.05226
44,1994,260.71416
44,1995,261.65395
44,1996,293.42119
44,1997,243.56416
44,1998,232.17596
44,1999,255.91118
44,2000,260.39004
44,2001,287.66273
44,2002,239.13745
44,2003,242.3896
44,2004,240.49956
44,2005,234.47147
44,2006,247.42618
44,2007,260.61435
44,2008,262.06522
44,2009,326.90516
44,2010,302.52884
44,2011,271.76795
44,2012,322.21506
44,2013,361.85221
44,2014,317.60371
44,2015,303.94674
44,2016,305.86955
46,1961,115.15185
46,1962,115.15185
46,1963,112.75285
46,1964,119.94984
46,1965,119.94984
46,1966,115.15185
46,1967,111.55335
46,1968,110.35385
46,1969,107.47506
46,1970,110.59375
46,1971,113.95235
46,1972,117.31094
46,1973,117.55084
46,1974,123.54833
46,1975,131.94482
46,1976,133.38422
46,1977,134.34382
46,1978,139.14181
46,1979,143.93981
46,1980,150.75296
46,1981,159.94327
46,1982,165.49096
46,1983,159.94327
46,1984,165.49096
46,1985,171.12644
46,1986,166.32772
46,1987,176.51794
46,1988,182.67401
46,1989,167.69731
46,1990,168.03989
46,1991,140.38377
46,1992,143.97291
46,1993,151.52519
46,1994,173.36158
46,1995,179.18659
46,1996,185.20855
46,1997,187.20859
46,1998,177.16999
46,1999,194.77215
46,2000,198.66764
46,2001,202.64086
46,2002,206.69349
46,2003,210.57818
46,2004,223.634
46,2005,241.67494
46,2006,257.10048
46,2007,273.50962
46,2008,286.99198
46,2009,295.3165
46,2010,275.52478
46,2011,280.35826
46,2012,301.98355
46,2013,306.94163
46,2014,313.83795
46,2015,320.73427
46,2016,327.63059
47,1961,2.37364
47,1962,2.37364
47,1963,2.37364
47,1964,2.28234
47,1965,2.28234
47,1966,2.55622
47,1967,2.55622
47,1968,2.09976
47,1969,3.19528
47,1970,3.19528
47,1971,3.58054
47,1972,3.58054
47,1973,3.46916
47,1974,3.19528
47,1975,2.73881
47,1976,2.83011
47,1977,2.64752
47,1978,2.64752
47,1979,2.64752
47,1980,3.19528
47,1981,3.65175
47,1982,3.74304
47,1983,3.65175
47,1984,3.56046
47,1985,3.65175
47,1986,3.65175
47,1987,3.65175
47,1988,3.65175
47,1989,3.65175
47,1990,3.65175
47,1991,3.46916
47,1992,3.64262
47,1993,3.19528
47,1994,3.37787
47,1995,3.10399
47,1996,2.73881
47,1997,2.28234
47,1998,2.73881
47,1999,2.28234
47,2000,3.04084
47,2001,1.82587
47,2002,1.4607
47,2003,1.14117
47,2004,1.10406
47,2005,1.36397
47,2006,1.34914
47,2007,1.36941
47,2008,1.22361
47,2009,1.11518
47,2010,1.02249
47,2011,0.9299
47,2012,0.91294
47,2013,0.94032
47,2014,0.71639
47,2015,0.59049
47,2016,0.45428
48,1961,1.01295
48,1962,1.04844
48,1963,1.08539
48,1964,1.12315
48,1965,1.16271
48,1966,1.20259
48,1967,1.24084
48,1968,1.27567
48,1969,1.31523
48,1970,1.35592
48,1971,1.39369
48,1972,1.43829
48,1973,1.62108
48,1974,1.79574
48,1975,1.87957
48,1976,2.18966
48,1977,2.29563
48,1978,2.25786
48,1979,2.3635
48,1980,2.94282
48,1981,3.10153
48,1982,3.41162
48,1983,3.43457
48,1984,3.34732
48,1985,3.99354
48,1986,4.88327
48,1987,6.51103
48,1988,8.13878
48,1989,9.76654
48,1990,10.58042
48,1991,13.60967
48,1992,11.72962
48,1993,10.66262
48,1994,17.90533
48,1995,14.16149
48,1996,9.21896
48,1997,7.66836
48,1998,12.70708
48,1999,15.70948
48,2000,10.97141
48,2001,17.30452
48,2002,11.44883
48,2003,13.24359
48,2004,13.11728
48,2005,13.84554
48,2006,15.43895
48,2007,15.77752
48,2008,15.13928
48,2009,29.12497
48,2010,21.18526
48,2011,31.75754
48,2012,23.98907
48,2013,23.59596
48,2014,28.56713
48,2015,25.67868
48,2016,26.55158
5000,1961,5544.58256
5000,1962,5795.07114
5000,1963,6033.11106
5000,1964,6364.7064
5000,1965,6541.17595
5000,1966,6554.20655
5000,1967,6808.30761
5000,1968,7088.71552
5000,1969,7189.7583
5000,1970,7447.05472
5000,1971,7476.71568
5000,1972,7582.81787
5000,1973,7599.70391
5000,1974,7683.82369
5000,1975,8113.95992
5000,1976,8297.15219
5000,1977,8507.37668
5000,1978,8871.92536
5000,1979,8786.39576
5000,1980,8791.7247
5000,1981,8845.10638
5000,1982,8802.51339
5000,1983,8281.97363
5000,1984,8957.75461
5000,1985,9123.23537
5000,1986,9173.3724
5000,1987,9445.35122
5000,1988,9891.03463
5000,1989,10457.79089
5000,1990,10697.90166
5000,1991,12065.18251
5000,1992,12424.98579
5000,1993,12718.40636
5000,1994,12950.60932
5000,1995,13200.49516
5000,1996,13052.2682
5000,1997,13432.79069
5000,1998,13576.97994
5000,1999,14051.87462
5000,2000,14632.90855
5000,2001,15200.57392
5000,2002,15010.38513
5000,2003,15965.21415
5000,2004,16905.31883
5000,2005,17422.77863
5000,2006,19232.9354
5000,2007,19225.97225
5000,2008,20412.95743
5000,2009,19472.94214
5000,2010,21234.69354
5000,2011,23259.11762
5000,2012,24349.78522
5000,2013,23787.20723
5000,2014,26825.74612
5000,2015,27143.27434
5000,2016,27227.13436
5100,1961,2656.6143
5100,1962,2729.29676
5100,1963,2765.08159
5100,1964,2843.93239
5100,1965,2911.2715
5100,1966,2995.64651
5100,1967,3048.22929
5100,1968,3073.82993
5100,1969,3093.27421
5100,1970,3315.97309
5100,1971,3181.49065
5100,1972,3245.22415
5100,1973,3348.21828
5100,1974,3335.45036
5100,1975,3648.00991
5100,1976,3737.77473
5100,1977,3759.86886
5100,1978,4004.8879
5100,1979,4026.68358
5100,1980,3926.45248
5100,1981,3906.24815
5100,1982,4063.97595
5100,1983,3723.97281
5100,1984,4162.95636
5100,1985,4275.23811
5100,1986,4402.40806
5100,1987,4636.19481
5100,1988,4916.68884
5100,1989,5241.14076
5100,1990,5625.89293
5100,1991,7027.67336
5100,1992,7480.27572
5100,1993,7759.14673
5100,1994,7924.66613
5100,1995,8190.19397
5100,1996,8440.29833
5100,1997,8773.2824
5100,1998,8991.4817
5100,1999,9175.03173
5100,2000,9582.96529
5100,2001,9932.45429
5100,2002,9752.20024
5100,2003,10528.21101
5100,2004,11128.74392
5100,2005,11455.78382
5100,2006,12446.07564
5100,2007,12248.80042
5100,2008,12949.44513
5100,2009,11974.66627
5100,2010,13679.83216
5100,2011,14629.44946
5100,2012,15686.42038
5100,2013,15142.07855
5100,2014,17822.79782
5100,2015,18143.65052
5100,2016,18198.43613
5101,1961,611.71269
5101,1962,635.38487
5101,1963,634.0107
5101,1964,643.7739
5101,1965,660.88129
5101,1966,661.22832
5101,1967,686.82847
5101,1968,697.124
5101,1969,707.21271
5101,1970,721.56797
5101,1971,758.6041
5101,1972,752.74437
5101,1973,801.15449
5101,1974,811.11816
5101,1975,834.32049
5101,1976,862.90368
5101,1977,883.47685
5101,1978,908.76516
5101,1979,967.86184
5101,1980,973.19114
5101,1981,975.8323
5101,1982,1002.39689
5101,1983,1005.84225
5101,1984,1004.18948
5101,1985,1039.23709
5101,1986,1044.11572
5101,1987,1043.54092
5101,1988,1011.90758
5101,1989,1043.68125
5101,1990,1145.67642
5101,1991,1078.48513
5101,1992,995.17361
5101,1993,1059.80063
5101,1994,1009.88333
5101,1995,1104.86569
5101,1996,1263.11019
5101,1997,1367.62058
5101,1998,1442.99889
5101,1999,1525.71141
5101,2000,1978.10416
5101,2001,2225.23607
5101,2002,1589.26124
5101,2003,1892.22268
5101,2004,2049.71602
5101,2005,1853.8618
5101,2006,2071.1767
5101,2007,2072.91021
5101,2008,2257.26845
5101,2009,2622.19247
5101,2010,3174.37217
5101,2011,3361.42406
5101,2012,3496.08103
5101,2013,3348.21106
5101,2014,3853.90177
5101,2015,3987.17042
5101,2016,4056.24271
5102,1961,208.4857
5102,1962,211.40986
5102,1963,211.50836
5102,1964,223.51825
5102,1965,227.17345
5102,1966,226.97502
5102,1967,230.89922
5102,1968,230.13163
5102,1969,203.38073
5102,1970,215.21371
5102,1971,219.28563
5102,1972,230.75437
5102,1973,232.4803
5102,1974,249.3913
5102,1975,258.87527
5102,1976,261.56341
5102,1977,272.54424
5102,1978,281.72847
5102,1979,289.45062
5102,1980,300.86334
5102,1981,313.19115
5102,1982,333.78629
5102,1983,335.18338
5102,1984,375.04178
5102,1985,399.21536
5102,1986,394.30562
5102,1987,381.25514
5102,1988,364.03811
5102,1989,353.9683
5102,1990,409.79929
5102,1991,387.34629
5102,1992,393.19568
5102,1993,402.62823
5102,1994,434.39112
5102,1995,449.79027
5102,1996,465.64073
5102,1997,477.23533
5102,1998,473.78074
5102,1999,480.58679
5102,2000,489.24449
5102,2001,497.88032
5102,2002,510.56807
5102,2003,521.2644
5102,2004,541.30735
5102,2005,603.68516
5102,2006,657.20082
5102,2007,690.79137
5102,2008,721.45863
5102,2009,797.06122
5102,2010,846.00364
5102,2011,891.39098
5102,2012,943.30942
5102,2013,993.90253
5102,2014,1048.07104
5102,2015,1096.00813
5102,2016,1147.47062
5103,1961,134.78974
5103,1962,134.78974
5103,1963,134.78974
5103,1964,134.78974
5103,1965,134.78974
5103,1966,134.78974
5103,1967,107.83179
5103,1968,94.35282
5103,1969,87.61333
5103,1970,90.30913
5103,1971,90.30913
5103,1972,90.30913
5103,1973,94.35282
5103,1974,61.95071
5103,1975,87.72453
5103,1976,66.72092
5103,1977,64.02513
5103,1978,69.41672
5103,1979,85.59149
5103,1980,82.22174
5103,1981,84.24359
5103,1982,84.24359
5103,1983,84.24359
5103,1984,67.39487
5103,1985,60.65538
5103,1986,53.9159
5103,1987,53.9159
5103,1988,43.80667
5103,1989,10.10923
5103,1990,4.04369
5103,1991,5.39159
5103,1992,5.72856
5103,1993,5.39159
5103,1994,5.72856
5103,1995,6.06554
5103,1996,6.40251
5103,1997,6.6047
5103,1998,6.67209
5103,1999,6.46991
5103,2000,6.73949
5103,2001,6.87428
5103,2002,6.94167
5103,2003,7.00907
5103,2004,6.94305
5103,2005,7.07646
5103,2006,7.00907
5103,2007,6.73949
5103,2008,6.99929
5103,2009,7.09653
5103,2010,7.06858
5103,2011,7.09806
5105,1961,1701.62617
5105,1962,1747.71229
5105,1963,1784.77279
5105,1964,1841.85049
5105,1965,1888.42702
5105,1966,1972.65342
5105,1967,2022.66981
5105,1968,2052.22148
5105,1969,2095.06744
5105,1970,2288.88228
5105,1971,2113.29179
5105,1972,2171.41628
5105,1973,2220.23068
5105,1974,2212.99019
5105,1975,2467.08962
5105,1976,2546.58672
5105,1977,2539.82265
5105,1978,2744.97755
5105,1979,2683.77963
5105,1980,2570.17625
5105,1981,2532.98111
5105,1982,2643.54919
5105,1983,2298.70359
5105,1984,2716.33023
5105,1985,2776.13027
5105,1986,2910.07083
5105,1987,3157.48286
5105,1988,3496.93648
5105,1989,3833.38198
5105,1990,4066.37353
5105,1991,5556.45035
5105,1992,6086.17787
5105,1993,6291.32628
5105,1994,6474.66311
5105,1995,6629.47248
5105,1996,6705.1449
5105,1997,6921.82178
5105,1998,7068.02998
5105,1999,7162.26362
5105,2000,7108.87715
5105,2001,7202.46363
5105,2002,7645.42927
5105,2003,8107.71487
5105,2004,8530.7775
5105,2005,8991.16041
5105,2006,9710.68905
5105,2007,9478.35935
5105,2008,9963.71875
5105,2009,8548.31605
5105,2010,9652.38778
5105,2011,10369.53636
5105,2012,11247.02993
5105,2013,10799.96496
5105,2014,12920.82501
5105,2015,13060.47198
5105,2016,12994.7228
5200,1961,1656.81714
5200,1962,1799.07021
5200,1963,1976.50358
5200,1964,2127.48076
5200,1965,2196.35608
5200,1966,2192.85939
5200,1967,2391.58883
5200,1968,2515.44658
5200,1969,2618.56603
5200,1970,2625.24005
5200,1971,2786.96168
5200,1972,2761.29757
5200,1973,2496.81119
5200,1974,2415.44901
5200,1975,2498.12951
5200,1976,2415.88305
5200,1977,2491.17634
5200,1978,2422.60635
5200,1979,2364.1116
5200,1980,2294.35645
5200,1981,2373.82225
5200,1982,2261.83551
5200,1983,2110.73645
5200,1984,2097.67282
5200,1985,2212.68172
5200,1986,2366.76821
5200,1987,2240.48697
5200,1988,2134.93821
5200,1989,2312.70061
5200,1990,2390.74599
5200,1991,2342.79892
5200,1992,2145.44706
5200,1993,2158.9982
5200,1994,2326.96367
5200,1995,2435.95393
5200,1996,1925.69937
5200,1997,2051.95754
5200,1998,2075.52892
5200,1999,2207.73158
5200,2000,2346.80654
5200,2001,2388.06976
5200,2002,2392.69015
5200,2003,2333.1333
5200,2004,2487.43213
5200,2005,2604.81728
5200,2006,2680.63175
5200,2007,2672.0928
5200,2008,2595.36307
5200,2009,2501.62708
5200,2010,2531.194
5200,2011,2544.04755
5200,2012,2383.76957
5200,2013,2361.10184
5200,2014,2452.63499
5200,2015,2423.54214
5200,2016,2266.57381
5204,1961,15.53283
5204,1962,15.86395
5204,1963,16.19932
5204,1964,17.03446
5204,1965,18.07058
5204,1966,18.67116
5204,1967,19.67008
5204,1968,21.26082
5204,1969,21.41016
5204,1970,24.17198
5204,1971,25.51725
5204,1972,26.68581
5204,1973,26.7219
5204,1974,27.63623
5204,1975,28.22572
5204,1976,30.30402
5204,1977,30.12119
5204,1978,24.61156
5204,1979,24.44145
5204,1980,17.60277
5204,1981,19.44009
5204,1982,21.35223
5204,1983,22.90288
5204,1984,24.45372
5204,1985,23.47511
5204,1986,24.13571
5204,1987,25.53064
5204,1988,28.72348
5204,1989,28.6314
5204,1990,28.98482
5204,1991,32.26488
5204,1992,33.17086
5204,1993,31.59892
5204,1994,40.27859
5204,1995,33.47504
5204,1996,28.05518
5204,1997,24.8049
5204,1998,29.41317
5204,1999,35.95569
5204,2000,31.06169
5204,2001,39.53043
5204,2002,36.59015
5204,2003,37.3759
5204,2004,36.26108
5204,2005,39.42934
5204,2006,39.64091
5204,2007,40.59151
5204,2008,41.2541
5204,2009,53.35436
5204,2010,43.41354
5204,2011,55.98696
5204,2012,70.05176
5204,2013,69.95357
5204,2014,61.30261
5204,2015,66.32178
5204,2016,60.58643
5206,1961,57.77992
5206,1962,60.26451
5206,1963,60.07772
5206,1964,61.47272
5206,1965,61.18416
5206,1966,63.00871
5206,1967,64.23629
5206,1968,61.74836
5206,1969,66.40348
5206,1970,72.37974
5206,1971,75.69273
5206,1972,81.51117
5206,1973,72.09455
5206,1974,52.40036
5206,1975,66.12995
5206,1976,58.07233
5206,1977,96.91982
5206,1978,70.61359
5206,1979,61.02017
5206,1980,44.5158
5206,1981,47.97297
5206,1982,36.55525
5206,1983,44.52752
5206,1984,53.47868
5206,1985,51.05272
5206,1986,47.94984
5206,1987,45.43719
5206,1988,53.57738
5206,1989,48.8856
5206,1990,54.47644
5206,1991,55.56281
5206,1992,61.04727
5206,1993,44.70226
5206,1994,45.4368
5206,1995,58.7568
5206,1996,55.16544
5206,1997,42.52358
5206,1998,52.88221
5206,1999,54.00252
5206,2000,52.35709
5206,2001,51.34128
5206,2002,49.9349
5206,2003,52.5694
5206,2004,41.31582
5206,2005,42.09887
5206,2006,54.77023
5206,2007,55.52681
5206,2008,46.86877
5206,2009,66.20739
5206,2010,81.0919
5206,2011,75.69489
5206,2012,69.09996
5206,2013,71.15855
5206,2014,71.86706
5206,2015,66.74482
5206,2016,69.09511
5207,1961,1583.50438
5207,1962,1722.94175
5207,1963,1900.22654
5207,1964,2048.97357
5207,1965,2117.10134
5207,1966,2111.17951
5207,1967,2307.68245
5207,1968,2432.4374
5207,1969,2530.75239
5207,1970,2528.68832
5207,1971,2685.75169
5207,1972,2653.10059
5207,1973,2397.99474
5207,1974,2335.41242
5207,1975,2403.77385
5207,1976,2327.5067
5207,1977,2364.13533
5207,1978,2327.3812
5207,1979,2278.64998
5207,1980,2232.23788
5207,1981,2306.40918
5207,1982,2203.92803
5207,1983,2043.30605
5207,1984,2019.74042
5207,1985,2138.15388
5207,1986,2294.68266
5207,1987,2169.51914
5207,1988,2052.63735
5207,1989,2235.18361
5207,1990,2307.28473
5207,1991,2254.97123
5207,1992,2051.22892
5207,1993,2082.69702
5207,1994,2241.24828
5207,1995,2343.7221
5207,1996,1842.47874
5207,1997,1984.62907
5207,1998,1993.23354
5207,1999,2117.77336
5207,2000,2263.38776
5207,2001,2297.19805
5207,2002,2306.1651
5207,2003,2243.18799
5207,2004,2409.85523
5207,2005,2523.28907
5207,2006,2586.22061
5207,2007,2575.97448
5207,2008,2507.24021
5207,2009,2382.06533
5207,2010,2406.68856
5207,2011,2412.3657
5207,2012,2244.61786
5207,2013,2219.98972
5207,2014,2319.46531
5207,2015,2290.47554
5207,2016,2136.89227
5300,1961,1207.82466
5300,1962,1243.37772
5300,1963,1268.78147
5300,1964,1370.64012
5300,1965,1411.18625
5300,1966,1342.77363
5300,1967,1344.98044
5300,1968,1476.09543
5300,1969,1454.35199
5300,1970,1480.82045
5300,1971,1487.22213
5300,1972,1562.23921
5300,1973,1746.25808
5300,1974,1926.76071
5300,1975,1961.53135
5300,1976,2138.63188
5300,1977,2250.98279
5300,1978,2438.91538
5300,1979,2390.64301
5300,1980,2564.74578
5300,1981,2557.63542
5300,1982,2468.25906
5300,1983,2437.57472
5300,1984,2679.24722
5300,1985,2617.34604
5300,1986,2389.66637
5300,1987,2557.70398
5300,1988,2829.94695
5300,1989,2895.58805
5300,1990,2670.76466
5300,1991,2687.36247
5300,1992,2793.27368
5300,1993,2794.46335
5300,1994,2691.01793
5300,1995,2563.80385
5300,1996,2671.81936
5300,1997,2595.77591
5300,1998,2499.33362
5300,1999,2659.21494
5300,2000,2691.4121
5300,2001,2869.50705
5300,2002,2851.97686
5300,2003,3090.98956
5300,2004,3270.48987
5300,2005,3343.45532
5300,2006,4090.32219
5300,2007,4285.84764
5300,2008,4850.69505
5300,2009,4984.51592
5300,2010,5007.59494
5300,2011,6064.37259
5300,2012,6268.12823
5300,2013,6261.48213
5300,2014,6526.97922
5300,2015,6553.86556
5300,2016,6740.12728
5302,1961,56.13862
5302,1962,59.72193
5302,1963,56.73583
5302,1964,59.72193
5302,1965,65.69412
5302,1966,65.69412
5302,1967,71.66632
5302,1968,83.6107
5302,1969,89.5829
5302,1970,95.55509
5302,1971,107.49948
5302,1972,113.47167
5302,1973,119.44386
5302,1974,119.44386
5302,1975,125.41606
5302,1976,131.38825
5302,1977,137.36044
5302,1978,149.30483
5302,1979,167.22141
5302,1980,197.08237
5302,1981,209.02676
5302,1982,214.99895
5302,1983,226.94334
5302,1984,226.94334
5302,1985,214.99895
5302,1986,209.02676
5302,1987,197.08237
5302,1988,194.09628
5302,1989,197.08237
5302,1990,191.11018
5302,1991,197.08237
5302,1992,200.06847
5302,1993,203.05456
5302,1994,209.02676
5302,1995,210.45675
5302,1996,214.99895
5302,1997,217.98505
5302,1998,220.97115
5302,1999,223.95724
5302,2000,226.94334
5302,2001,229.92943
5302,2002,232.91553
5302,2003,238.88772
5302,2004,226.94334
5302,2005,238.88772
5302,2006,256.8043
5302,2007,259.7904
5302,2008,262.7765
5302,2009,268.74869
5302,2010,271.73479
5302,2011,268.74869
5302,2012,272.332
5302,2013,273.82505
5302,2014,279.28848
5302,2015,284.00627
5302,2016,285.36705
5303,1961,165.58594
5303,1962,158.71481
5303,1963,153.91469
5303,1964,229.97771
5303,1965,238.03882
5303,1966,260.74812
5303,1967,295.63488
5303,1968,354.17335
5303,1969,350.75812
5303,1970,381.42799
5303,1971,378.41595
5303,1972,428.77021
5303,1973,490.28694
5303,1974,505.48094
5303,1975,509.12885
5303,1976,524.8474
5303,1977,482.73837
5303,1978,442.50771
5303,1979,458.95738
5303,1980,441.188
5303,1981,446.1646
5303,1982,415.34809
5303,1983,438.19256
5303,1984,467.97206
5303,1985,440.01536
5303,1986,377.69489
5303,1987,365.49606
5303,1988,412.63208
5303,1989,365.78544
5303,1990,368.55765
5303,1991,396.1466
5303,1992,414.32472
5303,1993,389.70564
5303,1994,426.43043
5303,1995,414.11058
5303,1996,385.15946
5303,1997,396.50929
5303,1998,462.90632
5303,1999,407.4716
5303,2000,418.97355
5303,2001,465.34766
5303,2002,448.00257
5303,2003,378.55613
5303,2004,411.09312
5303,2005,508.55749
5303,2006,534.10817
5303,2007,557.52446
5303,2008,613.1496
5303,2009,654.44956
5303,2010,554.74423
5303,2011,557.10164
5303,2012,599.80546
5303,2013,504.53961
5303,2014,562.33637
5303,2015,321.13757
5303,2016,334.2671
5304,1961,986.10011
5304,1962,1024.94098
5304,1963,1058.13094
5304,1964,1080.94048
5304,1965,1107.45331
5304,1966,1016.33139
5304,1967,977.67925
5304,1968,1038.31137
5304,1969,1014.01097
5304,1970,1003.83737
5304,1971,1001.30671
5304,1972,1019.99733
5304,1973,1136.52728
5304,1974,1301.83592
5304,1975,1326.98644
5304,1976,1482.39623
5304,1977,1630.88398
5304,1978,1847.10284
5304,1979,1764.46422
5304,1980,1926.4754
5304,1981,1902.44406
5304,1982,1837.91201
5304,1983,1772.43883
5304,1984,1984.33182
5304,1985,1962.33172
5304,1986,1802.94472
5304,1987,1995.12555
5304,1988,2223.21859
5304,1989,2332.72024
5304,1990,2111.09684
5304,1991,2094.1335
5304,1992,2178.8805
5304,1993,2201.70314
5304,1994,2055.56075
5304,1995,1939.23653
5304,1996,2071.66095
5304,1997,1981.28157
5304,1998,1815.45615
5304,1999,2027.7861
5304,2000,2045.49522
5304,2001,2174.22995
5304,2002,2171.05876
5304,2003,2473.54571
5304,2004,2632.45341
5304,2005,2596.0101
5304,2006,3299.40972
5304,2007,3468.53278
5304,2008,3974.76895
5304,2009,4061.31767
5304,2010,4181.11592
5304,2011,5238.52226
5304,2012,5395.99076
5304,2013,5483.11746
5304,2014,5685.35437
5304,2015,5948.72172
5304,2016,6120.49313
5500,1961,23.32645
5500,1962,23.32645
5500,1963,22.74443
5500,1964,22.65314
5500,1965,22.36212
5500,1966,22.92702
5500,1967,23.50904
5500,1968,23.34358
5500,1969,23.56607
5500,1970,25.02113
5500,1971,21.04122
5500,1972,14.05695
5500,1973,8.41635
5500,1974,6.16359
5500,1975,6.28915
5500,1976,4.86253
5500,1977,5.34868
5500,1978,5.51572
5500,1979,4.95757
5500,1980,6.17
5500,1981,7.40056
5500,1982,8.44288
5500,1983,9.68965
5500,1984,17.87821
5500,1985,17.96951
5500,1986,14.52975
5500,1987,10.96544
5500,1988,9.46063
5500,1989,8.36148
5500,1990,10.49808
5500,1991,7.34776
5500,1992,5.98933
5500,1993,5.79808
5500,1994,7.96159
5500,1995,10.5434
5500,1996,14.45114
5500,1997,11.77484
5500,1998,10.6357
5500,1999,9.89636
5500,2000,11.72462
5500,2001,10.54283
5500,2002,13.51788
5500,2003,12.88028
5500,2004,18.65291
5500,2005,18.72221
5500,2006,15.90582
5500,2007,19.23139
5500,2008,17.45419
5500,2009,12.13287
5500,2010,16.07243
5500,2011,21.24802
5500,2012,11.46704
5500,2013,22.54472
5500,2014,23.33409
5500,2015,22.21612
5500,2016,21.99714
5502,1961,20.95282
5502,1962,20.95282
5502,1963,20.37079
5502,1964,20.37079
5502,1965,20.07978
5502,1966,20.37079
5502,1967,20.95282
5502,1968,21.24383
5502,1969,20.37079
5502,1970,21.82585
5502,1971,17.46068
5502,1972,10.47641
5502,1973,4.94719
5502,1974,2.96832
5502,1975,3.55034
5502,1976,2.03242
5502,1977,2.70117
5502,1978,2.86821
5502,1979,2.31005
5502,1980,2.97472
5502,1981,3.74881
5502,1982,4.69983
5502,1983,6.0379
5502,1984,14.31776
5502,1985,14.31776
5502,1986,10.878
5502,1987,7.3137
5502,1988,5.80888
5502,1989,4.70973
5502,1990,6.84633
5502,1991,3.8786
5502,1992,2.34672
5502,1993,2.60281
5502,1994,4.58372
5502,1995,7.43941
5502,1996,11.71233
5502,1997,9.4925
5502,1998,7.89688
5502,1999,7.61402
5502,2000,8.68378
5502,2001,8.71695
5502,2002,12.05718
5502,2003,11.73911
5502,2004,17.54886
5502,2005,17.35824
5502,2006,14.55668
5502,2007,17.86198
5502,2008,16.23058
5502,2009,11.01769
5502,2010,15.04994
5502,2011,20.31812
5502,2012,10.55411
5502,2013,21.60439
5502,2014,22.61769
5502,2015,21.62563
5502,2016,21.54286
5504,1961,2.37364
5504,1962,2.37364
5504,1963,2.37364
5504,1964,2.28234
5504,1965,2.28234
5504,1966,2.55622
5504,1967,2.55622
5504,1968,2.09976
5504,1969,3.19528
5504,1970,3.19528
5504,1971,3.58054
5504,1972,3.58054
5504,1973,3.46916
5504,1974,3.19528
5504,1975,2.73881
5504,1976,2.83011
5504,1977,2.64752
5504,1978,2.64752
5504,1979,2.64752
5504,1980,3.19528
5504,1981,3.65175
5504,1982,3.74304
5504,1983,3.65175
5504,1984,3.56046
5504,1985,3.65175
5504,1986,3.65175
5504,1987,3.65175
5504,1988,3.65175
5504,1989,3.65175
5504,1990,3.65175
5504,1991,3.46916
5504,1992,3.64262
5504,1993,3.19528
5504,1994,3.37787
5504,1995,3.10399
5504,1996,2.73881
5504,1997,2.28234
5504,1998,2.73881
5504,1999,2.28234
5504,2000,3.04084
5504,2001,1.82587
5504,2002,1.4607
5504,2003,1.14117
5504,2004,1.10406
5504,2005,1.36397
5504,2006,1.34914
5504,2007,1.36941
5504,2008,1.22361
5504,2009,1.11518
5504,2010,1.02249
5504,2011,0.9299
5504,2012,0.91294
5504,2013,0.94032
5504,2014,0.71639
5504,2015,0.59049
5504,2016,0.45428
56,1961,46.34129
56,1962,48.85293
56,1963,48.52284
56,1964,50.53472
56,1965,50.00823
56,1966,50.43735
56,1967,50.00823
56,1968,51.16354
56,1969,54.46441
56,1970,56.11485
56,1971,60.73607
56,1972,64.36703
56,1973,57.60255
56,1974,37.85772
56,1975,50.16271
56,1976,40.8965
56,1977,76.25447
56,1978,48.98001
56,1979,40.04323
56,1980,26.59811
56,1981,30.86383
56,1982,22.60372
56,1983,30.5377
56,1984,38.72024
56,1985,37.47482
56,1986,35.2256
56,1987,32.29443
56,1988,41.71314
56,1989,38.74532
56,1990,43.58044
56,1991,44.19077
56,1992,47.07566
56,1993,30.69384
56,1994,32.60801
56,1995,46.36332
56,1996,41.25607
56,1997,32.0056
56,1998,41.74582
56,1999,41.76595
56,2000,41.27603
56,2001,40.88844
56,2002,39.69102
56,2003,40.80342
56,2004,29.87753
56,2005,32.43669
56,2006,42.37298
56,2007,42.40151
56,2008,35.08531
56,2009,54.69151
56,2010,67.64166
56,2011,60.99783
56,2012,56.11584
56,2013,57.95458
56,2014,58.8784
56,2015,52.61823
56,2016,55.28897
58,1961,36.7632
58,1962,35.32431
58,1963,34.83347
58,1964,31.39774
58,1965,42.20908
58,1966,45.949
58,1967,53.76818
58,1968,38.96383
58,1969,64.96447
58,1970,61.83327
58,1971,63.772
58,1972,62.75202
58,1973,59.09085
58,1974,70.596
58,1975,58.86058
58,1976,58.0076
58,1977,37.22024
58,1978,27.97017
58,1979,30.41206
58,1980,38.18061
58,1981,39.42537
58,1982,30.62534
58,1983,32.4332
58,1984,39.8303
58,1985,38.09653
58,1986,19.6495
58,1987,21.84314
58,1988,20.50364
58,1989,18.90624
58,1990,22.35179
58,1991,15.03145
58,1992,12.69696
58,1993,12.71011
58,1994,12.90209
58,1995,12.60122
58,1996,12.60222
58,1997,12.36346
58,1998,12.38926
58,1999,13.32
58,2000,14.14767
58,2001,14.03712
58,2002,15.73775
58,2003,14.26539
58,2004,14.75207
58,2005,16.68813
58,2006,11.5546
58,2007,12.36113
58,2008,17.02912
58,2009,11.03878
58,2010,8.96719
58,2011,8.60472
58,2012,11.81237
58,2013,7.62054
58,2014,18.53045
58,2015,12.5208
58,2016,15.10588
5801,1961,981.56978
5801,1962,1008.49635
5801,1963,997.56311
5801,1964,1022.90294
5801,1965,1034.40381
5801,1966,1061.49513
5801,1967,1071.47357
5801,1968,1079.45698
5801,1969,1074.79753
5801,1970,1086.83673
5801,1971,1113.43795
5801,1972,1087.5479
5801,1973,1180.51738
5801,1974,1163.90014
5801,1975,1205.61243
5801,1976,1204.15592
5801,1977,1214.04388
5801,1978,1258.84615
5801,1979,1276.6019
5801,1980,1291.29944
5801,1981,1321.79672
5801,1982,1340.13447
5801,1983,1278.03017
5801,1984,1332.11662
5801,1985,1318.42989
5801,1986,1359.52297
5801,1987,1346.05616
5801,1988,1363.25482
5801,1989,1317.35242
5801,1990,1434.58757
5801,1991,1355.80809
5801,1992,1293.30904
5801,1993,1344.46555
5801,1994,1323.73418
5801,1995,1438.33533
5801,1996,1574.66989
5801,1997,1733.9171
5801,1998,1833.34416
5801,1999,1955.11551
5801,2000,2447.06893
5801,2001,2658.34218
5801,2002,2036.41674
5801,2003,2448.73596
5801,2004,2652.23682
5801,2005,2530.21722
5801,2006,3145.11776
5801,2007,3255.17051
5801,2008,3898.42751
5801,2009,4031.23316
5801,2010,4840.17338
5801,2011,5965.01606
5801,2012,6028.26588
5801,2013,5945.47769
5801,2014,6753.13562
5801,2015,7253.53608
5801,2016,7628.27972
5802,1961,281.09683
5802,1962,283.0752
5802,1963,298.32676
5802,1964,316.37164
5802,1965,321.3471
5802,1966,331.67199
5802,1967,350.85017
5802,1968,362.43203
5802,1969,365.25588
5802,1970,367.6154
5802,1971,363.388
5802,1972,341.85304
5802,1973,388.3144
5802,1974,411.99688
5802,1975,420.91546
5802,1976,444.97011
5802,1977,456.59883
5802,1978,460.0879
5802,1979,513.46559
5802,1980,491.77246
5802,1981,509.92057
5802,1982,558.15433
5802,1983,486.72837
5802,1984,558.78128
5802,1985,574.40644
5802,1986,577.31949
5802,1987,600.44614
5802,1988,582.9621
5802,1989,604.44169
5802,1990,572.77677
5802,1991,573.72957
5802,1992,529.42379
5802,1993,561.50759
5802,1994,516.35254
5802,1995,542.34243
5802,1996,598.87559
5802,1997,675.38449
5802,1998,737.92733
5802,1999,780.50129
5802,2000,1287.03078
5802,2001,1456.14882
5802,2002,1173.61731
5802,2003,1214.00936
5802,2004,1353.5888
5802,2005,1283.23539
5802,2006,1417.50201
5802,2007,1508.79687
5802,2008,1675.94035
5802,2009,1815.04982
5802,2010,1948.99559
5802,2011,2028.86554
5802,2012,2354.94513
5802,2013,2780.24259
5802,2014,2871.44211
5802,2015,3130.75907
5802,2016,3170.32503
5803,1961,86.97036
5803,1962,90.7595
5803,1963,91.01174
5803,1964,92.95549
5803,1965,92.5849
5803,1966,95.01753
5803,1967,98.81784
5803,1968,94.78858
5803,1969,100.17006
5803,1970,104.93084
5803,1971,101.38191
5803,1972,97.88637
5803,1973,83.47374
5803,1974,65.04338
5803,1975,80.39371
5803,1976,73.94256
5803,1977,119.22297
5803,1978,94.21068
5803,1979,84.09497
5803,1980,60.47506
5803,1981,67.5353
5803,1982,48.44734
5803,1983,58.1051
5803,1984,80.29541
5803,1985,82.82695
5803,1986,82.90879
5803,1987,89.36417
5803,1988,98.90467
5803,1989,89.14274
5803,1990,92.48214
5803,1991,82.39065
5803,1992,87.12165
5803,1993,72.71961
5803,1994,75.75099
5803,1995,91.67866
5803,1996,95.54784
5803,1997,87.26694
5803,1998,96.19338
5803,1999,95.33646
5803,2000,95.24932
5803,2001,97.83812
5803,2002,98.49583
5803,2003,103.9185
5803,2004,97.57262
5803,2005,97.22066
5803,2006,110.25597
5803,2007,117.53429
5803,2008,109.86558
5803,2009,110.63401
5803,2010,160.22454
5803,2011,159.00921
5803,2012,149.95691
5803,2013,124.52886
5803,2014,141.3338
5803,2015,145.13399
5803,2016,145.61615
5815,1961,2630.85519
5815,1962,2697.41856
5815,1963,2727.13886
5815,1964,2867.1248
5815,1965,2948.05483
5815,1966,3057.59983
5815,1967,3133.49137
5815,1968,3214.74163
5815,1969,3236.37088
5815,1970,3494.76176
5815,1971,3354.10403
5815,1972,3474.65254
5815,1973,3599.23292
5815,1974,3580.87273
5815,1975,3873.93771
5815,1976,3975.64285
5815,1977,3970.9326
5815,1978,4162.56763
5815,1979,4200.28769
5815,1980,4084.13308
5815,1981,4052.82144
5815,1982,4177.26443
5815,1983,3845.64716
5815,1984,4309.0176
5815,1985,4397.40654
5815,1986,4469.56763
5815,1987,4677.49175
5815,1988,4988.07238
5815,1989,5262.34493
5815,1990,5649.98258
5815,1991,7105.67014
5815,1992,7578.817
5815,1993,7815.55355
5815,1994,7999.99444
5815,1995,8247.98257
5815,1996,8469.67023
5815,1997,8818.06026
5815,1998,9092.80408
5815,1999,9176.76939
5815,2000,9619.46507
5815,2001,9992.09634
5815,2002,9793.34817
5815,2003,10493.91404
5815,2004,11112.59362
5815,2005,11504.32119
5815,2006,12502.45145
5815,2007,12312.76493
5815,2008,13032.3821
5815,2009,12086.72018
5815,2010,13707.66763
5815,2011,14652.51111
5815,2012,15754.15078
5815,2013,15111.40123
5815,2014,17866.14586
5815,2015,17936.96404
5815,2016,17980.05165
5817,1961,1320.15164
5817,1962,1353.4406
5817,1963,1348.59598
5817,1964,1388.70624
5817,1965,1390.76107
5817,1966,1426.29364
5817,1967,1452.512
5817,1968,1464.14341
5817,1969,1459.45571
5817,1970,1479.29115
5817,1971,1517.8274
5817,1972,1490.56065
5817,1973,1610.68044
5817,1974,1592.79154
5817,1975,1718.42379
5817,1976,1712.21913
5817,1977,1737.16833
5817,1978,1775.32446
5817,1979,1791.6756
5817,1980,1771.30809
5817,1981,1816.43113
5817,1982,1816.69705
5817,1983,1821.81007
5817,1984,1862.22504
5817,1985,1863.77475
5817,1986,1875.44764
5817,1987,1873.2036
5817,1988,1913.90662
5817,1989,1859.64302
5817,1990,1966.83792
5817,1991,1916.79236
5817,1992,1847.8682
5817,1993,1888.05294
5817,1994,1869.81993
5817,1995,2006.63212
5817,1996,2194.98113
5817,1997,2429.46494
5817,1998,2569.19172
5817,1999,2729.96366
5817,2000,3187.37412
5817,2001,3417.55317
5817,2002,2771.67341
5817,2003,3175.75424
5817,2004,3387.21485
5817,2005,3271.08795
5817,2006,3941.03266
5817,2007,4025.93533
5817,2008,4746.40383
5817,2009,4831.82058
5817,2010,5627.91182
5817,2011,6809.34066
5817,2012,6872.18995
5817,2013,6804.01052
5817,2014,7940.9641
5817,2015,8317.27754
5817,2016,8581.99923
60,1961,1.52269
60,1962,1.63689
60,1963,1.69399
60,1964,1.78915
60,1965,1.86529
60,1966,1.90336
60,1967,2.03659
60,1968,2.11273
60,1969,2.24596
60,1970,2.16983
60,1971,2.51243
60,1972,2.643
60,1973,2.7789
60,1974,2.9561
60,1975,3.15196
60,1976,2.39556
60,1977,2.42678
60,1978,2.91214
60,1979,3.78235
60,1980,3.78235
60,1981,4.72794
60,1982,4.41274
60,1983,4.43901
60,1984,5.34253
60,1985,5.41733
60,1986,5.43713
60,1987,5.30789
60,1988,4.69748
60,1989,5.44151
60,1990,5.4436
60,1991,6.10597
60,1992,8.54607
60,1993,7.9941
60,1994,9.11879
60,1995,6.18496
60,1996,5.71369
60,1997,3.50218
60,1998,1.22576
60,1999,3.97154
60,2000,3.29033
60,2001,3.74105
60,2002,3.65787
60,2003,3.45193
60,2004,3.18546
60,2005,3.87942
60,2006,3.06478
60,2007,3.7774
60,2008,4.19291
60,2009,3.82403
60,2010,3.82403
60,2011,5.49442
60,2012,6.28469
60,2013,7.34258
60,2014,6.85703
60,2015,7.14387
60,2016,6.61696
61,1961,8.53324
61,1962,8.53324
61,1963,8.10658
61,1964,8.53324
61,1965,8.53324
61,1966,8.74657
61,1967,8.74657
61,1968,8.95991
61,1969,8.95991
61,1970,8.95991
61,1971,8.53324
61,1972,8.31991
61,1973,7.89325
61,1974,7.25326
61,1975,7.03993
61,1976,6.82659
61,1977,6.61326
61,1978,6.61326
61,1979,6.61326
61,1980,6.82659
61,1981,7.03993
61,1982,7.46659
61,1983,8.10658
61,1984,8.63991
61,1985,8.95991
61,1986,9.2799
61,1987,9.38657
61,1988,9.38657
61,1989,9.38657
61,1990,9.5999
61,1991,9.81323
61,1992,10.02656
61,1993,10.15234
61,1994,10.28291
61,1995,10.35353
61,1996,10.23989
61,1997,9.5999
61,1998,9.17324
61,1999,9.5999
61,2000,10.10614
61,2001,10.53369
61,2002,10.92795
61,2003,11.29474
61,2004,11.69477
61,2005,12.01749
61,2006,12.33113
61,2007,12.65783
61,2008,12.98803
61,2009,13.328
61,2010,13.68405
61,2011,14.07985
61,2012,14.50651
61,2013,14.93318
61,2014,15.29011
61,2015,15.2341
61,2016,15.44056
66,1961,20.95282
66,1962,20.95282
66,1963,20.37079
66,1964,20.37079
66,1965,20.07978
66,1966,20.37079
66,1967,20.95282
66,1968,21.24383
66,1969,20.37079
66,1970,21.82585
66,1971,17.46068
66,1972,10.47641
66,1973,4.94719
66,1974,2.96832
66,1975,3.55034
66,1976,2.03242
66,1977,2.70117
66,1978,2.86821
66,1979,2.31005
66,1980,2.97472
66,1981,3.74881
66,1982,4.69983
66,1983,6.0379
66,1984,14.31776
66,1985,14.31776
66,1986,10.878
66,1987,7.3137
66,1988,5.80888
66,1989,4.70973
66,1990,6.84633
66,1991,3.8786
66,1992,2.34672
66,1993,2.60281
66,1994,4.58372
66,1995,7.43941
66,1996,11.71233
66,1997,9.4925
66,1998,7.89688
66,1999,7.61402
66,2000,8.68378
66,2001,8.71695
66,2002,12.05718
66,2003,11.73911
66,2004,17.54886
66,2005,17.35824
66,2006,14.55668
66,2007,17.86198
66,2008,16.23058
66,2009,11.01769
66,2010,15.04994
66,2011,20.31812
66,2012,10.55411
66,2013,21.60439
66,2014,22.61769
66,2015,21.62563
66,2016,21.54286
75,1961,0.44555
75,1962,0.44555
75,1963,0.43112
75,1964,0.42434
75,1965,0.56578
75,1966,0.56578
75,1967,0.49506
75,1968,0.54456
75,1969,0.54456
75,1970,0.55164
75,1971,0.55164
75,1972,0.56578
75,1973,0.60114
75,1974,0.6365
75,1975,0.6365
75,1976,0.67186
75,1977,0.6365
75,1978,0.42434
75,1979,0.42434
75,1980,0.42434
75,1981,0.42434
75,1982,0.42434
75,1983,0.42434
75,1984,0.42434
75,1985,0.42434
75,1986,0.42434
75,1987,0.42434
75,1988,0.42434
75,1989,0.42434
75,1990,0.44668
75,1991,0.38355
75,1992,0.39975
75,1993,0.41595
75,1994,0.43215
75,1995,0.44835
75,1996,0.46455
75,1997,0.48075
75,1998,0.4914
75,1999,0.51984
75,2000,0.53042
75,2001,0.53285
75,2002,0.53809
75,2003,0.54375
75,2004,0.55004
75,2005,0.55717
75,2006,0.56534
75,2007,0.55164
75,2008,0.60293
75,2009,0.63293
75,2010,0.66514
75,2011,0.69993
75,2012,0.74259
75,2013,0.81331
75,2014,0.8218
75,2015,0.78249
75,2016,0.79106
81,1961,119.93055
81,1962,119.93055
81,1963,136.40843
81,1964,140.33107
81,1965,159.90739
81,1966,177.26877
81,1967,180.12426
81,1968,165.11581
81,1969,171.32935
81,1970,177.04033
81,1971,177.04033
81,1972,188.46229
81,1973,182.75131
81,1974,182.75131
81,1975,217.01718
81,1976,207.76539
81,1977,206.85164
81,1978,216.44608
81,1979,200.91222
81,1980,212.17427
81,1981,235.86341
81,1982,226.84006
81,1983,197.37141
81,1984,251.28305
81,1985,262.705
81,1986,328.51832
81,1987,311.3397
81,1988,376.92457
81,1989,379.20896
81,1990,310.33456
81,1991,651.22286
81,1992,646.71119
81,1993,682.18779
81,1994,688.17289
81,1995,755.15125
81,1996,812.2359
81,1997,799.48089
81,1998,819.12563
81,1999,896.10276
81,2000,925.95519
81,2001,1024.07437
81,2002,1111.47518
81,2003,1169.53299
81,2004,1112.36289
81,2005,1092.7386
81,2006,1100.84819
81,2007,1167.08754
81,2008,1296.51773
81,2009,1396.97384
81,2010,1542.43086
81,2011,1626.58567
81,2012,1661.58391
81,2013,1826.36403
81,2014,2032.90465
81,2015,1966.03354
81,2016,2032.90465
9,1961,15.83859
9,1962,17.06236
9,1963,16.25355
9,1964,16.89356
9,1965,18.31425
9,1966,16.91466
9,1967,21.28223
9,1968,19.1723
9,1969,21.16267
9,1970,20.50859
9,1971,20.74771
9,1972,17.13972
9,1973,12.44863
9,1974,21.01497
9,1975,21.07124
9,1976,15.82453
9,1977,12.87062
9,1978,12.80029
9,1979,12.87062
9,1980,15.59244
9,1981,14.09438
9,1982,15.19155
9,1983,9.77604
9,1984,9.60021
9,1985,9.12899
9,1986,11.0631
9,1987,10.43012
9,1988,10.54969
9,1989,10.54969
9,1990,9.84637
9,1991,10.54969
9,1992,10.54969
9,1993,10.54969
9,1994,10.54969
9,1995,11.253
9,1996,11.253
9,1997,11.253
9,1998,11.253
9,1999,11.95631
9,2000,11.95631
9,2001,11.60465
9,2002,11.60465
9,2003,11.95631
9,2004,12.30797
9,2005,12.65962
9,2006,12.09697
9,2007,12.30797
9,2008,12.30797
9,2009,12.65962
9,2010,12.78622
9,2011,13.01128
9,2012,13.15194
9,2013,12.94095
9,2014,13.08564
9,2015,13.3809
9,2016,13.44685
90,1961,150.25831
90,1962,150.25831
90,1963,140.24109
90,1964,150.25831
90,1965,140.24109
90,1966,144.58188
90,1967,148.92268
90,1968,150.25831
90,1969,156.93646
90,1970,160.27553
90,1971,165.28414
90,1972,168.62321
90,1973,199.72668
90,1974,201.73681
90,1975,203.7703
90,1976,205.68693
90,1977,207.69037
90,1978,210.02773
90,1979,158.60599
90,1980,160.27553
90,1981,161.94507
90,1982,163.6146
90,1983,164.95023
90,1984,165.61805
90,1985,154.27855
90,1986,160.62112
90,1987,167.22414
90,1988,174.09762
90,1989,181.25493
90,1990,188.7044
90,1991,196.46107
90,1992,204.53829
90,1993,212.94608
90,1994,221.69779
90,1995,230.81179
90,1996,240.29977
90,1997,250.17675
90,1998,260.46109
90,1999,271.16783
90,2000,282.31466
90,2001,279.26809
90,2002,293.29086
90,2003,308.01785
90,2004,323.48444
90,2005,339.72736
90,2006,356.78602
90,2007,374.70115
90,2008,351.2692
90,2009,351.03346
90,2010,354.68741
90,2011,371.50031
90,2012,388.84914
90,2013,407.00802
90,2014,437.06747
90,2015,476.36058
90,2016,501.44712
95,1961,1.88444
95,1962,1.99546
95,1963,2.12885
95,1964,2.23158
95,1965,2.40459
95,1966,2.28825
95,1967,2.3178
95,1968,2.94356
95,1969,2.79264
95,1970,2.64182
95,1971,2.4909
95,1972,2.34008
95,1973,1.29197
95,1974,1.04942
95,1975,0.95201
95,1976,0.86364
95,1977,0.78348
95,1978,0.71077
95,1979,0.80165
95,1980,0.6705
95,1981,0.66053
95,1982,0.63955
95,1983,0.61093
95,1984,0.65251
95,1985,0.67115
95,1986,0.68047
95,1987,0.68979
95,1988,0.68979
95,1989,0.67367
95,1990,0.74274
95,1991,0.76576
95,1992,0.79149
95,1993,0.81769
95,1994,0.81349
95,1995,0.81377
95,1996,0.81564
95,1997,0.88098
95,1998,0.9397
95,1999,0.93495
95,2000,0.9302
95,2001,0.92554
95,2002,0.9219
95,2003,0.93215
95,2004,1.64441
95,2005,1.89227
95,2006,1.91092
95,2007,2.34344
95,2008,2.62467
95,2009,1.99388
95,2010,2.16111
95,2011,2.07339
95,2012,2.15412
95,2013,2.22178
95,2014,2.29543
95,2015,2.27422
95,2016,2.30151
