geo,year,taro_cocoyam_gross_production_value_constant_2014_2016_1000_i_vop
107,1961,43078.61038
107,1962,53848.26297
107,1963,54566.23981
107,1964,56002.19349
107,1965,57438.14717
107,1966,57438.14717
107,1967,58156.12401
107,1968,58156.12401
107,1969,63792.2422
107,1970,65228.19588
107,1971,67848.81134
107,1972,70002.74186
107,1973,71797.68396
107,1974,73951.61448
107,1975,80251.14327
107,1976,68867.97947
107,1977,64001.17346
107,1978,56482.16101
107,1979,51991.93385
107,1980,66927.64706
107,1981,63795.11411
107,1982,58057.0432
107,1983,49369.88243
107,1984,50750.91088
107,1985,47620.89085
107,1986,40746.26261
107,1987,38329.19358
107,1988,36817.13436
107,1989,31580.92927
107,1990,28956.36493
107,1991,28637.9422
107,1992,23358.29951
107,1993,21173.49599
107,1994,20535.21458
107,1995,19359.16852
107,1996,19727.13164
107,1997,20266.69124
107,1998,20701.42622
107,1999,21145.49489
107,2000,21598.89727
107,2001,22062.35132
107,2002,22525.44638
107,2003,18398.87449
107,2004,18813.86511
107,2005,24987.38896
107,2006,25811.98536
107,2007,26663.86488
107,2008,27463.69108
107,2009,24544.39725
107,2010,25329.86391
107,2011,25015.03107
107,2012,25765.31687
107,2013,26538.57792
107,2014,27311.121
107,2015,28144.69211
107,2016,28970.36548
107,2017,29831.93769
107,2018,30149.21765
110,1961,173714.49634
110,1962,182186.62305
110,1963,208428.67654
110,1964,176981.29096
110,1965,171596.46466
110,1966,186889.37135
110,1967,164919.28006
110,1968,189222.79608
110,1969,188074.03313
110,1970,194607.62237
110,1971,200279.63941
110,1972,186494.48409
110,1973,138066.94625
110,1974,154472.71704
110,1975,132897.51301
110,1976,152749.57263
110,1977,154436.8182
110,1978,122271.45578
110,1979,160396.02597
110,1980,164596.19048
110,1981,138497.73236
110,1982,143631.26676
110,1983,141154.24667
110,1984,124604.88051
110,1985,134656.55627
110,1986,138174.64278
110,1987,140543.96635
110,1988,142626.09919
110,1989,130528.18944
110,1990,113189.04876
110,1991,126866.50756
110,1992,109347.87267
110,1993,107373.43636
110,1994,85582.83928
110,1995,91290.75515
110,1996,91147.15979
110,1997,96926.87335
110,1998,92762.60768
110,1999,88921.43158
110,2000,82746.83076
110,2001,78187.67783
110,2002,74992.6809
110,2003,75172.17511
110,2004,66341.05998
110,2005,66269.2623
110,2006,62715.27694
110,2007,62176.79431
110,2008,64510.21904
110,2009,65479.48777
110,2010,60166.45916
110,2011,61494.71631
110,2012,61925.50241
110,2013,58192.02285
110,2014,59484.38116
110,2015,55032.92475
110,2016,55499.6097
110,2017,53345.67918
110,2018,50905.61491
117,1961,297.24241
117,1962,251.29189
117,1963,250.57392
117,1964,76.10554
117,1965,221.85484
117,1966,160.10883
117,1967,161.54479
117,1968,267.08738
117,1969,340.32102
117,1970,334.21822
117,1971,503.66075
117,1972,667.00048
117,1973,484.99336
117,1974,729.82346
117,1975,712.59201
117,1976,1157.37866
117,1977,1102.81243
117,1978,897.47105
117,1979,717.97684
117,1980,358.98842
121,1961,394.88726
121,1962,358.98842
121,1963,251.29189
121,1964,269.24131
121,1965,269.24131
121,1966,258.47166
121,1967,186.67398
121,1968,502.58379
121,1969,576.17641
121,1970,574.38147
121,1971,585.15112
121,1972,592.33089
121,1973,302.26825
121,1974,323.08958
121,1975,323.08958
121,1976,323.08958
121,1977,323.08958
121,1978,287.19074
121,1979,251.29189
121,1980,215.39305
121,1981,206.41834
121,1982,201.03351
121,1983,233.34247
121,1984,251.29189
121,1985,287.19074
121,1986,323.08958
121,1987,358.98842
121,1988,394.88726
121,1989,448.73552
121,1990,502.58379
121,1991,545.6624
121,1992,617.46008
121,1993,466.68495
121,1994,484.63437
121,1995,430.7861
121,1996,422.17038
121,1997,423.60633
121,1998,425.76027
121,1999,412.83668
121,2000,376.93784
121,2001,358.98842
121,2002,323.08958
121,2003,287.19074
121,2004,298.01725
121,2005,284.51115
121,2006,271.56541
121,2007,296.07377
121,2008,292.5688
121,2009,289.7797
121,2010,287.18623
121,2011,284.81246
121,2012,287.19074
121,2013,294.3705
121,2014,279.55581
121,2015,268.89158
121,2016,276.7384
121,2017,274.54949
121,2018,272.36058
123,1961,4666.84946
123,1962,4666.84946
123,1963,4666.84946
123,1964,4666.84946
123,1965,4666.84946
123,1966,4666.84946
123,1967,4846.34367
123,1968,4846.34367
123,1969,5025.83788
123,1970,5025.83788
123,1971,5025.83788
123,1972,4666.84946
123,1973,4666.84946
123,1974,5205.33209
123,1975,5384.8263
123,1976,5384.8263
123,1977,5384.8263
123,1978,5384.8263
123,1979,5384.8263
123,1980,5384.8263
123,1981,5384.8263
123,1982,5564.32051
123,1983,5743.81472
123,1984,5923.30893
123,1985,6102.80314
123,1986,6282.29735
123,1987,6282.29735
123,1988,6282.29735
123,1989,6282.29735
123,1990,5384.8263
123,1991,5701.60622
123,1992,5743.81472
123,1993,6461.79156
123,1994,7179.7684
123,1995,7278.55759
123,1996,7463.20111
123,1997,7726.70893
123,1998,7897.74524
123,1999,8315.06048
123,2000,8638.50223
123,2001,9154.20471
123,2002,9166.34246
123,2003,9441.39544
123,2004,9477.29428
123,2005,9571.33784
123,2006,9584.99081
123,2007,9520.10952
123,2008,10769.65259
123,2009,9886.47656
123,2010,9154.20471
123,2011,9692.68733
123,2012,9872.18154
123,2013,9872.18154
123,2014,9908.98447
123,2015,9941.58704
123,2016,9915.36817
123,2017,9937.03377
123,2018,9958.69938
129,1961,30155.02726
129,1962,30873.0041
129,1963,31231.99252
129,1964,32003.81762
129,1965,32691.28045
129,1966,33066.42335
129,1967,33540.28806
129,1968,34066.2061
129,1969,34866.75027
129,1970,33849.0181
129,1971,35661.90962
129,1972,31826.11836
129,1973,30890.95352
129,1974,27611.59431
129,1975,30603.76279
129,1976,30194.51599
129,1977,20444.39051
129,1978,25922.55379
129,1979,27238.24635
129,1980,28584.45293
129,1981,27782.11381
129,1982,28060.32983
129,1983,30679.15036
129,1984,33439.7713
129,1985,33565.41725
129,1986,33744.91146
129,1987,33296.17594
129,1988,35898.84198
129,1989,37693.78408
129,1990,39488.72618
129,1991,41283.66828
129,1992,43078.61038
129,1993,44873.55247
129,1994,46668.49457
129,1995,50258.37877
129,1996,53848.26297
129,1997,57438.14717
129,1998,59233.08927
129,1999,64617.91556
129,2000,68207.79976
129,2001,71797.68396
129,2002,75387.56816
129,2003,78977.45236
129,2004,80772.39446
129,2005,82567.33655
129,2006,84362.27865
129,2007,86157.22075
129,2008,86940.98748
129,2009,84928.5974
129,2010,84518.92203
129,2011,83322.2931
129,2012,83285.31339
129,2013,84003.29023
129,2014,84005.15926
129,2015,84141.04628
129,2016,83178.19993
129,2017,82872.76289
129,2018,82626.27721
132,1961,100.51676
132,1962,102.3117
132,1963,105.90158
132,1964,107.69653
132,1965,109.85046
132,1966,113.08135
132,1967,116.67124
132,1968,118.46618
132,1969,119.54314
132,1970,220.0599
132,1971,247.70201
132,1972,69.64375
132,1973,203.90542
132,1974,241.24022
132,1975,360.42437
132,1976,454.12035
132,1977,327.03845
132,1978,134.26167
132,1979,287.19074
132,1980,416.78555
132,1981,531.30286
132,1982,484.63437
132,1983,448.73552
132,1984,409.96477
132,1985,409.96477
132,1986,409.96477
132,1987,186.67398
132,1988,179.8532
132,1989,193.85375
132,1990,495.40402
132,1991,358.98842
132,1992,287.19074
132,1993,205.34138
132,1994,323.08958
132,1995,439.40183
132,1996,533.0978
132,1997,163.69872
132,1998,125.64595
132,1999,96.56789
132,2000,69.28477
132,2001,124.92797
132,2002,100.51676
132,2003,93.33699
132,2004,127.44089
132,2005,107.69653
132,2006,269.95929
132,2007,18.6674
132,2008,33.02693
132,2009,40.92468
132,2010,12.20561
132,2011,33.25956
132,2012,9.0142
132,2013,2.67087
132,2014,14.98154
132,2015,8.88887
132,2016,8.8471
132,2017,3.58988
132,2018,3.2309
137,1961,194.93071
137,1962,98.00384
137,1963,248.77898
137,1964,143.95436
137,1965,94.05497
137,1966,164.4167
137,1967,143.59537
137,1968,164.4167
137,1969,168.00658
137,1970,122.41505
137,1971,166.92961
137,1972,169.44253
137,1973,190.26386
137,1974,127.0819
137,1975,69.64375
137,1976,67.13084
137,1977,75.02858
137,1978,76.82352
137,1979,43.4376
137,1980,61.74601
137,1981,56.36118
137,1982,100.51676
137,1983,73.59263
137,1984,98.72182
137,1985,116.67124
137,1986,132.82572
137,1987,154.36502
137,1988,172.31444
137,1989,152.57008
137,1990,175.90433
137,1991,147.18525
137,1992,165.13467
137,1993,172.31444
137,1994,136.4156
137,1995,55.64321
137,1996,44.87355
137,1997,41.64266
137,1998,37.69378
137,1999,39.48873
137,2000,41.28367
137,2001,66.41286
137,2002,70.36173
137,2003,62.82297
137,2004,86.15722
137,2005,93.33699
137,2006,113.44034
137,2007,133.54369
137,2008,113.08135
137,2009,132.82572
137,2010,114.51731
137,2011,114.87629
137,2012,154.36502
137,2013,185.59701
137,2014,262.06155
137,2015,324.16654
137,2016,413.19567
137,2017,225.1001
137,2018,225.44473
14,1961,251.29189
14,1962,251.29189
14,1963,251.29189
14,1964,251.29189
14,1965,251.29189
14,1966,277.13906
14,1967,269.24131
14,1968,244.11212
14,1969,181.64814
14,1970,197.44363
14,1971,207.49531
14,1972,208.21328
14,1973,208.21328
14,1974,208.21328
14,1975,208.21328
14,1976,208.21328
14,1977,208.21328
14,1978,208.21328
14,1979,211.80317
14,1980,211.80317
14,1981,215.39305
14,1982,215.39305
14,1983,215.39305
14,1984,215.39305
14,1985,197.44363
14,1986,197.44363
14,1987,161.54479
14,1988,125.64595
14,1989,86.51621
14,1990,89.02913
14,1991,68.2078
14,1992,62.82297
14,1993,171.95545
14,1994,42.71962
14,1995,61.74601
14,1996,62.82297
14,1997,65.86311
14,1998,64.29431
14,1999,57.43815
14,2000,64.61792
14,2001,61.73299
14,2002,71.79768
14,2003,78.97745
14,2004,71.79768
14,2005,62.82297
14,2006,56.36118
14,2007,54.20725
14,2008,14.71852
14,2009,8.61572
14,2010,81.84936
14,2011,7.17977
14,2012,35.71837
14,2013,36.07267
14,2014,33.42192
14,2015,30.55481
14,2016,30.54908
14,2017,28.48128
14,2018,27.31484
153,1961,1076.96526
153,1962,1076.96526
153,1963,1076.96526
153,1964,1076.96526
153,1965,1076.96526
153,1966,1076.96526
153,1967,897.47105
153,1968,897.47105
153,1969,897.47105
153,1970,1076.96526
153,1971,1076.96526
153,1972,1076.96526
153,1973,1076.96526
153,1974,1076.96526
153,1975,829.26325
153,1976,843.62279
153,1977,861.57221
153,1978,879.52163
153,1979,897.47105
153,1980,915.42047
153,1981,933.36989
153,1982,933.36989
153,1983,933.36989
153,1984,933.36989
153,1985,933.36989
153,1986,933.36989
153,1987,933.36989
153,1988,915.42047
153,1989,897.47105
153,1990,717.97684
153,1991,717.97684
153,1992,538.48263
153,1993,358.98842
153,1994,251.29189
153,1995,179.49421
153,1996,179.49421
153,1997,283.60085
153,1998,89.74711
153,1999,72.15667
153,2000,130.67178
153,2001,170.87849
153,2002,194.93071
153,2003,298.85786
153,2004,373.13256
153,2005,298.31938
153,2006,381.96368
153,2007,269.95929
153,2008,315.90981
153,2009,318.78172
153,2010,394.88726
153,2011,304.06319
153,2012,233.34247
153,2013,158.31389
153,2014,133.90268
153,2015,200.31554
153,2016,166.89372
153,2017,158.31389
153,2018,175.17438
157,1991,17686.2349
157,1992,17883.48494
157,1993,18080.73498
157,1994,18277.98503
157,1995,18475.23507
157,1996,18672.48511
157,1997,18869.73515
157,1998,19066.9852
157,1999,19264.23524
157,2000,19461.48528
157,2001,19658.73533
157,2002,19855.98537
157,2003,20053.23541
157,2004,20250.48545
157,2005,20447.7355
157,2006,20644.98554
157,2007,20842.23558
157,2008,21039.48562
157,2009,20948.81138
157,2010,11901.57899
157,2011,9575.65711
157,2012,25124.16355
157,2013,29322.53312
157,2014,21340.78491
157,2015,37451.95841
157,2016,17200.03987
157,2017,15280.78983
157,2018,4641.00229
159,1961,411759.71751
159,1962,554637.10859
159,1963,556791.03911
159,1964,581920.2285
159,1965,575099.44852
159,1966,514430.40557
159,1967,591612.91583
159,1968,476377.63308
159,1969,619255.02415
159,1970,495763.00774
159,1971,315909.80942
159,1972,487147.28567
159,1973,397041.1923
159,1974,172314.4415
159,1975,180930.16358
159,1976,190981.83933
159,1977,124209.99325
159,1978,65335.8924
159,1979,47386.47141
159,1980,74669.59132
159,1981,96926.87335
159,1982,100516.75754
159,1983,80413.40604
159,1984,74310.6029
159,1985,83285.31339
159,1986,133902.68058
159,1987,127081.90061
159,1988,227957.64657
159,1989,232983.48445
159,1990,262420.53487
159,1991,297601.40001
159,1992,337449.11461
159,1993,382681.65551
159,1994,404938.93753
159,1995,424324.3122
159,1996,428991.16166
159,1997,657566.26832
159,1998,1372412.7289
159,1999,1376720.58993
159,2000,1395028.99934
159,2001,1403644.72142
159,2002,1493391.82637
159,2003,1588882.74604
159,2004,1700169.15617
159,2005,1819353.31155
159,2006,1964743.62157
159,2007,1793506.14532
159,2008,1933870.61746
159,2009,1088933.93332
159,2010,1061561.06631
159,2011,1081151.42336
159,2012,1148762.94336
159,2013,1052744.31072
159,2014,1174969.09801
159,2015,1176297.35516
159,2016,1160913.6244
159,2017,1173981.54225
159,2018,1185780.98609
160,1961,251.29189
160,1962,251.29189
160,1963,251.29189
160,1964,251.29189
160,1965,251.29189
160,1966,251.29189
160,1967,251.29189
160,1968,251.29189
160,1969,251.29189
160,1970,251.29189
160,1971,287.19074
160,1972,287.19074
160,1973,323.08958
160,1974,358.98842
160,1975,358.98842
160,1976,394.88726
160,1977,394.88726
160,1978,430.7861
160,1979,430.7861
160,1980,409.2468
160,1981,455.91529
160,1982,502.58379
160,1983,574.38147
160,1984,628.22974
160,1985,682.078
160,1986,771.8251
160,1987,825.67337
160,1988,879.52163
160,1989,933.36989
160,1990,933.36989
160,1991,1005.16758
160,1992,1076.96526
160,1993,1148.76294
160,1994,1167.89963
160,1995,1203.1741
160,1996,1235.93291
160,1997,1266.2821
160,1998,1294.3277
160,1999,1320.17575
160,2000,1193.87679
160,2001,1194.63487
160,2002,1194.67737
160,2003,1229.92315
160,2004,1211.58758
160,2005,1195.44783
160,2006,1179.23895
160,2007,1184.66179
160,2008,1138.75217
160,2009,1113.94187
160,2010,1091.71165
160,2011,1073.90705
160,2012,1041.06642
160,2013,1076.96526
160,2014,1093.869
160,2015,961.0999
160,2016,894.04826
160,2017,835.90267
160,2018,785.71124
168,1961,43437.5988
168,1962,44873.55247
168,1963,46309.50615
168,1964,48463.43667
168,1965,50258.37877
168,1966,51335.34403
168,1967,52053.32087
168,1968,52771.29771
168,1969,53489.27455
168,1970,54566.23981
168,1971,55643.20507
168,1972,57438.14717
168,1973,57438.14717
168,1974,64617.91556
168,1975,66412.85766
168,1976,68207.79976
168,1977,70002.74186
168,1978,70002.74186
168,1979,70361.73028
168,1980,71079.70712
168,1981,71438.69554
168,1982,72156.67238
168,1983,72515.6608
168,1984,72874.64922
168,1985,73592.62606
168,1986,73592.62606
168,1987,75387.56816
168,1988,77182.51026
168,1989,75387.56816
168,1990,77182.51026
168,1991,75387.56816
168,1992,73592.62606
168,1993,75387.56816
168,1994,71797.68396
168,1995,64617.91556
168,1996,61028.03137
168,1997,64617.91556
168,1998,71797.68396
168,1999,78977.45236
168,2000,80724.68883
168,2001,82567.33655
168,2002,89747.10495
168,2003,91542.04705
168,2004,91901.03547
168,2005,93336.98915
168,2006,92814.36213
168,2007,93336.98915
168,2008,95131.93125
168,2009,95131.93125
168,2010,95131.93125
168,2011,98721.81545
168,2012,89747.10495
168,2013,96926.87335
168,2014,99099.02339
168,2015,97310.71105
168,2016,97179.40829
168,2017,97409.45977
168,2018,97639.51126
171,1961,33205.71086
171,1962,30241.18448
171,1963,34082.00159
171,1964,40504.66341
171,1965,40065.62057
171,1966,36125.00468
171,1967,34558.02023
171,1968,34918.08562
171,1969,33809.17039
171,1970,32893.39093
171,1971,32343.77966
171,1972,30964.18716
171,1973,32881.9033
171,1974,30281.0322
171,1975,33280.38045
171,1976,40361.42703
171,1977,44355.89117
171,1978,50261.25068
171,1979,53255.57309
171,1980,39263.64044
171,1981,37832.7126
171,1982,40529.43361
171,1983,41283.66828
171,1984,43078.61038
171,1985,33403.51347
171,1986,36968.62747
171,1987,39309.23197
171,1988,38081.49157
171,1989,36975.80724
171,1990,35898.84198
171,1991,38284.60255
171,1992,39205.32528
171,1993,38074.76573
171,1994,36430.15453
171,1995,37668.94148
171,1996,55445.10198
171,1997,54952.58028
171,1998,41047.4539
171,1999,34935.67605
171,2000,34438.47709
171,2001,34771.97733
171,2002,36313.4736
171,2003,36151.92882
171,2004,36715.18165
171,2005,39381.02965
171,2006,40185.88169
171,2007,40908.16639
171,2008,41626.86121
171,2009,41361.92775
171,2010,39761.91636
171,2011,39746.47986
171,2012,40048.98491
171,2013,40300.75798
171,2014,39619.93114
171,2015,40202.47618
171,2016,38616.19517
171,2017,39264.08852
171,2018,38755.2192
184,1961,3446.28883
184,1962,3589.8842
184,1963,3589.8842
184,1964,3948.87262
184,1965,3798.81546
184,1966,3589.8842
184,1967,3589.8842
184,1968,2450.09596
184,1969,12026.11206
184,1970,11171.71962
184,1971,7825.94755
184,1972,8574.79739
184,1973,6696.92897
184,1974,7161.81898
184,1975,6412.25115
184,1976,5903.20557
184,1977,6671.79978
184,1978,6534.30722
184,1979,13203.95307
184,1980,10615.28757
184,1981,11241.36338
184,1982,10949.1468
184,1983,12481.30938
184,1984,12420.99933
184,1985,14000.54837
184,1986,14862.12058
184,1987,14072.34606
184,1988,14000.54837
184,1989,29293.45506
184,1990,29298.1219
184,1991,23872.72992
184,1992,37083.50376
184,1993,45340.23742
184,1994,50545.56951
184,1995,16082.68121
184,1996,22395.13358
184,1997,25745.21351
184,1998,30062.76724
184,1999,32397.62792
184,2000,32648.20184
184,2001,40519.38193
184,2002,44099.93243
184,2003,49831.18255
184,2004,48951.30194
184,2005,49143.71973
184,2006,45012.48099
184,2007,44262.91317
184,2008,46822.14162
184,2009,49127.20626
184,2010,66758.9225
184,2011,67219.86363
184,2012,46849.78373
184,2013,33526.59983
184,2014,24008.78653
184,2015,29522.13068
184,2016,59659.99284
184,2017,77188.05102
184,2018,79968.52971
189,1961,39.48873
189,1962,39.48873
189,1963,43.07861
189,1964,43.07861
189,1965,46.6685
189,1966,46.6685
189,1967,46.6685
189,1968,50.25838
189,1969,50.25838
189,1970,50.25838
189,1971,53.84826
189,1972,53.84826
189,1973,53.84826
189,1974,57.43815
189,1975,57.43815
189,1976,57.43815
189,1977,59.23309
189,1978,58.51511
189,1979,68.56679
189,1980,71.79768
189,1981,80.77239
189,1982,83.28531
189,1983,91.54205
189,1984,100.51676
189,1985,98.72182
189,1986,100.51676
189,1987,100.51676
189,1988,104.10664
189,1989,107.69653
189,1990,110.92742
189,1991,105.66307
189,1992,109.49147
189,1993,111.28641
189,1994,114.87629
189,1995,115.80448
189,1996,115.85464
189,1997,107.69653
189,1998,123.71247
189,1999,135.1947
189,2000,146.21134
189,2001,156.70514
189,2002,171.97708
189,2003,172.80017
189,2004,187.75094
189,2005,151.8521
189,2006,140.72346
189,2007,146.82626
189,2008,182.00713
189,2009,197.44363
189,2010,185.62084
189,2011,186.55521
189,2012,190.47926
189,2013,147.93913
189,2014,144.93662
189,2015,179.87807
189,2016,177.40676
189,2017,179.14708
189,2018,180.8874
193,1961,1076.96526
193,1962,1076.96526
193,1963,1076.96526
193,1964,1076.96526
193,1965,1076.96526
193,1966,1076.96526
193,1967,1076.96526
193,1968,1076.96526
193,1969,1076.96526
193,1970,1076.96526
193,1971,717.97684
193,1972,538.48263
193,1973,358.98842
193,1974,358.98842
193,1975,358.98842
193,1976,358.98842
193,1977,538.48263
193,1978,789.77452
193,1979,789.77452
193,1980,1076.96526
193,1981,1076.96526
193,1982,1076.96526
193,1983,1076.96526
193,1984,1076.96526
193,1985,717.97684
193,1986,646.17916
193,1987,732.33638
193,1988,814.90371
193,1989,775.41499
193,1990,872.34186
193,1991,530.58488
193,1992,2153.93052
193,1993,2512.91894
193,1994,3051.40157
193,1995,2959.85952
193,1996,5743.81472
193,1997,7279.92617
193,1998,8077.23945
193,1999,8278.27296
193,2000,8832.91007
193,2001,8974.7105
193,2002,9333.69892
193,2003,9154.20471
193,2004,9260.24584
193,2005,9333.69892
193,2006,8256.73365
193,2007,7179.7684
193,2008,6624.5751
193,2009,5743.81472
193,2010,4647.4356
193,2011,3556.53776
193,2012,3200.88399
193,2013,2880.79566
193,2014,2401.85023
193,2015,2153.93052
193,2016,3628.65495
193,2017,3773.68627
193,2018,3689.32399
197,1961,8974.7105
197,1962,8974.7105
197,1963,7179.7684
197,1964,7179.7684
197,1965,7179.7684
197,1966,6461.79156
197,1967,7359.26261
197,1968,6820.77998
197,1969,8256.73365
197,1970,7897.74524
197,1971,8256.73365
197,1972,8256.73365
197,1973,8256.73365
197,1974,8256.73365
197,1975,8256.73365
197,1976,7179.7684
197,1977,7179.7684
197,1978,7179.7684
197,1979,7179.7684
197,1980,6461.79156
197,1981,5743.81472
197,1982,5025.83788
197,1983,4307.86104
197,1984,3589.8842
197,1985,2871.90736
197,1986,2153.93052
197,1987,1435.95368
197,1988,1328.25715
197,1989,1256.45947
197,1990,1148.76294
197,1991,1220.56063
197,1992,1220.56063
197,1993,1159.5326
197,1994,1148.76294
197,1995,969.26873
197,1996,923.81179
197,1997,930.18483
197,1998,916.36862
197,1999,872.34186
197,2000,840.0329
197,2001,897.47105
197,2002,933.36989
197,2003,942.3446
197,2004,1005.16758
197,2005,987.21815
197,2006,1041.06642
197,2007,1005.16758
197,2008,897.47105
197,2009,987.21815
197,2010,1005.16758
197,2011,1034.84663
197,2012,1076.96526
197,2013,1112.8641
197,2014,1120.27386
197,2015,999.19589
197,2016,970.07492
197,2017,944.96339
197,2018,924.83717
214,1961,7796.5105
214,1962,7713.22519
214,1963,7282.0801
214,1964,8470.33177
214,1965,7758.81672
214,1966,7476.65182
214,1967,7498.55011
214,1968,7021.4545
214,1969,8314.53079
214,1970,7333.41544
214,1971,7432.13725
214,1972,7351.36486
214,1973,7248.69417
214,1974,8153.70398
214,1975,9732.17606
214,1976,6574.87291
214,1977,14495.23442
214,1978,21502.32938
214,1979,17149.95378
214,1980,16295.56134
214,1981,17754.49028
214,1982,20971.7445
214,1983,18846.89204
214,1984,22402.67234
214,1985,22267.69269
214,1986,24077.7123
214,1987,27697.75153
214,1988,28208.23306
214,1989,30409.55005
214,1990,27412.71472
214,1991,25034.05746
214,1992,27360.30241
214,1993,19973.3977
214,1994,15441.88688
214,1995,19275.16522
214,1996,13439.44947
214,1997,13653.76556
214,1998,15287.16287
214,1999,15454.81046
214,2000,14618.72643
214,2001,17079.23306
214,2002,17392.27096
214,2003,16372.38486
214,2004,13759.30815
214,2005,13548.22296
214,2006,15255.93088
214,2007,15246.95617
214,2008,13854.0811
214,2009,15275.31625
214,2010,19102.49179
214,2011,16830.0951
214,2012,15007.51089
214,2013,14439.23222
214,2014,15654.76701
214,2015,14506.00407
214,2016,15334.19035
214,2017,15842.15897
214,2018,15175.87646
216,1961,28719.07358
216,1962,28719.07358
216,1963,28719.07358
216,1964,28898.56779
216,1965,29078.062
216,1966,29257.55621
216,1967,29437.05042
216,1968,29616.54463
216,1969,29796.03884
216,1970,29975.53305
216,1971,30155.02726
216,1972,30334.52147
216,1973,29975.53305
216,1974,29796.03884
216,1975,29616.54463
216,1976,29437.05042
216,1977,29257.55621
216,1978,29078.062
216,1979,28898.56779
216,1980,30573.60776
216,1981,29326.123
216,1982,22281.69324
216,1983,20032.63079
216,1984,26539.2959
216,1985,21074.0562
216,1986,20821.32835
216,1987,20641.83414
216,1988,20462.33993
216,1989,20282.84572
216,1990,20103.35151
216,1991,19659.38851
216,1992,19606.26743
216,1993,19744.36309
216,1994,19398.7854
216,1995,19026.38625
216,1996,19387.21843
216,1997,19385.37467
216,1998,19744.36309
216,1999,20103.35151
216,2000,21154.37157
216,2001,22113.68666
216,2002,23103.96893
216,2003,24124.02181
216,2004,26134.35696
216,2005,28144.69211
216,2006,28180.59095
216,2007,29251.41314
216,2008,30520.0979
216,2009,31427.84352
216,2010,32308.95778
216,2011,32467.85729
216,2012,32308.95778
216,2013,34103.89988
216,2014,34995.98503
216,2015,35362.60435
216,2016,36089.7798
216,2017,36819.56837
216,2018,37549.35693
217,1961,6461.79156
217,1962,6461.79156
217,1963,6102.80314
217,1964,5743.81472
217,1965,6102.80314
217,1966,6461.79156
217,1967,6461.79156
217,1968,6820.77998
217,1969,6820.77998
217,1970,7000.27419
217,1971,7179.7684
217,1972,7538.75682
217,1973,7538.75682
217,1974,8256.73365
217,1975,7897.74524
217,1976,6461.79156
217,1977,6102.80314
217,1978,6102.80314
217,1979,6461.79156
217,1980,7179.7684
217,1981,5384.8263
217,1982,4666.84946
217,1983,4666.84946
217,1984,3948.87262
217,1985,5384.8263
217,1986,4307.86104
217,1987,3062.8892
217,1988,5927.97578
217,1989,3900.05019
217,1990,4917.06439
217,1991,4906.29473
217,1992,3840.45811
217,1993,7007.45395
217,1994,5482.47115
217,1995,3990.51527
217,1996,2684.15641
217,1997,3861.63843
217,1998,5493.95878
217,1999,11507.3738
217,2000,8009.39063
217,2001,5547.44805
217,2002,14318.9711
217,2003,7023.60843
217,2004,6376.7113
217,2005,4635.61747
217,2006,4868.95994
217,2007,5564.32051
217,2008,6370.96749
217,2009,6995.24835
217,2010,7239.00148
217,2011,7325.87668
217,2012,4069.85171
217,2013,7164.69088
217,2014,4137.70053
217,2015,5923.3597
217,2016,6470.40728
217,2017,5293.64324
217,2018,5966.47969
219,1961,9333.69892
219,1962,9836.2827
219,1963,9830.89788
219,1964,9575.65711
219,1965,9577.81104
219,1966,9581.40092
219,1967,9333.69892
219,1968,9154.20471
219,1969,9611.91494
219,1970,9617.65876
219,1971,9872.18154
219,1972,10087.5746
219,1973,10195.27112
219,1974,10178.39867
219,1975,10231.16996
219,1976,10351.79007
219,1977,9872.18154
219,1978,9405.4966
219,1979,8938.81165
219,1980,8472.12671
219,1981,8005.44176
219,1982,7538.75682
219,1983,7072.07187
219,1984,6605.38692
219,1985,6138.70198
219,1986,5672.01703
219,1987,5205.33209
219,1988,4738.64714
219,1989,4271.9622
219,1990,3805.27725
219,1991,3762.19864
219,1992,4514.27938
219,1993,4615.15513
219,1994,3589.8842
219,1995,3123.80258
219,1996,2725.6292
219,1997,2323.43947
219,1998,1794.9421
219,1999,1163.12248
219,2000,1335.43692
219,2001,1435.95368
219,2002,1439.27425
219,2003,1411.41835
219,2004,1389.91684
219,2005,1369.25008
219,2006,1346.20657
219,2007,1364.15599
219,2008,1328.38997
219,2009,1284.26234
219,2010,1238.75728
219,2011,1194.57171
219,2012,1148.76294
219,2013,1166.71236
219,2014,1164.36298
219,2015,1160.76188
219,2016,1174.93967
219,2017,1172.11961
219,2018,1171.6607
220,1961,1076.96526
220,1962,1112.8641
220,1963,1181.43089
220,1964,1453.9031
220,1965,1729.96519
220,1966,1932.79365
220,1967,2197.00913
220,1968,2559.58743
220,1969,2588.66549
220,1970,2480.96897
220,1971,2512.91894
220,1972,2548.81778
220,1973,2778.57037
220,1974,2836.00852
220,1975,2853.95794
220,1976,2871.90736
220,1977,2800.10967
220,1978,2836.00852
220,1979,2871.90736
220,1980,2907.8062
220,1981,2943.70504
220,1982,2979.60388
220,1983,2692.41315
220,1984,2512.91894
220,1985,2153.93052
220,1986,1974.43631
220,1987,2082.13284
220,1988,2333.42473
220,1989,538.48263
220,1990,574.38147
220,1991,628.22974
220,1992,656.94881
220,1993,690.69372
220,1994,648.33309
220,1995,320.93565
220,1996,530.58488
220,1997,863.36715
220,1998,692.48866
220,1999,1241.38196
220,2000,331.34631
220,2001,820.64753
220,2002,2461.94258
220,2003,1692.6304
220,2004,1728.17025
220,2005,1741.09384
220,2006,1581.42353
220,2007,1759.04326
220,2008,1534.87428
220,2009,1615.44789
220,2010,1351.45381
220,2011,983.98726
220,2012,1006.60353
220,2013,1246.76678
220,2014,1468.98061
220,2015,701.82236
220,2016,870.18793
220,2017,1163.48147
220,2018,918.65137
223,1961,358.98842
223,1962,376.93784
223,1963,394.88726
223,1964,412.83668
223,1965,412.83668
223,1966,430.7861
223,1967,430.7861
223,1968,445.86362
223,1969,421.81139
223,1970,430.7861
223,1971,430.7861
223,1972,516.94332
223,1973,420.01645
223,1974,466.68495
223,1975,394.88726
223,1976,394.88726
223,1977,358.98842
223,1978,646.17916
223,1979,717.97684
223,1980,538.48263
223,1981,628.22974
223,1982,717.97684
223,1983,717.97684
223,1984,933.36989
223,1985,161.54479
223,1986,107.69653
223,1987,71.79768
223,1988,82.56734
223,1989,387.70749
223,1990,358.98842
223,1991,323.08958
223,1992,323.08958
223,1993,326.67946
223,1994,53.84826
223,1995,215.39305
223,1996,251.29189
223,1997,233.34247
223,1998,226.1627
223,1999,165.13467
223,2000,161.54479
223,2001,71.79768
223,2002,35.89884
223,2003,28.71907
223,2004,21.5393
223,2005,24.05222
223,2006,86.51621
223,2007,23.69324
223,2008,50.25838
223,2009,322.3716
223,2010,313.39689
223,2011,316.98678
223,2012,312.67891
223,2013,300.11432
223,2014,288.98568
223,2015,282.1649
223,2016,228.31664
223,2017,370.11706
223,2018,369.39908
231,1961,1623.34563
231,1962,1709.86184
231,1963,1634.11529
231,1964,1553.34289
231,1965,1583.49792
231,1966,1511.34125
231,1967,1371.69475
231,1968,1528.93168
231,1969,1448.51827
231,1970,1435.2357
231,1971,1475.44241
231,1972,1504.52047
231,1973,1400.05484
231,1974,1459.64692
231,1975,1261.48531
231,1976,1230.25331
231,1977,1325.38525
231,1978,1289.84539
231,1979,1121.83881
231,1980,1097.4276
231,1981,1026.70688
231,1982,1105.68433
231,1983,959.21706
231,1984,1026.70688
231,1985,1116.45399
231,1986,1030.29677
231,1987,1026.70688
231,1988,1105.68433
231,1989,1059.01584
231,1990,944.13954
231,1991,1059.01584
231,1992,1123.63375
231,1993,976.4485
231,1994,994.39792
231,1995,1105.68433
231,1996,929.78001
231,1997,893.88117
231,1998,976.4485
231,1999,1105.68433
231,2000,1141.58317
231,2001,1041.06642
231,2002,994.39792
231,2003,814.90371
231,2004,847.21267
231,2005,649.76904
231,2006,732.33638
231,2007,649.76904
231,2008,700.02742
231,2009,649.76904
231,2010,635.4095
231,2011,667.71846
231,2012,570.07361
231,2013,556.43205
231,2014,527.71298
231,2015,570.79159
231,2016,570.79159
231,2017,599.51066
231,2018,574.38545
243,1961,538.48263
243,1962,538.48263
243,1963,538.48263
243,1964,538.48263
243,1965,538.48263
243,1966,538.48263
243,1967,592.33089
243,1968,592.33089
243,1969,592.33089
243,1970,592.33089
243,1971,610.28031
243,1972,610.28031
243,1973,610.28031
243,1974,610.28031
243,1975,610.28031
243,1976,610.28031
243,1977,610.28031
243,1978,628.22974
243,1979,628.22974
243,1980,628.22974
243,1981,628.22974
243,1982,628.22974
243,1983,574.38147
243,1984,574.38147
243,1985,574.38147
243,1986,574.38147
243,1987,574.38147
243,1988,574.38147
243,1989,574.38147
243,1990,628.22974
243,1991,581.7022
243,1992,581.68933
243,1993,581.67647
243,1994,582.14398
243,1995,595.37335
243,1996,596.42504
243,1997,595.20555
243,1998,595.05419
243,1999,594.82892
243,2000,594.5169
243,2001,594.10389
243,2002,593.57401
243,2003,592.90963
243,2004,592.09119
243,2005,594.17935
243,2006,592.76817
243,2007,610.28031
243,2008,585.69741
243,2009,579.9258
243,2010,573.65363
243,2011,566.8112
243,2012,538.48263
243,2013,558.31492
243,2014,554.89801
243,2015,549.6128
243,2016,543.46366
243,2017,539.36645
243,2018,535.28471
244,1961,6820.77998
244,1962,7538.75682
244,1963,7754.14987
244,1964,7897.74524
244,1965,8256.73365
244,1966,8256.73365
244,1967,8256.73365
244,1968,8974.7105
244,1969,8974.7105
244,1970,8974.7105
244,1971,9692.68733
244,1972,9692.68733
244,1973,9692.68733
244,1974,9692.68733
244,1975,10661.95607
244,1976,11487.62943
244,1977,11487.62943
244,1978,11846.61785
244,1979,12205.60627
244,1980,12564.59469
244,1981,12708.19006
244,1982,13246.67269
244,1983,13282.57153
244,1984,13641.55995
244,1985,13677.45879
244,1986,13713.35764
244,1987,13749.25648
244,1988,13641.55995
244,1989,13641.55995
244,1990,8974.7105
244,1991,5563.12929
244,1992,3589.8842
244,1993,2966.14383
244,1994,1076.96526
244,1995,2970.53253
244,1996,1794.9421
244,1997,4307.86104
244,1998,4309.84058
244,1999,5384.8263
244,2000,5384.8263
244,2001,5384.8263
244,2002,6102.80314
244,2003,6189.68818
244,2004,6015.02066
244,2005,5789.68272
244,2006,6282.29735
244,2007,7242.59137
244,2008,6689.39021
244,2009,7268.79752
244,2010,7456.20849
244,2011,8007.5171
244,2012,8268.42687
244,2013,8593.85467
244,2014,9208.45778
244,2015,10211.99221
244,2016,9338.10111
244,2017,9105.63139
244,2018,9016.07866
25,1961,3589.8842
25,1962,3697.58072
25,1963,3805.27725
25,1964,3948.87262
25,1965,4128.36683
25,1966,4164.26567
25,1967,4307.86104
25,1968,4523.25409
25,1969,4666.84946
25,1970,4846.34367
25,1971,5025.83788
25,1972,5205.33209
25,1973,5384.8263
25,1974,5564.32051
25,1975,5743.81472
25,1976,5923.30893
25,1977,6102.80314
25,1978,6354.09503
25,1979,6641.28577
25,1980,6892.57766
25,1981,7179.7684
25,1982,7431.06029
25,1983,7718.25103
25,1984,8005.44176
25,1985,8256.73365
25,1986,8472.12671
25,1987,8723.4186
25,1988,9154.20471
25,1989,9513.19312
25,1990,9872.18154
25,1991,10051.67575
25,1992,10338.86649
25,1993,9692.68733
25,1994,10020.34541
25,1995,10170.05057
25,1996,10231.16996
25,1997,10769.65259
25,1998,11128.64101
25,1999,10769.65259
25,2000,12205.60627
25,2001,12923.58311
25,2002,13641.55995
25,2003,14359.53679
25,2004,15185.21016
25,2005,15795.49047
25,2006,14359.53679
25,2007,15795.49047
25,2008,16513.46731
25,2009,17231.44415
25,2010,16513.46731
25,2011,17231.44415
25,2012,15077.51363
25,2013,15257.00784
25,2014,15691.26447
25,2015,16451.93106
25,2016,16316.37312
25,2017,16401.49581
25,2018,16486.61849
250,1961,6842.67827
250,1962,7775.68917
250,1963,7462.65127
250,1964,5441.90546
250,1965,8097.70178
250,1966,10753.8571
250,1967,16035.29474
250,1968,15077.51363
250,1969,14359.53679
250,1970,13641.55995
250,1971,13964.64953
250,1972,13928.75069
250,1973,14539.031
250,1974,15185.21016
250,1975,15508.29973
250,1976,16513.46731
250,1977,16441.66963
250,1978,13282.57153
250,1979,10769.65259
250,1980,10985.04565
250,1981,11415.83175
250,1982,11631.2248
250,1983,12062.0109
250,1984,12277.40396
250,1985,12492.79701
250,1986,13533.86343
250,1987,13203.59408
250,1988,13440.52644
250,1989,13681.04868
250,1990,13921.57092
250,1991,14176.4527
250,1992,22400.8774
250,1993,23021.92736
250,1994,23659.49079
250,1995,24317.51657
250,1996,24993.85075
250,1997,25688.85233
250,1998,21026.66972
250,1999,21615.41073
250,2000,22220.66521
250,2001,22842.79214
250,2002,23482.5095
250,2003,23531.69092
250,2004,23581.9493
250,2005,23632.20768
250,2006,23682.46605
250,2007,23732.72443
250,2008,23782.98281
250,2009,23833.24119
250,2010,23923.34728
250,2011,23973.96465
250,2012,24332.48551
250,2013,24841.15357
250,2014,25127.23578
250,2015,25140.23727
250,2016,24985.19001
250,2017,25104.4884
250,2018,25223.7868
29,1961,34103.89988
29,1962,34103.89988
29,1963,35898.84198
29,1964,37693.78408
29,1965,37693.78408
29,1966,34103.89988
29,1967,35898.84198
29,1968,37693.78408
29,1969,34821.87672
29,1970,34534.68599
29,1971,35288.56167
29,1972,31770.47515
29,1973,36078.33619
29,1974,28862.66895
29,1975,36437.32461
29,1976,37083.50376
29,1977,37693.78408
29,1978,35898.84198
29,1979,34821.87672
29,1980,34103.89988
29,1981,35898.84198
29,1982,35180.86514
29,1983,35898.84198
29,1984,36975.80724
29,1985,40206.70302
29,1986,43796.58722
29,1987,44873.55247
29,1988,45950.51773
29,1989,45878.72005
29,1990,46058.21426
29,1991,47278.77489
29,1992,48463.43667
29,1993,47206.9772
29,1994,33602.75205
29,1995,36621.12668
29,1996,34103.54089
29,1997,37793.94185
29,1998,27261.5806
29,1999,32344.49764
29,2000,28982.57108
29,2001,30406.31916
29,2002,30767.10252
29,2003,29762.65292
29,2004,22150.66247
29,2005,21821.47009
29,2006,20910.35748
29,2007,20866.2019
29,2008,20943.7434
29,2009,21025.59276
29,2010,21127.54547
29,2011,20932.97375
29,2012,33376.23035
29,2013,48889.19694
29,2014,41424.03275
29,2015,11160.61894
29,2016,12556.17132
29,2017,21185.22518
29,2018,20105.36086
299,1998,53.84826
299,1999,53.84826
299,2000,44.87355
299,2001,89.74711
299,2002,86.15722
299,2003,32.30896
299,2004,21.5393
299,2005,21.5393
299,2006,10.76965
299,2007,21.5393
299,2008,12.92358
299,2009,12.56459
299,2010,12.56005
299,2011,12.10973
299,2012,13.34702
299,2013,14.71324
299,2014,13.46837
299,2015,11.93729
299,2016,13.28844
299,2017,13.2623
299,2018,13.23615
32,1961,161544.78891
32,1962,184498.14948
32,1963,242546.57697
32,1964,161631.66411
32,1965,141683.3956
32,1966,156960.50679
32,1967,225679.50606
32,1968,239861.34358
32,1969,220058.82437
32,1970,256850.47055
32,1971,216704.43658
32,1972,229324.31549
32,1973,224506.69089
32,1974,305488.73459
32,1975,287190.73584
32,1976,251291.89386
32,1977,179494.2099
32,1978,107696.52594
32,1979,107696.52594
32,1980,107696.52594
32,1981,107696.52594
32,1982,107696.52594
32,1983,114876.29434
32,1984,125645.94693
32,1985,143595.36792
32,1986,161544.78891
32,1987,179494.2099
32,1988,197443.63089
32,1989,215393.05188
32,1990,268164.34959
32,1991,196725.65405
32,1992,172673.42992
32,1993,263856.48855
32,1994,269241.31485
32,1995,286442.92089
32,1996,276780.07167
32,1997,284677.8169
32,1998,292575.56214
32,1999,369277.02791
32,2000,371036.07117
32,2001,375724.45993
32,2002,387538.76883
32,2003,396064.7438
32,2004,404780.98263
32,2005,485601.12254
32,2006,493747.64675
32,2007,512839.3689
32,2008,531931.09104
32,2009,520533.20871
32,2010,527712.97711
32,2011,563182.46894
32,2012,579444.28536
32,2013,556781.34642
32,2014,609291.30056
32,2015,630832.0417
32,2016,647495.56618
32,2017,662863.55987
32,2018,682621.13119
351,1961,259088.40436
351,1962,269774.77164
351,1963,276523.39495
351,1964,277711.64662
351,1965,294949.55256
351,1966,294667.38766
351,1967,301869.05435
351,1968,312161.61133
351,1969,331404.10861
351,1970,330422.99326
351,1971,337701.48347
351,1972,348390.36367
351,1973,355467.46138
351,1974,356372.47118
351,1975,361540.82747
351,1976,365563.29271
351,1977,445281.33817
351,1978,452288.43314
351,1979,447936.05754
351,1980,447081.6651
351,1981,455720.36243
351,1982,469707.26925
351,1983,485531.83778
351,1984,524986.46006
351,1985,453053.79645
351,1986,490762.65804
351,1987,458483.85529
351,1988,423095.49484
351,1989,410937.27504
351,1990,422299.9765
351,1991,437870.74023
351,1992,458146.40618
351,1993,468708.92245
351,1994,482126.83262
351,1995,493537.03312
351,1996,498073.8162
351,1997,505467.90069
351,1998,526845.66108
351,1999,535988.01917
351,2000,553101.35613
351,2001,562198.62257
351,2002,573824.32165
351,2003,590753.85654
351,2004,570191.35884
351,2005,552030.85266
351,2006,553738.56058
351,2007,589628.42785
351,2008,588235.55278
351,2009,607606.20892
351,2010,612943.43173
351,2011,609160.98777
351,2012,646827.12974
351,2013,660618.38786
351,2014,671313.37729
351,2015,674217.05754
351,2016,683182.77579
351,2017,692701.36674
351,2018,701045.70657
37,1961,14359.53679
37,1962,14359.53679
37,1963,14359.53679
37,1964,14359.53679
37,1965,14359.53679
37,1966,14359.53679
37,1967,14359.53679
37,1968,15077.51363
37,1969,16872.45573
37,1970,14359.53679
37,1971,12564.59469
37,1972,10769.65259
37,1973,10769.65259
37,1974,10769.65259
37,1975,10769.65259
37,1976,10769.65259
37,1977,10769.65259
37,1978,10769.65259
37,1979,11487.62943
37,1980,11487.62943
37,1981,11487.62943
37,1982,11846.61785
37,1983,11846.61785
37,1984,12564.59469
37,1985,12564.59469
37,1986,12564.59469
37,1987,13282.57153
37,1988,13282.57153
37,1989,13282.57153
37,1990,17949.42099
37,1991,20825.19134
37,1992,21539.30519
37,1993,23961.49529
37,1994,25129.18939
37,1995,32308.95778
37,1996,32217.37316
37,1997,35898.84198
37,1998,39488.72618
37,1999,35898.84198
37,2000,37693.78408
37,2001,36642.13996
37,2002,35898.84198
37,2003,28719.07358
37,2004,35898.84198
37,2005,37571.71797
37,2006,38231.136
37,2007,38988.42245
37,2008,39333.64229
37,2009,39857.31069
37,2010,42360.63354
37,2011,43226.01709
37,2012,44873.55247
37,2013,46668.49457
37,2014,47023.69984
37,2015,47462.57106
37,2016,48150.59871
37,2017,49020.10391
37,2018,49889.60912
39,1961,1902.63863
39,1962,1938.53747
39,1963,1974.43631
39,1964,2010.33515
39,1965,2046.23399
39,1966,2082.13284
39,1967,2118.03168
39,1968,2153.93052
39,1969,2153.93052
39,1970,2153.93052
39,1971,2225.7282
39,1972,2261.62704
39,1973,2153.93052
39,1974,2189.82936
39,1975,2333.42473
39,1976,2153.93052
39,1977,2153.93052
39,1978,2512.91894
39,1979,2692.41315
39,1980,2692.41315
39,1981,2692.41315
39,1982,2692.41315
39,1983,2692.41315
39,1984,5743.81472
39,1985,6461.79156
39,1986,6461.79156
39,1987,7179.7684
39,1988,7897.74524
39,1989,8615.72207
39,1990,10051.67575
39,1991,10769.65259
39,1992,11487.62943
39,1993,12564.59469
39,1994,13641.55995
39,1995,3024.11845
39,1996,3025.5544
39,1997,6793.00548
39,1998,11875.75575
39,1999,18903.88533
39,2000,30772.53882
39,2001,45890.1752
39,2002,38607.14245
39,2003,29293.45506
39,2004,20103.35151
39,2005,22975.25887
39,2006,17651.4606
39,2007,10026.54657
39,2008,9154.20471
39,2009,10106.24199
39,2010,12170.06642
39,2011,11314.23803
39,2012,9853.79299
39,2013,8455.61324
39,2014,7896.16186
39,2015,7278.13122
39,2016,6811.44628
39,2017,10285.7362
39,2018,7558.37267
41,1961,251291.89386
41,1962,262061.54645
41,1963,269241.31485
41,1964,269241.31485
41,1965,287190.73584
41,1966,287190.73584
41,1967,294370.50424
41,1968,305140.15683
41,1969,323089.57782
41,1970,323089.57782
41,1971,330269.34622
41,1972,341038.99881
41,1973,348218.76721
41,1974,348218.76721
41,1975,351808.6514
41,1976,358988.4198
41,1977,430786.10376
41,1978,430786.10376
41,1979,430786.10376
41,1980,430786.10376
41,1981,437965.87216
41,1982,448735.52475
41,1983,466684.94574
41,1984,502583.78772
41,1985,430786.10376
41,1986,466684.94574
41,1987,430786.10376
41,1988,394887.26178
41,1989,380527.72499
41,1990,394887.26178
41,1991,412836.68277
41,1992,430786.10376
41,1993,448735.52475
41,1994,466684.94574
41,1995,474261.8679
41,1996,484634.36673
41,1997,491814.13513
41,1998,511558.49821
41,1999,520533.20871
41,2000,538482.6297
41,2001,545119.38951
41,2002,556432.05069
41,2003,574381.47168
41,2004,556432.05069
41,2005,538482.6297
41,2006,538482.6297
41,2007,574381.47168
41,2008,574381.47168
41,2009,592330.89267
41,2010,593840.93994
41,2011,592330.89267
41,2012,631819.61885
41,2013,646179.15564
41,2014,655658.61028
41,2015,659711.05347
41,2016,667848.58544
41,2017,676859.20777
41,2018,685869.83011
45,1990,2642.15477
45,1991,2663.69407
45,1992,2685.23338
45,1993,2757.74904
45,1994,2832.05964
45,1995,2914.98597
45,1996,2979.60388
45,1997,2979.60388
45,1998,3057.14538
45,1999,3112.78859
45,2000,3168.79078
45,2001,3224.43399
45,2002,3280.07719
45,2003,3302.69346
45,2004,3329.2765
45,2005,3338.5923
45,2006,3410.38999
45,2007,3461.6849
45,2008,3495.64878
45,2009,3531.12059
45,2010,3571.1611
45,2011,3615.39854
45,2012,3566.08009
45,2013,3836.46378
45,2014,3798.6311
45,2015,3815.46662
45,2016,3837.68788
45,2017,3878.08537
45,2018,3918.48286
5,1961,1220.56063
5,1962,1220.56063
5,1963,1227.7404
5,1964,1231.33028
5,1965,1234.92016
5,1966,1238.51005
5,1967,1240.30499
5,1968,1367.74588
5,1969,1413.6964
5,1970,1076.96526
5,1971,1256.45947
5,1972,1364.15599
5,1973,1435.95368
5,1974,1310.30773
5,1975,1292.35831
5,1976,1256.45947
5,1977,1220.56063
5,1978,1076.96526
5,1979,717.97684
5,1980,969.26873
5,1981,933.36989
5,1982,897.47105
5,1983,861.57221
5,1984,789.77452
5,1985,717.97684
5,1986,753.87568
5,1987,538.48263
5,1988,502.58379
5,1989,473.86471
5,1990,717.97684
5,1991,538.48263
5,1992,748.25398
5,1993,879.34002
5,1994,1019.85297
5,1995,1158.84578
5,1996,1399.85202
5,1997,1502.72553
5,1998,1755.45337
5,1999,1364.15599
5,2000,1615.44789
5,2001,2153.93052
5,2002,2333.42473
5,2003,3213.30535
5,2004,3230.89578
5,2005,3199.08144
5,2006,3232.35485
5,2007,3320.26682
5,2008,3390.83061
5,2009,3473.99806
5,2010,3589.8842
5,2011,3465.21367
5,2012,3230.89578
5,2013,3589.8842
5,2014,3702.25598
5,2015,3649.11565
5,2016,3654.2627
5,2017,3684.28667
5,2018,3714.31063
50,1961,1458.92894
50,1962,1504.52047
50,1963,2507.53411
50,1964,2917.85788
50,1965,6565.18022
50,1966,7294.64469
50,1967,6565.53921
50,1968,5471.34251
50,1969,2917.85788
50,1970,1823.66117
50,1971,2006.02729
50,1972,2188.39341
50,1973,2297.88488
50,1974,1458.92894
50,1975,1641.29506
50,1976,1823.66117
50,1977,911.83059
50,1978,948.44741
50,1979,1313.17964
50,1980,966.75581
50,1981,802.33912
50,1982,911.83059
50,1983,1076.96526
50,1984,1062.60572
50,1985,1041.06642
50,1986,1041.06642
50,1987,897.47105
50,1988,789.77452
50,1989,682.078
50,1990,969.26873
50,1991,771.8251
50,1992,717.97684
50,1993,861.57221
50,1994,1023.117
50,1995,1148.76294
50,1996,897.47105
50,1997,789.77452
50,1998,1148.76294
50,1999,1256.45947
50,2000,1005.16758
50,2001,933.36989
50,2002,933.36989
50,2003,753.87568
50,2004,750.64479
50,2005,840.75088
50,2006,825.67337
50,2007,819.92955
50,2008,779.36386
50,2009,735.20828
50,2010,725.15661
50,2011,847.93065
50,2012,838.95594
50,2013,710.07909
50,2014,749.56782
50,2015,691.05271
50,2016,624.28086
50,2017,507.60963
50,2018,533.45679
5000,1961,1610825.55421
5000,1962,1817736.78669
5000,1963,1923582.00935
5000,1964,1847172.40116
5000,1965,1861876.20785
5000,1966,1878802.15285
5000,1967,1995562.7774
5000,1968,1963612.09007
5000,1969,2127323.73308
5000,1970,2084712.88461
5000,1971,1878816.87138
5000,1972,1987739.70176
5000,1973,1991683.54854
5000,1974,1938284.0211
5000,1975,1787331.5445
5000,1976,1669445.85024
5000,1977,1582833.07318
5000,1978,1433257.67617
5000,1979,1468451.46489
5000,1980,1462774.42202
5000,1981,1457592.42418
5000,1982,1469374.42412
5000,1983,1507137.49296
5000,1984,1578660.90977
5000,1985,1565986.46462
5000,1986,1715012.60935
5000,1987,1697980.04479
5000,1988,1821966.02927
5000,1989,1871002.05247
5000,1990,1805663.64715
5000,1991,1990388.47953
5000,1992,1995877.77339
5000,1993,2168948.21441
5000,1994,2145068.95196
5000,1995,2241384.30851
5000,1996,2336232.45052
5000,1997,2587777.04325
5000,1998,3338606.05204
5000,1999,3484165.66784
5000,2000,3507215.91576
5000,2001,3573845.42871
5000,2002,3781603.29172
5000,2003,3880807.15062
5000,2004,3946045.01541
5000,2005,4135552.46622
5000,2006,4277813.04595
5000,2007,4176767.21504
5000,2008,4361299.59671
5000,2009,3455814.39735
5000,2010,3395122.18333
5000,2011,3428553.2259
5000,2012,3542029.21864
5000,2013,3461817.48312
5000,2014,3634886.40667
5000,2015,3651160.54993
5000,2016,3669079.45463
5000,2017,3779822.18314
5000,2018,3819582.84156
5100,1961,1022579.94975
5100,1962,1208596.26126
5100,1963,1274775.05848
5100,1964,1222015.2484
5100,1965,1216697.91192
5100,1966,1221764.67448
5100,1967,1356779.50119
5100,1968,1287561.14903
5100,1969,1434119.24837
5100,1970,1389699.81625
5100,1971,1169283.7984
5100,1972,1282977.94387
5100,1973,1328275.46167
5100,1974,1254348.61739
5100,1975,1115911.55408
5100,1976,965492.17528
5100,1977,793264.60898
5100,1978,662293.78682
5100,1979,660613.00304
5100,1980,662411.17603
5100,1981,676859.74195
5100,1982,672548.65002
5100,1983,694933.01395
5100,1984,736196.93786
5100,1985,800730.49114
5100,1986,906535.14811
5100,1987,917354.7001
5100,1988,1073504.97002
5100,1989,1148755.76359
5100,1990,1092382.01709
5100,1991,1236240.58978
5100,1992,1243031.50746
5100,1993,1407798.31267
5100,1994,1398514.41791
5100,1995,1482100.58891
5100,1996,1555948.71329
5100,1997,1788153.02462
5100,1998,2526841.87649
5100,1999,2667028.44419
5100,2000,2669184.65917
5100,2001,2727598.48098
5100,2002,2912202.85966
5100,2003,2990345.58559
5100,2004,3071769.64919
5100,2005,3266275.50147
5100,2006,3413810.73501
5100,2007,3277258.23698
5100,2008,3452292.60048
5100,2009,2525626.13167
5100,2010,2478478.09813
5100,2011,2510468.40307
5100,2012,2583299.32194
5100,2013,2469505.63614
5100,2014,2644563.21011
5100,2015,2643735.05243
5100,2016,2683968.0807
5100,2017,2784880.97081
5100,2018,2826879.82773
5101,1961,67900.14669
5101,1962,68664.79202
5101,1963,70969.49768
5101,1964,73790.42868
5101,1965,74277.93495
5101,1966,70924.62412
5101,1967,73172.60961
5101,1968,74374.50284
5101,1969,81882.74564
5101,1970,79677.83876
5101,1971,78943.34846
5101,1972,72340.83344
5101,1973,73856.48255
5101,1974,63763.16414
5101,1975,73522.98231
5101,1976,73248.35616
5101,1977,64885.00295
5101,1978,68432.52651
5101,1979,75307.51374
5101,1980,73365.38639
5101,1981,74978.68035
5101,1982,74290.85854
5101,1983,79132.89434
5101,1984,82935.29968
5101,1985,87889.33988
5101,1986,92536.44497
5101,1987,92396.43949
5101,1988,96022.22253
5101,1989,113018.52926
5101,1990,117663.12144
5101,1991,115246.05241
5101,1992,131475.91887
5101,1993,140350.83058
5101,1994,133785.29137
5101,1995,105932.81583
5101,1996,113371.41488
5101,1997,123998.54907
5101,1998,119652.27627
5101,1999,132512.31844
5101,2000,133048.64713
5101,2001,146014.23189
5101,2002,153605.04203
5101,2003,161936.80426
5101,2004,155289.79258
5101,2005,156964.45566
5101,2006,153808.94745
5101,2007,154881.56442
5101,2008,158315.60263
5101,2009,158745.34272
5101,2010,176091.06841
5101,2011,175205.40532
5101,2012,167231.77258
5101,2013,170441.1478
5101,2014,153498.67119
5101,2015,128963.42907
5101,2016,159645.24764
5101,2017,185349.22457
5101,2018,186844.09537
5102,1961,189316.49205
5102,1962,213238.76237
5102,1963,271010.05079
5102,1964,188110.29096
5102,1965,171571.69446
5102,1966,190617.82508
5102,1967,265731.12608
5102,1968,280427.03502
5102,1969,261701.48107
5102,1970,295980.20831
5102,1971,255152.09634
5102,1972,266874.5042
5102,1973,262738.9576
5102,1974,345480.04455
5102,1975,329041.60582
5102,1976,295214.12702
5102,1977,223524.13959
5102,1978,150452.04674
5102,1979,150222.29415
5102,1980,151888.00042
5102,1981,152318.78652
5102,1982,154688.11009
5102,1983,162298.66459
5102,1984,178848.03074
5102,1985,198807.78688
5102,1986,217008.49977
5102,1987,235790.77389
5102,1988,253700.70616
5102,1989,272210.14908
5102,1990,330344.73378
5102,1991,261694.9334
5102,1992,247845.60503
5102,1993,345446.39487
5102,1994,354642.50599
5102,1995,369371.39979
5102,1996,362505.02779
5102,1997,380154.60363
5102,1998,394224.27001
5102,1999,474435.77885
5102,2000,492095.27454
5102,2001,506587.74504
5102,2002,514784.81898
5102,2003,506507.53115
5102,2004,513010.74592
5102,2005,598786.57137
5102,2006,601313.80615
5102,2007,612870.18225
5102,2008,632442.59727
5102,2009,624171.92855
5102,2010,636739.27695
5102,2011,673028.98286
5102,2012,692085.25534
5102,2013,670088.47963
5102,2014,722502.23767
5102,2015,743858.55235
5102,2016,763046.06504
5102,2017,783709.40953
5102,2018,802331.28459
5103,1961,8974.7105
5103,1962,7538.75682
5103,1963,9692.68733
5103,1964,11128.64101
5103,1965,11846.61785
5103,1966,12564.59469
5103,1967,13282.57153
5103,1968,15436.50205
5103,1969,14718.52521
5103,1970,11128.64101
5103,1971,11487.62943
5103,1972,14718.52521
5103,1973,13641.55995
5103,1974,21898.29361
5103,1975,22616.27045
5103,1976,27642.10833
5103,1977,26016.24977
5103,1978,29778.8074
5103,1979,35528.36593
5103,1980,33678.4986
5103,1981,34030.30725
5103,1982,32662.92036
5103,1983,39129.73776
5103,1984,36975.80724
5103,1985,33744.91146
5103,1986,37334.79566
5103,1987,38411.76092
5103,1988,33385.92304
5103,1989,44873.55247
5103,1990,35539.85356
5103,1991,42360.63354
5103,1992,45982.82669
5103,1993,44873.55247
5103,1994,43078.61038
5103,1995,43182.35803
5103,1996,53262.39387
5103,1997,33608.85485
5103,1998,27607.64544
5103,1999,16897.22593
5103,2000,15218.23709
5103,2001,16019.85823
5103,2002,23809.54796
5103,2003,38365.8104
5103,2004,41884.2559
5103,2005,35898.84198
5103,2006,45008.53212
5103,2007,49575.94179
5103,2008,54555.82915
5103,2009,41025.5556
5103,2010,42855.67857
5103,2011,37017.80889
5103,2012,42633.10575
5103,2013,41851.58796
5103,2014,44095.62457
5103,2015,36818.9293
5103,2016,31113.16736
5103,2017,39184.66299
5103,2018,41424.97686
5105,1961,756388.60052
5105,1962,919153.95006
5105,1963,923102.82267
5105,1964,948985.88774
5105,1965,959001.66465
5105,1966,947657.63059
5105,1967,1004593.19397
5105,1968,917323.10911
5105,1969,1075816.49646
5105,1970,1002913.12816
5105,1971,823700.72417
5105,1972,929044.08102
5105,1973,978038.46157
5105,1974,823207.1151
5105,1975,690730.6955
5105,1976,569387.58377
5105,1977,478839.21667
5105,1978,413630.40617
5105,1979,399554.82921
5105,1980,403479.29062
5105,1981,415531.96783
5105,1982,410906.76103
5105,1983,414371.71725
5105,1984,437437.80019
5105,1985,480288.45292
5105,1986,559655.40771
5105,1987,550755.7258
5105,1988,690396.11829
5105,1989,718653.53277
5105,1990,608834.30831
5105,1991,816938.97044
5105,1992,817727.15687
5105,1993,877127.53474
5105,1994,867008.01017
5105,1995,963614.01525
5105,1996,1026809.87675
5105,1997,1250391.01707
5105,1998,1985357.68478
5105,1999,2043183.12098
5105,2000,2028822.50041
5105,2001,2058976.64581
5105,2002,2220003.4507
5105,2003,2283535.43978
5105,2004,2361584.85478
5105,2005,2474625.63245
5105,2006,2613679.44928
5105,2007,2459930.54851
5105,2008,2606978.57144
5105,2009,1701683.3048
5105,2010,1622792.07419
5105,2011,1625216.20601
5105,2012,1681349.18827
5105,2013,1587124.42075
5105,2014,1724466.67668
5105,2015,1734094.14171
5105,2016,1730163.60066
5105,2017,1776637.67372
5105,2018,1796279.47091
5200,1961,8555.41202
5200,1962,9431.70275
5200,1963,9589.65766
5200,1964,8192.83372
5200,1965,8673.16022
5200,1966,8902.55382
5200,1967,9605.09416
5200,1968,9339.80172
5200,1969,9298.51805
5200,1970,9750.48447
5200,1971,11332.54644
5200,1972,11512.04065
5200,1973,12016.41938
5200,1974,12255.14667
5200,1975,10239.78569
5200,1976,9996.39154
5200,1977,10309.07045
5200,1978,10942.32602
5200,1979,10757.088
5200,1980,10778.98629
5200,1981,10722.9841
5200,1982,10868.7334
5200,1983,10562.15729
5200,1984,10441.89617
5200,1985,9810.07655
5200,1986,10398.45857
5200,1987,9031.78965
5200,1988,11440.96094
5200,1989,12776.75685
5200,1990,12890.91517
5200,1991,28445.59731
5200,1992,27001.63007
5200,1993,27324.73755
5200,1994,27923.9951
5200,1995,26297.08497
5200,1996,26242.3873
5200,1997,26659.51441
5200,1998,26843.80593
5200,1999,27735.52863
5200,2000,28293.84641
5200,2001,29390.65641
5200,2002,30584.08852
5200,2003,29514.04254
5200,2004,29527.4642
5200,2005,29794.06405
5200,2006,29417.84117
5200,2007,30314.15946
5200,2008,30475.65711
5200,2009,30646.17283
5200,2010,21440.50554
5200,2011,18326.02216
5200,2012,34687.05502
5200,2013,38481.13903
5200,2014,29651.52547
5200,2015,48270.57734
5200,2016,26826.74014
5200,2017,26208.37392
5200,2018,15352.16943
5203,1961,1623.34563
5203,1962,1709.86184
5203,1963,1634.11529
5203,1964,1553.34289
5203,1965,1583.49792
5203,1966,1511.34125
5203,1967,1371.69475
5203,1968,1528.93168
5203,1969,1448.51827
5203,1970,1435.2357
5203,1971,1475.44241
5203,1972,1504.52047
5203,1973,1400.05484
5203,1974,1459.64692
5203,1975,1261.48531
5203,1976,1230.25331
5203,1977,1325.38525
5203,1978,1289.84539
5203,1979,1121.83881
5203,1980,1097.4276
5203,1981,1026.70688
5203,1982,1105.68433
5203,1983,959.21706
5203,1984,1026.70688
5203,1985,1116.45399
5203,1986,1030.29677
5203,1987,1026.70688
5203,1988,1105.68433
5203,1989,1059.01584
5203,1990,944.13954
5203,1991,1059.01584
5203,1992,1123.63375
5203,1993,976.4485
5203,1994,994.39792
5203,1995,1105.68433
5203,1996,929.78001
5203,1997,893.88117
5203,1998,976.4485
5203,1999,1105.68433
5203,2000,1141.58317
5203,2001,1041.06642
5203,2002,994.39792
5203,2003,814.90371
5203,2004,847.21267
5203,2005,649.76904
5203,2006,732.33638
5203,2007,649.76904
5203,2008,700.02742
5203,2009,649.76904
5203,2010,635.4095
5203,2011,667.71846
5203,2012,570.07361
5203,2013,556.43205
5203,2014,527.71298
5203,2015,570.79159
5203,2016,570.79159
5203,2017,599.51066
5203,2018,574.38545
5204,1991,17686.2349
5204,1992,17883.48494
5204,1993,18080.73498
5204,1994,18277.98503
5204,1995,18475.23507
5204,1996,18672.48511
5204,1997,18869.73515
5204,1998,19066.9852
5204,1999,19264.23524
5204,2000,19461.48528
5204,2001,19658.73533
5204,2002,19855.98537
5204,2003,20053.23541
5204,2004,20250.48545
5204,2005,20447.7355
5204,2006,20644.98554
5204,2007,20842.23558
5204,2008,21039.48562
5204,2009,20948.81138
5204,2010,11901.57899
5204,2011,9575.65711
5204,2012,25124.16355
5204,2013,29322.53312
5204,2014,21340.78491
5204,2015,37451.95841
5204,2016,17200.03987
5204,2017,15280.78983
5204,2018,4641.00229
5206,1961,4419.14745
5206,1962,4490.94513
5206,1963,4634.89949
5206,1964,4979.16938
5206,1965,5330.61905
5206,1966,5632.16932
5206,1967,5961.00271
5206,1968,6374.91636
5206,1969,6414.0461
5206,1970,6430.55956
5206,1971,6590.30941
5206,1972,6740.72556
5206,1973,7080.3286
5206,1974,7259.46382
5206,1975,7362.85249
5206,1976,7581.47644
5206,1977,7734.4055
5206,1978,8126.77985
5206,1979,7696.71172
5206,1980,7743.02123
5206,1981,7872.61605
5206,1982,7939.38789
5206,1983,7707.48137
5206,1984,7623.83707
5206,1985,6798.16371
5206,1986,7163.97291
5206,1987,6351.9411
5206,1988,7642.86346
5206,1989,7162.89594
5206,1990,7391.93055
5206,1991,5145.5015
5206,1992,4355.80476
5206,1993,5074.71106
5206,1994,5051.67628
5206,1995,5246.10799
5206,1996,5170.0646
5206,1997,5425.84051
5206,1998,5330.31465
5206,1999,5895.55147
5206,2000,4896.62463
5206,2001,5357.71635
5206,2002,6918.08746
5206,2003,6086.05742
5206,2004,6060.4425
5206,2005,6048.29823
5206,2006,5814.79105
5206,2007,6134.14894
5206,2008,6042.35559
5206,2009,6268.57824
5206,2010,6180.46315
5206,2011,5801.51152
5206,2012,5914.01015
5206,2013,5932.97158
5206,2014,5967.18921
5206,2015,5341.04658
5206,2016,5539.06392
5206,2017,5833.31658
5206,2018,5590.34696
5207,1961,2512.91894
5207,1962,3230.89578
5207,1963,3320.64288
5207,1964,1660.32144
5207,1965,1759.04326
5207,1966,1759.04326
5207,1967,2272.3967
5207,1968,1435.95368
5207,1969,1435.95368
5207,1970,1884.6892
5207,1971,3266.79462
5207,1972,3266.79462
5207,1973,3536.03594
5207,1974,3536.03594
5207,1975,1615.44789
5207,1976,1184.66179
5207,1977,1249.2797
5207,1978,1525.70078
5207,1979,1938.53747
5207,1980,1938.53747
5207,1981,1823.66117
5207,1982,1823.66117
5207,1983,1895.45886
5207,1984,1791.35221
5207,1985,1895.45886
5207,1986,2204.1889
5207,1987,1653.14167
5207,1988,2692.41315
5207,1989,4554.84507
5207,1990,4554.84507
5207,1991,4554.84507
5207,1992,3638.70662
5207,1993,3192.84301
5207,1994,3599.93587
5207,1995,1470.05758
5207,1996,1470.05758
5207,1997,1470.05758
5207,1998,1470.05758
5207,1999,1470.05758
5207,2000,2794.15332
5207,2001,3333.13832
5207,2002,2815.61777
5207,2003,2559.846
5207,2004,2369.32357
5207,2005,2648.26128
5207,2006,2225.7282
5207,2007,2688.00589
5207,2008,2693.78848
5207,2009,2779.01417
5207,2010,2723.0539
5207,2011,2281.13507
5207,2012,3078.80771
5207,2013,2669.20229
5207,2014,1815.83836
5207,2015,4906.78077
5207,2016,3516.84476
5207,2017,4494.75685
5207,2018,4546.43473
53,1961,2871.90736
53,1962,6246.39851
53,1963,6605.38692
53,1964,3410.38999
53,1965,2297.52589
53,1966,2692.41315
53,1967,4630.95061
53,1968,3948.87262
53,1969,4702.7483
53,1970,5212.51185
53,1971,2335.21967
53,1972,2135.9811
53,1973,2857.18883
53,1974,2836.00852
53,1975,2692.41315
53,1976,2512.91894
53,1977,2153.93052
53,1978,1794.9421
53,1979,1435.95368
53,1980,1076.96526
53,1981,717.97684
53,1982,358.98842
53,1983,126.00494
53,1984,343.55192
53,1985,409.60579
53,1986,637.56343
53,1987,569.35563
53,1988,825.67337
53,1989,807.36496
53,1990,1225.58647
53,1991,949.88336
53,1992,969.26873
53,1993,1148.76294
53,1994,1355.89926
53,1995,1087.73491
53,1996,1337.23186
53,1997,1326.10322
53,1998,1348.36051
53,1999,1633.7563
53,2000,1262.92126
53,2001,1105.68433
53,2002,1151.27586
53,2003,1078.04222
53,2004,1070.14448
53,2005,861.57221
53,2006,758.90152
53,2007,1149.12193
53,2008,1052.91304
53,2009,925.11316
53,2010,526.27702
53,2011,673.10329
53,2012,972.85862
53,2013,934.80584
53,2014,561.52524
53,2015,586.52549
53,2016,566.44033
53,2017,614.71778
53,2018,383.78555
5300,1961,497338.24893
5300,1962,513515.70308
5300,1963,551263.33542
5300,1964,527879.90672
5300,1965,543268.66331
5300,1966,555196.41255
5300,1967,538244.62038
5300,1968,572724.38113
5300,1969,587459.06083
5300,1970,591282.64648
5300,1971,604253.25708
5300,1972,600217.86825
5300,1973,560100.91234
5300,1974,574142.0264
5300,1975,560767.55384
5300,1976,592264.47981
5300,1977,676355.36322
5300,1978,656812.75162
5300,1979,693773.84034
5300,1980,684011.50925
5300,1981,663545.22045
5300,1982,678465.13816
5300,1983,690479.40361
5300,1984,721866.47913
5300,1985,644087.68911
5300,1986,688609.07394
5300,1987,660493.81888
5300,1988,625712.50785
5300,1989,600436.4922
5300,1990,593817.46372
5300,1991,624680.80434
5300,1992,628251.58879
5300,1993,635761.76562
5300,1994,625423.30104
5300,1995,643757.45993
5300,1996,666157.32753
5300,1997,678343.15103
5300,1998,682380.26587
5300,1999,681933.32529
5300,2000,693098.84407
5300,2001,698850.79546
5300,2002,709713.47737
5300,2003,727397.41371
5300,2004,700601.13897
5300,2005,687104.38681
5300,2006,686284.79408
5300,2007,723144.70495
5300,2008,726060.87248
5300,2009,747276.31682
5300,2010,746531.27043
5300,2011,744365.14041
5300,2012,782571.76164
5300,2013,794537.01661
5300,2014,806760.23384
5300,2015,806077.99818
5300,2016,814539.83189
5300,2017,823299.83116
5300,2018,829447.58112
5302,1961,433100.14311
5302,1962,452212.68658
5302,1963,485202.6454
5302,1964,454769.04312
5302,1965,466767.87206
5302,1966,481716.86784
5302,1967,466949.87919
5302,1968,501651.49479
5302,1969,519818.46277
5302,1970,525364.83385
5302,1971,538484.78363
5302,1972,535551.84824
5302,1973,494019.40099
5302,1974,511575.01168
5302,1975,495150.93249
5302,1976,519470.244
5302,1977,600820.9688
5302,1978,575457.35997
5302,1979,609050.06035
5302,1980,612036.844
5302,1981,594218.09479
5302,1982,613338.53601
5302,1983,626686.08444
5302,1984,649591.34057
5302,1985,587710.35272
5302,1986,628937.30083
5302,1987,599027.82164
5302,1988,565721.59403
5302,1989,541465.46448
5302,1990,535489.02527
5302,1991,564737.24778
5302,1992,567494.27885
5302,1993,576082.35881
5302,1994,567709.6719
5302,1995,584827.78828
5302,1996,589220.97599
5302,1997,602394.77403
5302,1998,619608.26876
5302,1999,624909.45075
5302,2000,635848.18689
5302,2001,640386.3004
5302,2002,648817.00255
5302,2003,665926.03165
5302,2004,636532.41882
5302,2005,618300.11496
5302,2006,616453.83751
5302,2007,651805.22215
5302,2008,652745.77181
5302,2009,673085.69669
5302,2010,673109.89089
5302,2011,670655.70408
5302,2012,708752.63215
5302,2013,718810.41071
5302,2014,730797.75845
5302,2015,729249.9823
5302,2016,738682.38549
5302,2017,746047.04592
5302,2018,751951.32148
5303,1961,100.51676
5303,1962,102.3117
5303,1963,105.90158
5303,1964,107.69653
5303,1965,109.85046
5303,1966,113.08135
5303,1967,116.67124
5303,1968,118.46618
5303,1969,119.54314
5303,1970,220.0599
5303,1971,247.70201
5303,1972,69.64375
5303,1973,203.90542
5303,1974,241.24022
5303,1975,360.42437
5303,1976,454.12035
5303,1977,327.03845
5303,1978,134.26167
5303,1979,287.19074
5303,1980,416.78555
5303,1981,531.30286
5303,1982,484.63437
5303,1983,448.73552
5303,1984,409.96477
5303,1985,409.96477
5303,1986,409.96477
5303,1987,186.67398
5303,1988,179.8532
5303,1989,193.85375
5303,1990,495.40402
5303,1991,358.98842
5303,1992,287.19074
5303,1993,205.34138
5303,1994,323.08958
5303,1995,439.40183
5303,1996,533.0978
5303,1997,163.69872
5303,1998,125.64595
5303,1999,96.56789
5303,2000,69.28477
5303,2001,124.92797
5303,2002,100.51676
5303,2003,93.33699
5303,2004,127.44089
5303,2005,107.69653
5303,2006,269.95929
5303,2007,18.6674
5303,2008,33.02693
5303,2009,40.92468
5303,2010,12.20561
5303,2011,33.25956
5303,2012,9.0142
5303,2013,2.67087
5303,2014,14.98154
5303,2015,8.88887
5303,2016,8.8471
5303,2017,3.58988
5303,2018,3.2309
5304,1961,61924.78444
5304,1962,58960.25807
5304,1963,62801.07517
5304,1964,69403.2312
5304,1965,69143.68257
5304,1966,65382.5609
5304,1967,63995.07066
5304,1968,64534.63025
5304,1969,63605.20923
5304,1970,62868.92398
5304,1971,62498.80692
5304,1972,61298.70864
5304,1973,62857.43635
5304,1974,60077.07104
5304,1975,62896.92508
5304,1976,69798.47745
5304,1977,73613.44739
5304,1978,79339.31268
5304,1979,82154.14088
5304,1980,69837.2482
5304,1981,67158.8356
5304,1982,62811.12685
5304,1983,61316.29907
5304,1984,69617.90628
5304,1985,54477.56967
5304,1986,57789.95582
5304,1987,59951.06611
5304,1988,58543.8315
5304,1989,57258.65296
5304,1990,56002.19349
5304,1991,57943.99106
5304,1992,58811.59271
5304,1993,57819.12882
5304,1994,55828.93994
5304,1995,56695.32773
5304,1996,74832.32041
5304,1997,74337.95494
5304,1998,60791.81699
5304,1999,55039.02756
5304,2000,55592.84866
5304,2001,56885.66399
5304,2002,59417.44253
5304,2003,60275.95063
5304,2004,62849.53861
5304,2005,67525.72176
5304,2006,68366.47264
5304,2007,70159.57953
5304,2008,72146.95911
5304,2009,72789.77127
5304,2010,72070.87415
5304,2011,72214.33716
5304,2012,72357.94269
5304,2013,74404.65787
5304,2014,74615.91617
5304,2015,75565.08054
5304,2016,74705.97497
5304,2017,76083.65689
5304,2018,76304.57613
5305,1961,2212.80462
5305,1962,2240.44673
5305,1963,3153.71327
5305,1964,3599.93587
5305,1965,7247.25822
5305,1966,7983.90246
5305,1967,7182.99929
5305,1968,6419.78991
5305,1969,3915.84568
5305,1970,2828.82875
5305,1971,3021.96452
5305,1972,3297.66762
5305,1973,3020.16958
5305,1974,2248.70346
5305,1975,2359.27189
5305,1976,2541.63801
5305,1977,1593.90858
5305,1978,1881.8173
5305,1979,2282.44837
5305,1980,1720.6315
5305,1981,1636.98719
5305,1982,1830.84094
5305,1983,2028.28457
5305,1984,2247.26751
5305,1985,1489.80194
5305,1986,1471.85252
5305,1987,1328.25715
5305,1988,1267.22912
5305,1989,1518.52102
5305,1990,1830.84094
5305,1991,1640.57708
5305,1992,1658.5265
5305,1993,1654.93662
5305,1994,1561.59963
5305,1995,1794.9421
5305,1996,1570.93332
5305,1997,1446.72333
5305,1998,1854.53418
5305,1999,1888.27909
5305,2000,1588.52376
5305,2001,1453.9031
5305,2002,1378.51553
5305,2003,1102.09445
5305,2004,1091.74065
5305,2005,1170.85356
5305,2006,1194.52463
5305,2007,1161.23586
5305,2008,1135.11463
5305,2009,1359.92418
5305,2010,1338.29978
5305,2011,1461.83962
5305,2012,1452.1726
5305,2013,1319.27716
5305,2014,1331.57768
5305,2015,1254.04648
5305,2016,1142.62434
5305,2017,1165.53847
5305,2018,1188.45261
55,1961,3051.40157
55,1962,3087.30041
55,1963,3159.09809
55,1964,3230.89578
55,1965,3302.69346
55,1966,3374.49115
55,1967,3446.28883
55,1968,3518.08651
55,1969,3589.8842
55,1970,3697.58072
55,1971,3805.27725
55,1972,3912.97378
55,1973,4020.6703
55,1974,4128.36683
55,1975,4236.06335
55,1976,4433.50698
55,1977,4659.66969
55,1978,5007.88846
55,1979,4514.63837
55,1980,4541.20351
55,1981,4620.18096
55,1982,4653.2079
55,1983,4671.8753
55,1984,4792.85439
55,1985,4343.75988
55,1986,4880.80656
55,1987,3993.38718
55,1988,5063.89065
55,1989,6421.22586
55,1990,6608.25883
55,1991,4332.63124
55,1992,3515.93258
55,1993,4090.67304
55,1994,4236.06335
55,1995,4738.64714
55,1996,4451.45641
55,1997,4379.65872
55,1998,4440.53761
55,1999,4451.45641
55,2000,4343.75988
55,2001,4307.86104
55,2002,4200.16451
55,2003,4128.36683
55,2004,4056.56914
55,2005,4076.30317
55,2006,4020.6703
55,2007,4158.65582
55,2008,4295.54036
55,2009,4432.03056
55,2010,4546.66452
55,2011,4609.07456
55,2012,4666.84946
55,2013,4487.35525
55,2014,4304.76696
55,2015,4414.29141
55,2016,4446.61146
55,2017,4448.00264
55,2018,4449.39381
5500,1961,82351.9435
5500,1962,86193.11959
5500,1963,87953.95779
5500,1964,89084.41233
5500,1965,93236.47239
5500,1966,92938.512
5500,1967,90933.56168
5500,1968,93986.75819
5500,1969,96446.90583
5500,1970,93979.93741
5500,1971,93947.26946
5500,1972,93031.84899
5500,1973,91290.75515
5500,1974,97538.23062
5500,1975,100412.6509
5500,1976,101692.80361
5500,1977,102904.03054
5500,1978,103208.8117
5500,1979,103307.53352
5500,1980,105572.75045
5500,1981,106464.47768
5500,1982,107491.90254
5500,1983,111162.91812
5500,1984,110155.59662
5500,1985,111358.20782
5500,1986,109469.92873
5500,1987,111099.73616
5500,1988,111307.59045
5500,1989,109033.03983
5500,1990,106573.25117
5500,1991,101021.48811
5500,1992,97593.04707
5500,1993,98063.39857
5500,1994,93207.23791
5500,1995,89229.1747
5500,1996,87884.0224
5500,1997,94621.3532
5500,1998,102540.10375
5500,1999,107468.36974
5500,2000,116638.56611
5500,2001,118005.49585
5500,2002,129102.86616
5500,2003,133550.10877
5500,2004,144146.76306
5500,2005,152378.51389
5500,2006,148299.67569
5500,2007,146050.11366
5500,2008,152470.46664
5500,2009,152265.77602
5500,2010,148672.30923
5500,2011,155393.66026
5500,2012,141471.08004
5500,2013,159293.69134
5500,2014,153911.43725
5500,2015,153076.92197
5500,2016,143744.8019
5500,2017,145433.00724
5500,2018,147903.26329
5502,1961,63899.93872
5502,1962,66520.55419
5502,1963,68064.20439
5502,1964,69284.76502
5502,1965,73054.14343
5502,1966,72731.05385
5502,1967,70900.21291
5502,1968,73269.53648
5502,1969,75208.07395
5502,1970,73054.14343
5502,1971,71797.68396
5502,1972,70541.22449
5502,1973,68566.78818
5502,1974,74884.98437
5502,1975,76719.4152
5502,1976,77017.37558
5502,1977,78744.10988
5502,1978,79246.33468
5502,1979,79811.74144
5502,1980,81954.90231
5502,1981,83123.05063
5502,1982,84032.00931
5502,1983,88115.86157
5502,1984,87198.28717
5502,1985,88885.53274
5502,1986,87338.29265
5502,1987,89596.32981
5502,1988,90396.515
5502,1989,88599.41897
5502,1990,90924.58697
5502,1991,89057.84718
5502,1992,86579.39113
5502,1993,87352.2932
5502,1994,85232.00925
5502,1995,79624.61711
5502,1996,79556.85967
5502,1997,84053.54861
5502,1998,92215.15034
5502,1999,97066.87883
5502,2000,105922.80399
5502,2001,106631.76629
5502,2002,116792.93351
5502,2003,120230.78611
5502,2004,130989.27417
5502,2005,139496.43814
5502,2006,134894.9847
5502,2007,131538.38285
5502,2008,138529.68233
5502,2009,137762.16509
5502,2010,133988.11983
5502,2011,140380.26763
5502,2012,126597.26624
5502,2013,143589.98309
5502,2014,137449.9959
5502,2015,135835.39332
5502,2016,127440.38144
5502,2017,129400.30054
5502,2018,131989.02257
5503,1961,287.19074
5503,1962,287.19074
5503,1963,287.19074
5503,1964,305.14016
5503,1965,323.08958
5503,1966,341.039
5503,1967,358.98842
5503,1968,376.93784
5503,1969,394.88726
5503,1970,412.83668
5503,1971,430.7861
5503,1972,448.73552
5503,1973,466.68495
5503,1974,502.58379
5503,1975,538.48263
5503,1976,574.38147
5503,1977,574.38147
5503,1978,574.38147
5503,1979,574.38147
5503,1980,574.38147
5503,1981,610.28031
5503,1982,646.17916
5503,1983,682.078
5503,1984,717.97684
5503,1985,682.078
5503,1986,646.17916
5503,1987,610.28031
5503,1988,574.38147
5503,1989,538.48263
5503,1990,589.1
5503,1991,512.96059
5503,1992,502.58379
5503,1993,520.02698
5503,1994,538.48263
5503,1995,552.82925
5503,1996,574.38147
5503,1997,572.29089
5503,1998,575.33547
5503,1999,574.38147
5503,2000,591.65732
5503,2001,610.28031
5503,2002,646.17916
5503,2003,682.078
5503,2004,717.97684
5503,2005,734.43432
5503,2006,771.8251
5503,2007,789.77452
5503,2008,807.72395
5503,2009,782.68534
5503,2010,733.97414
5503,2011,705.37191
5503,2012,646.17916
5503,2013,717.97684
5503,2014,737.5976
5503,2015,708.94621
5503,2016,699.60506
5503,2017,695.39992
5503,2018,691.19478
5504,1961,18164.81404
5504,1962,19385.37467
5504,1963,19602.56266
5504,1964,19494.50715
5504,1965,19859.23938
5504,1966,19866.41915
5504,1967,19674.36035
5504,1968,20340.28387
5504,1969,20843.94462
5504,1970,20512.9573
5504,1971,21718.7994
5504,1972,22041.88898
5504,1973,22257.28203
5504,1974,22150.66247
5504,1975,23154.75308
5504,1976,24101.04655
5504,1977,23585.53918
5504,1978,23388.09555
5504,1979,22921.4106
5504,1980,23043.46667
5504,1981,22731.14674
5504,1982,22813.71408
5504,1983,22364.97855
5504,1984,22239.33261
5504,1985,21790.59708
5504,1986,21485.45692
5504,1987,20893.12603
5504,1988,20336.69398
5504,1989,19895.13822
5504,1990,15059.56421
5504,1991,11450.68033
5504,1992,10511.07215
5504,1993,10191.07838
5504,1994,7436.74603
5504,1995,9051.72834
5504,1996,7752.78127
5504,1997,9995.51369
5504,1998,9749.61795
5504,1999,9827.10944
5504,2000,10124.1048
5504,2001,10763.44925
5504,2002,11663.7535
5504,2003,12637.24466
5504,2004,12439.51205
5504,2005,12147.64143
5504,2006,12632.86589
5504,2007,13721.95629
5504,2008,13133.06037
5504,2009,13720.9256
5504,2010,13950.21526
5504,2011,14308.02072
5504,2012,14227.63464
5504,2013,14985.73141
5504,2014,15723.84375
5504,2015,16532.58244
5504,2016,15604.8154
5504,2017,15337.30678
5504,2018,15223.04595
5706,1961,1458.92894
5706,1962,1504.52047
5706,1963,2507.53411
5706,1964,2917.85788
5706,1965,6565.18022
5706,1966,7294.64469
5706,1967,6565.53921
5706,1968,5471.34251
5706,1969,2917.85788
5706,1970,1823.66117
5706,1971,2006.02729
5706,1972,2188.39341
5706,1973,2297.88488
5706,1974,1458.92894
5706,1975,1641.29506
5706,1976,1823.66117
5706,1977,911.83059
5706,1978,948.44741
5706,1979,1313.17964
5706,1980,966.75581
5706,1981,802.33912
5706,1982,911.83059
5706,1983,1076.96526
5706,1984,1062.60572
5706,1985,1041.06642
5706,1986,1041.06642
5706,1987,897.47105
5706,1988,789.77452
5706,1989,682.078
5706,1990,969.26873
5706,1991,771.8251
5706,1992,717.97684
5706,1993,861.57221
5706,1994,1023.117
5706,1995,1148.76294
5706,1996,897.47105
5706,1997,789.77452
5706,1998,1148.76294
5706,1999,1256.45947
5706,2000,1005.16758
5706,2001,933.36989
5706,2002,933.36989
5706,2003,753.87568
5706,2004,750.64479
5706,2005,840.75088
5706,2006,825.67337
5706,2007,819.92955
5706,2008,779.36386
5706,2009,735.20828
5706,2010,725.15661
5706,2011,847.93065
5706,2012,838.95594
5706,2013,710.07909
5706,2014,749.56782
5706,2015,691.05271
5706,2016,624.28086
5706,2017,507.60963
5706,2018,533.45679
5801,1961,128432.05606
5801,1962,134821.69094
5801,1963,133216.29473
5801,1964,128969.82071
5801,1965,134514.39685
5801,1966,133262.24524
5801,1967,144097.23373
5801,1968,144553.867
5801,1969,155379.1628
5801,1970,150157.67623
5801,1971,145837.2506
5801,1972,137973.96825
5801,1973,140879.26154
5801,1974,133075.21228
5801,1975,143368.12825
5801,1976,141514.67104
5801,1977,132829.30521
5801,1978,133825.85706
5801,1979,139513.3106
5801,1980,138065.15131
5801,1981,137673.49495
5801,1982,136403.03493
5801,1983,141254.40443
5801,1984,148408.32566
5801,1985,155241.31125
5801,1986,158879.65888
5801,1987,158094.19222
5801,1988,166363.49047
5801,1989,182575.40751
5801,1990,195625.35454
5801,1991,197128.83044
5801,1992,225077.84147
5801,1993,242194.35732
5801,1994,239215.78406
5801,1995,202588.25703
5801,1996,211118.85963
5801,1997,234337.04876
5801,1998,238013.43824
5801,1999,260893.48297
5801,2000,274127.04803
5801,2001,301305.961
5801,2002,311512.32938
5801,2003,296001.43838
5801,2004,286528.91611
5801,2005,291944.38305
5801,2006,283851.7308
5801,2007,284294.95758
5801,2008,293972.46153
5801,2009,304468.00547
5801,2010,325869.46721
5801,2011,327590.34934
5801,2012,315871.95929
5801,2013,324063.92574
5801,2014,307974.91977
5801,2015,290378.10203
5801,2016,332994.52859
5801,2017,365207.92182
5801,2018,346046.87235
5802,1961,53812.36413
5802,1962,53991.85834
5802,1963,55822.69928
5802,1964,58012.52864
5802,1965,57898.37032
5802,1966,54135.45371
5802,1967,55966.29465
5802,1968,57375.3242
5802,1969,65874.37503
5802,1970,62219.87292
5802,1971,57904.83211
5802,1972,53376.55219
5802,1973,55698.84827
5802,1974,48983.96988
5802,1975,55952.65309
5802,1976,55910.29245
5802,1977,57289.16697
5802,1978,55715.72073
5802,1979,62205.87237
5802,1980,58899.23004
5802,1981,61320.24794
5802,1982,60669.04295
5802,1983,62919.18236
5802,1984,67705.21597
5802,1985,73233.63764
5802,1986,77685.09405
5802,1987,79408.23846
5802,1988,81131.38287
5802,1989,97070.46871
5802,1990,103357.43291
5802,1991,102746.34874
5802,1992,118573.87506
5802,1993,129073.30461
5802,1994,122919.07089
5802,1995,88036.88412
5802,1996,91741.60204
5802,1997,106231.00282
5802,1998,108688.82977
5802,1999,119544.85287
5802,2000,130097.09583
5802,2001,153458.01626
5802,2002,149373.01938
5802,2003,137606.36411
5802,2004,127104.15789
5802,2005,131512.16665
5802,2006,121805.43507
5802,2007,114144.08409
5802,2008,116253.73201
5802,2009,120116.3517
5802,2010,142417.16793
5802,2011,142693.0925
5802,2012,134953.35954
5802,2013,137539.90459
5802,2014,120352.68098
5802,2015,95423.45191
5802,2016,127178.20915
5802,2017,157679.11633
5802,2018,157521.87236
5803,1961,87605.02105
5803,1962,91422.86289
5803,1963,93482.02047
5803,1964,94853.71522
5803,1965,99309.47949
5803,1966,99386.662
5803,1967,97639.46536
5803,1968,101129.19179
5803,1969,103633.13602
5803,1970,101237.60629
5803,1971,101059.90702
5803,1972,99939.86315
5803,1973,98513.96115
5803,1974,104914.72468
5803,1975,107954.27962
5803,1976,109544.23934
5803,1977,110968.70539
5803,1978,111708.22153
5803,1979,111496.41836
5803,1980,114243.03876
5803,1981,115373.4933
5803,1982,116465.17708
5803,1983,119895.31143
5803,1984,118790.70407
5803,1985,118826.60291
5803,1986,117248.48981
5803,1987,117950.67116
5803,1988,119543.14379
5803,1989,116743.39311
5803,1990,117522.75697
5803,1991,109285.74004
5803,1992,106658.6518
5803,1993,108204.75696
5803,1994,104019.7366
5803,1995,100249.79986
5803,1996,101759.05192
5803,1997,109916.85959
5803,1998,118573.08877
5803,1999,124296.21045
5803,2000,134345.30143
5803,2001,136998.33231
5803,2002,149540.29137
5803,2003,152733.27995
5803,2004,163315.70586
5803,2005,171896.50026
5803,2006,166361.99637
5803,2007,163583.80005
5803,2008,169445.65083
5803,2009,168739.79867
5803,2010,163889.15456
5803,2011,168775.54206
5803,2012,155401.73245
5803,2013,172789.05113
5803,2014,166201.52497
5803,2015,167681.93684
5803,2016,158738.36526
5803,2017,161699.41728
5803,2018,163942.99286
5815,1961,601650.59104
5815,1962,646430.08854
5815,1963,708257.94611
5815,1964,629181.41295
5815,1965,629478.29637
5815,1966,693384.69689
5815,1967,749586.48794
5815,1968,792926.0829
5815,1969,797464.77349
5815,1970,879634.35087
5815,1971,837770.55731
5815,1972,776096.34679
5815,1973,912376.60768
5815,1974,1054085.49145
5815,1975,905158.78651
5815,1976,738598.2114
5815,1977,634939.94619
5815,1978,558055.75531
5815,1979,567509.71535
5815,1980,542944.49677
5815,1981,535076.54757
5815,1982,526955.15255
5815,1983,563290.16546
5815,1984,611277.94248
5815,1985,668865.06984
5815,1986,721379.69083
5815,1987,738531.79854
5815,1988,800321.96232
5815,1989,859797.00978
5815,1990,784732.5312
5815,1991,905201.8838
5815,1992,870066.35034
5815,1993,988315.24253
5815,1994,958739.2354
5815,1995,1022865.53452
5815,1996,1082809.57619
5815,1997,1106759.48577
5815,1998,1135799.11782
5815,1999,1282942.68751
5815,2000,1269023.92544
5815,2001,1323936.3396
5815,2002,1408504.81163
5815,2003,1377702.6153
5815,2004,1345680.40083
5815,2005,1427500.67151
5815,2006,1419205.30022
5815,2007,1450576.98072
5815,2008,1479689.92413
5815,2009,1409615.96132
5815,2010,1376437.06523
5815,2011,1391215.6394
5815,2012,1401570.32997
5815,2013,1388842.60525
5815,2014,1431506.48598
5815,2015,1453206.85033
5815,2016,1493069.89734
5815,2017,1570510.11625
5815,2018,1587226.98003
5817,1961,188789.85604
5817,1962,204489.85559
5817,1963,206054.68612
5817,1964,204921.35967
5817,1965,213641.54738
5817,1966,214559.48077
5817,1967,228218.99014
5817,1968,231984.06069
5817,1969,247771.29443
5817,1970,241185.29288
5817,1971,241153.34291
5817,1972,239726.72293
5817,1973,244203.66751
5817,1974,248040.53574
5817,1975,266908.96709
5817,1976,260253.68077
5817,1977,245109.39529
5817,1978,243825.29372
5817,1979,251847.24894
5817,1980,264842.27075
5817,1981,261908.61739
5817,1982,255391.9006
5817,1983,257728.19724
5817,1984,265806.87264
5817,1985,266907.17214
5817,1986,266924.76258
5817,1987,263426.42043
5817,1988,265382.90731
5817,1989,287001.54894
5817,1990,287570.1866
5817,1991,292446.47918
5817,1992,316817.53041
5817,1993,333222.7427
5817,1994,328260.33991
5817,1995,291188.96318
5817,1996,309600.78419
5817,1997,313659.93751
5817,1998,312996.48104
5817,1999,325430.15181
5817,2000,337490.68063
5817,2001,361450.69504
5817,2002,384860.14697
5817,2003,378752.70375
5817,2004,372886.4524
5817,2005,378752.51114
5817,2006,380614.80205
5817,2007,386924.47579
5817,2008,403796.54695
5817,2009,400578.39821
5817,2010,426287.01276
5817,2011,423348.59306
5817,2012,420728.02629
5817,2013,429036.40724
5817,2014,416387.88704
5817,2015,392007.466
5817,2016,431013.77704
5817,2017,472948.36392
5817,2018,456789.15025
59,1961,8974.7105
59,1962,7538.75682
59,1963,9692.68733
59,1964,11128.64101
59,1965,11846.61785
59,1966,12564.59469
59,1967,13282.57153
59,1968,15436.50205
59,1969,14718.52521
59,1970,11128.64101
59,1971,11487.62943
59,1972,14718.52521
59,1973,13641.55995
59,1974,21898.29361
59,1975,22616.27045
59,1976,27642.10833
59,1977,26016.24977
59,1978,29778.8074
59,1979,35528.36593
59,1980,33678.4986
59,1981,34030.30725
59,1982,32662.92036
59,1983,39129.73776
59,1984,36975.80724
59,1985,33744.91146
59,1986,37334.79566
59,1987,38411.76092
59,1988,33385.92304
59,1989,44873.55247
59,1990,35539.85356
59,1991,42360.63354
59,1992,45982.82669
59,1993,44873.55247
59,1994,43078.61038
59,1995,43182.35803
59,1996,53262.39387
59,1997,33608.85485
59,1998,27607.64544
59,1999,16897.22593
59,2000,15218.23709
59,2001,16019.85823
59,2002,23809.54796
59,2003,38365.8104
59,2004,41884.2559
59,2005,35898.84198
59,2006,45008.53212
59,2007,49575.94179
59,2008,54555.82915
59,2009,41025.5556
59,2010,42855.67857
59,2011,37017.80889
59,2012,42633.10575
59,2013,41851.58796
59,2014,44095.62457
59,2015,36818.9293
59,2016,31113.16736
59,2017,39184.66299
59,2018,41424.97686
66,1961,15795.49047
66,1962,16872.45573
66,1963,16872.45573
66,1964,15795.49047
66,1965,17590.43257
66,1966,16154.47889
66,1967,13641.55995
66,1968,15077.51363
66,1969,16154.47889
66,1970,12564.59469
66,1971,10051.67575
66,1972,6820.77998
66,1973,4666.84946
66,1974,3625.78304
66,1975,3733.47957
66,1976,2042.64411
66,1977,1776.99268
66,1978,2009.97616
66,1979,1911.25435
66,1980,3067.19706
66,1981,3571.2168
66,1982,3510.90675
66,1983,6948.57985
66,1984,5384.8263
66,1985,6102.80314
66,1986,4340.17
66,1987,4551.97316
66,1988,3144.37957
66,1989,2801.18664
66,1990,3151.91833
66,1991,2900.62643
66,1992,2109.41595
66,1993,1913.04929
66,1994,3162.68798
66,1995,4657.15677
66,1996,8118.16413
66,1997,8382.3796
66,1998,9199.07826
66,1999,7247.61721
66,2000,12861.83711
66,2001,10969.96813
66,2002,13209.3379
66,2003,14030.34441
66,2004,23529.89598
66,2005,30065.63915
66,2006,27339.1221
66,2007,22135.94394
66,2008,26568.37396
66,2009,25080.00797
66,2010,21947.83401
66,2011,24122.94484
66,2012,21539.30519
66,2013,31247.78801
66,2014,22525.80537
66,2015,21872.43567
66,2016,13777.70631
66,2017,15431.03107
66,2018,17687.71843
69,1961,2512.91894
69,1962,3230.89578
69,1963,3320.64288
69,1964,1660.32144
69,1965,1759.04326
69,1966,1759.04326
69,1967,2272.3967
69,1968,1435.95368
69,1969,1435.95368
69,1970,1884.6892
69,1971,3266.79462
69,1972,3266.79462
69,1973,3536.03594
69,1974,3536.03594
69,1975,1615.44789
69,1976,1184.66179
69,1977,1249.2797
69,1978,1525.70078
69,1979,1938.53747
69,1980,1938.53747
69,1981,1823.66117
69,1982,1823.66117
69,1983,1895.45886
69,1984,1791.35221
69,1985,1895.45886
69,1986,2204.1889
69,1987,1653.14167
69,1988,2692.41315
69,1989,4554.84507
69,1990,4554.84507
69,1991,4554.84507
69,1992,3638.70662
69,1993,3192.84301
69,1994,3599.93587
69,1995,1470.05758
69,1996,1470.05758
69,1997,1470.05758
69,1998,1470.05758
69,1999,1470.05758
69,2000,1501.79501
69,2001,1494.39963
69,2002,1487.36062
69,2003,1482.88074
69,2004,1471.85252
69,2005,1457.71853
69,2006,1435.95368
69,2007,1471.85252
69,2008,1441.59462
69,2009,1442.32966
69,2010,1458.3377
69,2011,1454.02575
69,2012,1454.02612
69,2013,1454.02649
69,2014,1415.56628
69,2015,1395.65224
69,2016,1407.26726
69,2017,1402.75857
69,2018,1398.24988
74,1961,3589.8842
74,1962,3589.8842
74,1963,3589.8842
74,1964,3589.8842
74,1965,4307.86104
74,1966,5384.8263
74,1967,6461.79156
74,1968,7179.7684
74,1969,7179.7684
74,1970,7897.74524
74,1971,8974.7105
74,1972,10051.67575
74,1973,10410.66417
74,1974,11487.62943
74,1975,12880.5045
74,1976,14126.19432
74,1977,14126.19432
74,1978,15400.60321
74,1979,16786.29851
74,1980,17949.42099
74,1981,17949.42099
74,1982,19744.36309
74,1983,19744.36309
74,1984,21539.30519
74,1985,22975.25887
74,1986,22257.28203
74,1987,21898.29361
74,1988,20821.32835
74,1989,20462.33993
74,1990,19385.37467
74,1991,18667.39783
74,1992,17590.43257
74,1993,19528.97004
74,1994,19919.54944
74,1995,20318.02658
74,1996,19744.36309
74,1997,19816.16077
74,1998,21180.31677
74,1999,20462.33993
74,2000,21539.30519
74,2001,16513.46731
74,2002,19923.8573
74,2003,19744.36309
74,2004,19385.37467
74,2005,19672.56541
74,2006,19744.36309
74,2007,20103.35151
74,2008,21616.10132
74,2009,24098.11125
74,2010,25924.81701
74,2011,27775.75639
74,2012,30380.25502
74,2013,30461.07616
74,2014,30761.9894
74,2015,30991.64056
74,2016,31974.60893
74,2017,32661.83487
74,2018,33349.06081
8,1966,1.07696
8,1967,1.79494
8,1968,2.87191
8,1969,3.58988
8,1970,4.30786
8,1971,10.76965
8,1972,16.87246
8,1973,19.02639
8,1974,29.43705
8,1975,7.17977
8,1976,10.41066
8,1977,7.17977
8,1978,16.15448
8,1979,29.79604
8,1980,10.41066
8,1981,12.56459
8,1982,7.89774
8,1983,36.25783
8,1984,2.15393
8,1985,4.30786
8,1986,10.76965
8,1987,14.35954
8,1988,15.79549
8,1989,8.97471
8,1990,9.3337
8,1991,10.76965
8,1992,10.60892
8,1993,10.10243
8,1994,9.68392
8,1995,8.97471
8,1996,9.34569
8,1997,9.25501
8,1998,9.2816
8,1999,10.08026
8,2000,10.68918
8,2001,10.76965
8,2002,12.20561
8,2003,13.28257
8,2004,16.15448
8,2005,16.22615
8,2006,15.61257
8,2007,15.41636
8,2008,15.21528
8,2009,15.04044
8,2010,14.87462
8,2011,14.71473
8,2012,14.35954
8,2013,14.83775
8,2014,15.08309
8,2015,14.49992
8,2016,14.3087
8,2017,14.20412
8,2018,14.09954
81,1961,268882.32643
81,1962,273549.17589
81,1963,278216.02534
81,1964,282882.8748
81,1965,296165.44633
81,1966,346064.83669
81,1967,322012.61256
81,1968,350731.68614
81,1969,358629.43138
81,1970,407810.84489
81,1971,407810.84489
81,1972,339244.05671
81,1973,475659.65624
81,1974,542072.5139
81,1975,394887.26178
81,1976,277498.04851
81,1977,259189.6391
81,1978,260625.59277
81,1979,268882.32643
81,1980,230829.55393
81,1981,226521.69289
81,1982,225444.72763
81,1983,258471.66226
81,1984,287190.73584
81,1985,323089.57782
81,1986,360855.15958
81,1987,363224.48315
81,1988,400272.08808
81,1989,430786.10376
81,1990,292575.56214
81,1991,465536.1828
81,1992,431575.87828
81,1993,443530.19266
81,1994,412007.41952
81,1995,496552.78227
81,1996,557085.40961
81,1997,549180.48461
81,1998,566017.0415
81,1999,612936.82797
81,2000,583392.08102
81,2001,605795.11234
81,2002,667718.46083
81,2003,647866.40121
81,2004,616024.12838
81,2005,605254.47578
81,2006,595920.77687
81,2007,606726.3283
81,2008,606090.9188
81,2009,539904.22384
81,2010,486357.15216
81,2011,466557.50485
81,2012,456010.78407
81,2013,452854.19889
81,2014,466325.95732
81,2015,467109.00228
81,2016,467109.00228
81,2017,498021.30697
81,2018,524459.95132
83,1961,287.19074
83,1962,287.19074
83,1963,287.19074
83,1964,305.14016
83,1965,323.08958
83,1966,341.039
83,1967,358.98842
83,1968,376.93784
83,1969,394.88726
83,1970,412.83668
83,1971,430.7861
83,1972,448.73552
83,1973,466.68495
83,1974,502.58379
83,1975,538.48263
83,1976,574.38147
83,1977,574.38147
83,1978,574.38147
83,1979,574.38147
83,1980,574.38147
83,1981,610.28031
83,1982,646.17916
83,1983,682.078
83,1984,717.97684
83,1985,682.078
83,1986,646.17916
83,1987,610.28031
83,1988,574.38147
83,1989,538.48263
83,1990,589.1
83,1991,512.96059
83,1992,502.58379
83,1993,520.02698
83,1994,538.48263
83,1995,552.82925
83,1996,574.38147
83,1997,572.29089
83,1998,575.33547
83,1999,574.38147
83,2000,591.65732
83,2001,610.28031
83,2002,646.17916
83,2003,682.078
83,2004,717.97684
83,2005,734.43432
83,2006,771.8251
83,2007,789.77452
83,2008,807.72395
83,2009,782.68534
83,2010,733.97414
83,2011,705.37191
83,2012,646.17916
83,2013,717.97684
83,2014,737.5976
83,2015,708.94621
83,2016,699.60506
83,2017,695.39992
83,2018,691.19478
90,1961,9692.68733
90,1962,10769.65259
90,1963,8974.7105
90,1964,7179.7684
90,1965,10051.67575
90,1966,9441.39544
90,1967,9513.19312
90,1968,9620.88965
90,1969,9333.69892
90,1970,8974.7105
90,1971,9333.69892
90,1972,10051.67575
90,1973,10220.40031
90,1974,10313.7373
90,1975,10430.40854
90,1976,10500.41128
90,1977,10617.08252
90,1978,10724.42005
90,1979,10831.75759
90,1980,10949.1468
90,1981,11056.84333
90,1982,11272.23638
90,1983,11272.23638
90,1984,11379.93291
90,1985,11523.52828
90,1986,10769.65259
90,1987,10769.65259
90,1988,10985.04565
90,1989,11056.84333
90,1990,12205.60627
90,1991,12385.10048
90,1992,13569.76227
90,1993,13964.64953
90,1994,14359.53679
90,1995,10051.67575
90,1996,8597.77265
90,1997,9532.93749
90,1998,10570.05503
90,1999,10051.67575
90,2000,10051.67575
90,2001,10769.65259
90,2002,10797.75782
90,2003,9902.02734
90,2004,8648.38749
90,2005,8974.7105
90,2006,10949.1468
90,2007,15795.49047
90,2008,20462.33993
90,2009,29506.69418
90,2010,31619.34103
90,2011,33765.73279
90,2012,34818.28684
90,2013,35902.79085
90,2014,40132.01626
90,2015,45092.42404
90,2016,55248.31781
90,2017,58012.52864
90,2018,38655.51406
91,2000,1292.35831
91,2001,1838.73869
91,2002,1328.25715
91,2003,1076.96526
91,2004,897.47105
91,2005,1190.54275
91,2006,789.77452
91,2007,1216.15337
91,2008,1252.19386
91,2009,1336.68451
91,2010,1264.7162
91,2011,827.10932
91,2012,1624.78159
91,2013,1215.1758
91,2014,400.27209
91,2015,3511.12853
91,2016,2109.5775
91,2017,3091.99828
91,2018,3148.18485
