geo,year,sesame_seed_processing_fea
10,1961,0
10,1962,0
10,1963,0
10,1964,0
10,1965,0
10,1966,0
10,1967,0
10,1968,0
10,1969,0
10,1970,0
10,1971,1
10,1972,1
10,1973,1
10,1974,1
10,1975,1
10,1976,1
10,1977,1
10,1978,1
10,1979,2
10,1980,2
10,1981,2
10,1982,2
10,1983,2
10,1984,3
10,1985,3
10,1986,3
10,1987,4
10,1988,4
10,1989,6
10,1990,5
10,1991,4
10,1992,5
10,1993,4
10,1994,6
10,1995,5
10,1996,6
10,1997,5
10,1998,6
10,1999,6
10,2000,5
10,2001,6
10,2002,7
10,2003,6
10,2004,7
10,2005,6
10,2006,6
10,2007,6
10,2008,6
10,2009,6
10,2010,6
10,2011,6
10,2012,5
10,2013,6
100,1961,289
100,1962,382
100,1963,340
100,1964,376
100,1965,329
100,1966,323
100,1967,346
100,1968,328
100,1969,348
100,1970,437
100,1971,349
100,1972,299
100,1973,376
100,1974,317
100,1975,341
100,1976,325
100,1977,404
100,1978,397
100,1979,259
100,1980,339
100,1981,442
100,1982,418
100,1983,423
100,1984,397
100,1985,375
100,1986,338
100,1987,435
100,1988,530
100,1989,580
100,1990,650
100,1991,550
100,1992,590
100,1993,400
100,1994,414
100,1995,375
100,1996,453
100,1997,402
100,1998,379
100,1999,311
100,2000,300
100,2001,283
100,2002,376
100,2003,373
100,2004,370
100,2005,372
100,2006,329
100,2007,294
100,2008,251
100,2009,293
100,2010,249
100,2011,322
100,2012,305
100,2013,304
102,1961,5
102,1962,6
102,1963,7
102,1964,7
102,1965,6
102,1966,7
102,1967,7
102,1968,9
102,1969,9
102,1970,6
102,1971,4
102,1972,3
102,1973,4
102,1974,4
102,1975,6
102,1976,5
102,1977,6
102,1978,5
102,1979,6
102,1980,8
102,1981,11
102,1982,15
102,1983,16
102,1984,22
102,1985,19
102,1986,22
102,1987,18
102,1988,19
102,1989,18
102,1990,17
102,1991,15
102,1992,19
102,1993,18
102,1994,18
102,1995,16
102,1996,22
102,1997,19
102,1998,24
102,1999,22
102,2000,25
102,2001,26
102,2002,33
102,2003,32
102,2004,33
102,2005,36
102,2006,37
102,2007,41
102,2008,49
102,2009,41
102,2010,51
102,2011,61
102,2012,34
102,2013,35
103,1961,3
103,1962,1
103,1963,3
103,1964,4
103,1965,5
103,1966,6
103,1967,5
103,1968,7
103,1969,5
103,1970,8
103,1971,9
103,1972,4
103,1973,3
103,1974,4
103,1975,5
103,1976,4
103,1977,3
103,1978,5
103,1979,4
103,1980,3
103,1981,4
103,1982,3
103,1983,4
103,1984,4
103,1985,5
103,1986,6
103,1987,6
103,1988,7
103,1989,9
103,1990,9
103,1991,9
103,1992,10
103,1993,10
103,1994,10
103,1995,11
103,1996,11
103,1997,11
103,1998,11
103,1999,12
103,2000,12
103,2001,12
103,2002,21
103,2003,18
103,2004,21
103,2005,23
103,2006,17
103,2007,15
103,2008,19
103,2009,5
103,2010,14
103,2011,14
103,2012,8
103,2013,5
106,1961,21
106,1962,22
106,1963,34
106,1964,28
106,1965,32
106,1966,42
106,1967,37
106,1968,45
106,1969,52
106,1970,41
106,1971,52
106,1972,42
106,1973,50
106,1974,19
106,1975,25
106,1976,12
106,1977,14
106,1978,9
106,1979,9
106,1980,9
106,1981,2
106,1982,3
106,1983,4
106,1984,6
106,1985,6
106,1986,5
106,1987,5
106,1988,3
106,1989,3
106,1990,4
106,1991,4
106,1992,3
106,1993,3
106,1994,4
106,1995,3
106,1996,5
106,1997,4
106,1998,4
106,1999,4
106,2000,5
106,2001,5
106,2002,6
106,2003,5
106,2004,5
106,2005,6
106,2006,6
106,2007,6
106,2008,6
106,2009,6
106,2010,6
106,2011,7
106,2012,7
106,2013,9
110,1961,15
110,1962,15
110,1963,17
110,1964,21
110,1965,19
110,1966,19
110,1967,21
110,1968,21
110,1969,19
110,1970,30
110,1971,26
110,1972,30
110,1973,34
110,1974,34
110,1975,26
110,1976,30
110,1977,32
110,1978,34
110,1979,38
110,1980,37
110,1981,39
110,1982,45
110,1983,48
110,1984,49
110,1985,52
110,1986,54
110,1987,59
110,1988,66
110,1989,68
110,1990,70
110,1991,65
110,1992,73
110,1993,73
110,1994,78
110,1995,81
110,1996,83
110,1997,82
110,1998,80
110,1999,86
110,2000,84
110,2001,88
110,2002,89
110,2003,85
110,2004,88
110,2005,90
110,2006,90
110,2007,94
110,2008,92
110,2009,87
110,2010,96
110,2011,94
110,2012,93
110,2013,94
112,1961,2
112,1962,3
112,1963,4
112,1964,4
112,1965,3
112,1966,4
112,1967,3
112,1968,3
112,1969,2
112,1970,2
112,1971,5
112,1972,2
112,1973,3
112,1974,2
112,1975,1
112,1976,2
112,1977,0
112,1978,1
112,1979,1
112,1980,1
112,1981,3
112,1982,5
112,1983,4
112,1984,4
112,1985,4
112,1986,6
112,1987,7
112,1988,6
112,1989,3
112,1990,7
112,1991,7
112,1992,6
112,1993,9
112,1994,7
112,1995,7
112,1996,9
112,1997,9
112,1998,8
112,1999,8
112,2000,9
112,2001,11
112,2002,10
112,2003,8
112,2004,10
112,2005,11
112,2006,13
112,2007,12
112,2008,9
112,2009,13
112,2010,14
112,2011,16
112,2012,14
112,2013,16
117,1961,1
117,1962,1
117,1963,1
117,1964,3
117,1965,3
117,1966,3
117,1967,4
117,1968,4
117,1969,3
117,1970,8
117,1971,12
117,1972,6
117,1973,6
117,1974,8
117,1975,12
117,1976,22
117,1977,15
117,1978,22
117,1979,16
117,1980,10
117,1981,17
117,1982,11
117,1983,36
117,1984,36
117,1985,33
117,1986,37
117,1987,38
117,1988,48
117,1989,32
117,1990,23
117,1991,28
117,1992,29
117,1993,33
117,1994,37
117,1995,17
117,1996,57
117,1997,69
117,1998,60
117,1999,63
117,2000,65
117,2001,60
117,2002,60
117,2003,60
117,2004,69
117,2005,48
117,2006,71
117,2007,48
117,2008,56
117,2009,58
117,2010,49
117,2011,59
117,2012,59
117,2013,66
121,1961,2
121,1962,2
121,1963,2
121,1964,2
121,1965,2
121,1966,2
121,1967,2
121,1968,2
121,1969,2
121,1970,2
121,1971,3
121,1972,3
121,1973,3
121,1974,3
121,1975,3
121,1976,2
121,1977,2
121,1978,2
121,1979,2
121,1980,0
121,1981,1
121,1982,1
121,1983,1
121,1984,2
121,1985,2
121,1986,2
121,1987,2
121,1988,2
121,1989,2
121,1990,3
121,1991,3
121,1992,3
121,1993,3
121,1994,3
121,1995,3
121,1996,2
121,1997,11
121,1998,4
121,1999,7
121,2000,7
121,2001,9
121,2002,8
121,2003,6
121,2004,10
121,2005,9
121,2006,8
121,2007,11
121,2008,7
121,2009,10
121,2010,10
121,2011,10
121,2012,10
121,2013,10
131,1961,0
131,1962,2
131,1963,2
131,1964,2
131,1965,2
131,1966,2
131,1967,3
131,1968,2
131,1969,2
131,1970,3
131,1971,3
131,1972,2
131,1973,3
131,1974,3
131,1975,2
131,1976,2
131,1977,3
131,1978,3
131,1979,3
131,1980,3
131,1981,2
131,1982,2
131,1983,3
131,1984,4
131,1985,4
131,1986,5
131,1987,5
131,1988,5
131,1989,5
131,1990,6
131,1991,4
131,1992,6
131,1993,6
131,1994,7
131,1995,6
131,1996,7
131,1997,8
131,1998,8
131,1999,7
131,2000,8
131,2001,7
131,2002,8
131,2003,7
131,2004,8
131,2005,9
131,2006,8
131,2007,9
131,2008,8
131,2009,8
131,2010,9
131,2011,9
131,2012,11
131,2013,21
138,1961,131
138,1962,147
138,1963,156
138,1964,165
138,1965,170
138,1966,154
138,1967,147
138,1968,162
138,1969,122
138,1970,111
138,1971,107
138,1972,73
138,1973,62
138,1974,53
138,1975,62
138,1976,60
138,1977,75
138,1978,65
138,1979,72
138,1980,39
138,1981,84
138,1982,39
138,1983,8
138,1984,22
138,1985,17
138,1986,13
138,1987,13
138,1988,8
138,1989,4
138,1990,13
138,1991,11
138,1992,9
138,1993,8
138,1994,5
138,1995,4
138,1996,6
138,1997,8
138,1998,7
138,1999,10
138,2000,15
138,2001,22
138,2002,19
138,2003,12
138,2004,20
138,2005,20
138,2006,18
138,2007,16
138,2008,20
138,2009,21
138,2010,22
138,2011,26
138,2012,28
138,2013,27
144,1961,0
144,1962,0
144,1963,1
144,1964,0
144,1965,0
144,1966,0
144,1967,0
144,1968,0
144,1969,0
144,1970,1
144,1971,0
144,1972,2
144,1973,0
144,1974,2
144,1975,1
144,1976,3
144,1977,2
144,1978,2
144,1979,2
144,1980,3
144,1981,3
144,1982,3
144,1983,3
144,1984,3
144,1985,3
144,1986,3
144,1987,3
144,1988,3
144,1989,3
144,1990,3
144,1991,2
144,1992,2
144,1993,2
144,1994,2
144,1995,2
144,1996,3
144,1997,3
144,1998,3
144,1999,3
144,2000,5
144,2001,6
144,2002,13
144,2003,8
144,2004,1
144,2005,7
144,2006,11
144,2007,7
144,2008,12
144,2009,1
144,2010,37
144,2011,73
144,2012,103
144,2013,86
15,1961,4
15,1962,4
15,1963,6
15,1964,6
15,1965,7
15,1966,7
15,1967,7
15,1968,7
15,1969,0
15,1970,0
15,1971,0
15,1972,0
15,1973,1
15,1974,0
15,1975,0
15,1976,0
15,1977,0
15,1978,0
15,1979,0
15,1980,0
15,1981,0
15,1982,0
15,1983,0
15,1984,0
15,1985,0
15,1986,0
15,1987,0
15,1988,0
15,1989,0
15,1990,0
15,1991,0
15,1992,0
15,1993,0
15,1994,1
15,1995,0
15,1996,0
15,1997,0
15,1998,1
15,1999,1
150,1961,0
150,1962,0
150,1963,0
150,1964,0
150,1965,0
150,1966,0
150,1967,0
150,1968,0
150,1969,0
150,1970,0
150,1971,0
150,1972,0
150,1973,0
150,1974,0
150,1975,0
150,1976,0
150,1977,0
150,1978,0
150,1979,0
150,1980,0
150,1981,0
150,1982,0
150,1983,0
150,1984,0
150,1985,0
150,1986,0
150,1987,0
150,1988,0
150,1989,0
150,1990,3
150,1991,2
150,1992,2
150,1993,1
150,1994,2
150,1995,3
150,1996,5
150,1997,11
150,1998,8
150,1999,9
150,2000,15
150,2001,14
150,2002,3
150,2003,6
150,2004,10
150,2005,9
150,2006,4
150,2007,4
150,2008,4
150,2009,3
150,2010,3
150,2011,3
150,2012,3
150,2013,6
154,1992,0
154,1993,0
154,1994,0
154,1995,0
154,1996,1
154,1997,0
154,1998,0
154,1999,0
154,2000,0
154,2001,0
154,2002,1
154,2003,1
154,2004,1
154,2005,1
154,2006,1
154,2007,0
154,2008,1
154,2009,1
154,2010,1
154,2011,1
154,2012,1
154,2013,1
157,1961,0
157,1962,0
157,1963,0
157,1964,0
157,1965,0
157,1966,0
157,1967,0
157,1968,0
157,1969,0
157,1970,0
157,1971,0
157,1972,0
157,1973,0
157,1974,0
157,1975,0
157,1976,0
157,1977,0
157,1978,0
157,1979,0
157,1980,0
157,1981,0
157,1982,0
157,1983,0
157,1984,0
157,1985,0
157,1986,0
157,1987,0
157,1988,0
157,1989,0
157,1990,0
157,1991,0
157,1992,0
157,1993,0
157,1994,0
157,1995,0
157,1996,0
157,1997,0
157,1998,0
157,1999,0
157,2000,0
157,2001,0
157,2002,0
157,2003,0
157,2004,0
157,2005,0
157,2006,0
157,2007,0
157,2008,0
157,2009,0
157,2010,0
157,2011,0
157,2012,0
157,2013,0
159,1961,0
159,1962,0
159,1963,0
159,1964,0
159,1965,0
159,1966,0
159,1967,0
159,1968,0
159,1969,0
159,1970,0
159,1971,0
159,1972,0
159,1973,0
159,1974,0
159,1975,0
159,1976,0
159,1977,0
159,1978,0
159,1979,0
159,1980,0
159,1981,0
159,1982,0
159,1983,0
159,1984,0
159,1985,17
159,1986,17
159,1987,17
159,1988,18
159,1989,20
159,1990,22
159,1991,23
159,1992,24
159,1993,26
159,1994,28
159,1995,30
159,1996,20
159,1997,20
159,1998,20
159,1999,20
159,2000,20
159,2001,20
159,2002,20
159,2003,20
159,2004,18
159,2005,18
159,2006,11
159,2007,9
159,2008,8
159,2009,6
159,2010,6
159,2011,6
159,2012,6
159,2013,6
16,1961,25
16,1962,25
16,1963,24
16,1964,21
16,1965,23
16,1966,26
16,1967,29
16,1968,30
16,1969,29
16,1970,26
16,1971,28
16,1972,25
16,1973,24
16,1974,27
16,1975,28
16,1976,26
16,1977,28
16,1978,50
16,1979,48
16,1980,45
16,1981,52
16,1982,55
16,1983,54
16,1984,44
16,1985,51
16,1986,47
16,1987,47
16,1988,43
16,1989,47
16,1990,46
16,1991,43
16,1992,47
16,1993,56
16,1994,46
16,1995,47
16,1996,47
16,1997,47
16,1998,47
16,1999,21
16,2000,21
16,2001,21
16,2002,24
16,2003,24
16,2004,36
16,2005,38
16,2006,28
16,2007,26
16,2008,26
16,2009,24
16,2010,18
16,2011,28
16,2012,25
16,2013,12
165,1961,11
165,1962,8
165,1963,8
165,1964,9
165,1965,7
165,1966,7
165,1967,9
165,1968,8
165,1969,8
165,1970,10
165,1971,13
165,1972,10
165,1973,12
165,1974,8
165,1975,10
165,1976,12
165,1977,12
165,1978,18
165,1979,19
165,1980,18
165,1981,16
165,1982,10
165,1983,8
165,1984,13
165,1985,14
165,1986,12
165,1987,7
165,1988,10
165,1989,15
165,1990,2
165,1991,5
165,1992,12
165,1993,24
165,1994,14
165,1995,15
165,1996,23
165,1997,28
165,1998,22
165,1999,14
165,2000,16
165,2001,18
165,2002,12
165,2003,12
165,2004,11
165,2005,9
165,2006,18
165,2007,14
165,2008,6
165,2009,2
165,2010,18
165,2011,15
165,2012,6
165,2013,2
166,1961,0
166,1962,0
166,1963,0
166,1964,0
166,1965,0
166,1966,0
166,1967,0
166,1968,0
166,1969,0
166,1970,0
166,1971,0
166,1972,0
166,1973,0
166,1974,0
166,1975,0
166,1976,0
166,1977,0
166,1978,0
166,1979,0
166,1980,0
166,1981,0
166,1982,0
166,1983,0
166,1984,0
166,1985,0
166,1986,0
166,1987,0
166,1988,0
166,1989,0
166,1990,0
166,1991,0
166,1992,0
166,1993,0
166,1994,0
166,1995,0
166,1996,0
166,1997,0
166,1998,0
166,1999,0
166,2000,0
166,2001,0
166,2002,0
166,2003,0
166,2004,0
166,2005,0
166,2006,0
166,2007,0
166,2008,0
166,2009,0
166,2010,0
166,2011,0
166,2012,0
166,2013,0
167,1993,0
167,1994,0
167,1995,0
167,1996,0
167,1997,0
167,1998,1
167,1999,1
167,2000,1
167,2001,1
167,2002,1
167,2003,1
167,2004,1
167,2005,1
167,2006,1
167,2007,1
167,2008,1
167,2009,1
167,2010,1
167,2011,1
167,2012,1
167,2013,1
173,1961,1
173,1962,0
173,1963,1
173,1964,2
173,1965,8
173,1966,3
173,1967,2
173,1968,4
173,1969,3
173,1970,1
173,1971,7
173,1972,3
173,1973,3
173,1974,2
173,1975,6
173,1976,3
173,1977,5
173,1978,3
173,1979,4
173,1980,2
173,1981,1
173,1982,1
173,1983,1
173,1984,2
173,1985,1
173,1986,1
173,1987,2
173,1988,2
173,1989,1
173,1990,2
173,1991,1
173,1992,2
173,1993,4
173,1994,4
173,1995,5
173,1996,5
173,1997,6
173,1998,7
173,1999,7
173,2000,7
173,2001,8
173,2002,7
173,2003,9
173,2004,12
173,2005,11
173,2006,11
173,2007,10
173,2008,9
173,2009,10
173,2010,9
173,2011,10
173,2012,9
173,2013,10
174,1961,1
174,1962,1
174,1963,3
174,1964,3
174,1965,6
174,1966,3
174,1967,4
174,1968,4
174,1969,4
174,1970,2
174,1971,3
174,1972,1
174,1973,2
174,1974,4
174,1975,0
174,1976,0
174,1977,0
174,1978,0
174,1979,0
174,1980,0
174,1981,0
174,1982,8
174,1983,0
174,1984,0
174,1985,0
174,1986,0
174,1987,0
174,1988,0
174,1989,0
174,1990,0
174,1991,0
174,1992,0
174,1993,0
174,1994,0
174,1995,0
174,1996,0
174,1997,0
174,1998,0
174,1999,0
174,2000,0
174,2001,0
174,2002,0
174,2003,0
174,2004,0
174,2005,0
174,2006,0
174,2007,0
174,2008,0
174,2009,0
174,2010,0
174,2011,0
174,2012,0
174,2013,0
194,1961,0
194,1962,0
194,1963,0
194,1964,0
194,1965,0
194,1966,0
194,1967,0
194,1968,0
194,1969,0
194,1970,0
194,1971,0
194,1972,0
194,1973,0
194,1974,1
194,1975,1
194,1976,1
194,1977,1
194,1978,1
194,1979,1
194,1980,1
194,1981,1
194,1982,1
194,1983,13
194,1984,19
194,1985,14
194,1986,9
194,1987,13
194,1988,16
194,1989,11
194,1990,16
194,1991,12
194,1992,22
194,1993,6
194,1994,5
194,1995,19
194,1996,23
194,1997,17
194,1998,19
194,1999,18
194,2000,23
194,2001,24
194,2002,16
194,2003,21
194,2004,31
194,2005,33
194,2006,32
194,2007,31
194,2008,33
194,2009,27
194,2010,32
194,2011,37
194,2012,44
194,2013,42
198,1992,0
198,1993,0
198,1994,0
198,1995,0
198,1996,0
198,1997,0
198,1998,0
198,1999,0
198,2000,0
198,2001,0
198,2002,0
198,2003,0
198,2004,0
198,2005,0
198,2006,0
198,2007,0
198,2008,0
198,2009,0
198,2010,0
198,2011,0
198,2012,0
198,2013,0
2,1961,6
2,1962,5
2,1963,5
2,1964,7
2,1965,7
2,1966,8
2,1967,8
2,1968,9
2,1969,8
2,1970,9
2,1971,2
2,1972,0
2,1973,1
2,1974,1
2,1975,8
2,1976,6
2,1977,6
2,1978,1
2,1979,9
2,1980,1
2,1981,12
2,1982,11
2,1983,11
2,1984,12
2,1985,12
2,1986,12
2,1987,5
2,1988,6
2,1989,5
2,1990,8
2,1991,10
2,1992,12
2,1993,10
2,1994,11
2,1995,11
2,1996,10
2,1997,10
2,1998,10
2,1999,10
2,2000,10
2,2001,10
2,2002,10
2,2003,10
2,2004,2
2,2005,2
2,2006,2
2,2007,5
2,2008,5
2,2009,3
2,2010,2
2,2011,4
2,2012,2
2,2013,4
202,1961,0
202,1962,0
202,1963,0
202,1964,0
202,1965,0
202,1966,0
202,1967,0
202,1968,0
202,1969,0
202,1970,0
202,1971,0
202,1972,0
202,1973,0
202,1974,0
202,1975,0
202,1976,0
202,1977,0
202,1978,0
202,1979,0
202,1980,0
202,1981,0
202,1982,0
202,1983,0
202,1984,0
202,1985,0
202,1986,0
202,1987,0
202,1988,0
202,1989,0
202,1990,0
202,1991,0
202,1992,0
202,1993,0
202,1994,0
202,1995,1
202,1996,1
202,1997,1
202,1998,1
202,1999,1
202,2000,1
202,2001,1
202,2002,1
202,2003,1
202,2004,1
202,2005,2
202,2006,1
202,2007,2
202,2008,1
202,2009,1
202,2010,1
202,2011,1
202,2012,1
202,2013,1
206,1961,43
206,1962,55
206,1963,55
206,1964,40
206,1965,52
206,1966,62
206,1967,64
206,1968,67
206,1969,60
206,1970,178
206,1971,171
206,1972,192
206,1973,130
206,1974,105
206,1975,126
206,1976,93
206,1977,148
206,1978,131
206,1979,167
206,1980,137
206,1981,140
206,1982,91
206,1983,102
206,1984,77
206,1985,60
206,1986,107
206,1987,109
206,1988,98
206,1989,70
206,1990,45
206,1991,25
206,1992,24
206,1993,54
206,1994,65
206,1995,61
206,1996,73
206,1997,78
206,1998,92
206,1999,54
206,2000,96
206,2001,88
206,2002,95
206,2003,92
206,2004,135
206,2005,144
206,2006,129
206,2007,149
206,2008,139
206,2009,161
206,2010,147
206,2011,105
214,1961,3
214,1962,3
214,1963,2
214,1964,5
214,1965,3
214,1966,2
214,1967,5
214,1968,5
214,1969,5
214,1970,6
214,1971,6
214,1972,5
214,1973,7
214,1974,8
214,1975,6
214,1976,8
214,1977,9
214,1978,9
214,1979,6
214,1980,11
214,1981,12
214,1982,12
214,1983,11
214,1984,12
214,1985,13
214,1986,15
214,1987,19
214,1988,22
214,1989,18
214,1990,21
214,1991,24
214,1992,26
214,1993,26
214,1994,31
214,1995,30
214,1996,28
214,1997,29
214,1998,26
214,1999,29
214,2000,31
214,2001,29
214,2002,33
214,2003,29
214,2004,36
214,2005,34
214,2006,30
214,2007,27
214,2008,17
214,2009,38
214,2010,39
214,2011,35
214,2012,33
214,2013,34
215,1961,0
215,1962,0
215,1963,1
215,1964,4
215,1965,1
215,1966,1
215,1967,4
215,1968,4
215,1969,4
215,1970,5
215,1971,4
215,1972,0
215,1973,6
215,1974,6
215,1975,6
215,1976,5
215,1977,10
215,1978,6
215,1979,12
215,1980,5
215,1981,15
215,1982,17
215,1983,19
215,1984,21
215,1985,22
215,1986,23
215,1987,22
215,1988,19
215,1989,20
215,1990,21
215,1991,21
215,1992,18
215,1993,18
215,1994,20
215,1995,19
215,1996,16
215,1997,17
215,1998,14
215,1999,18
215,2000,19
215,2001,13
215,2002,14
215,2003,20
215,2004,38
215,2005,37
215,2006,27
215,2007,122
215,2008,12
215,2009,13
215,2010,35
215,2011,10
215,2012,33
215,2013,38
216,1961,6
216,1962,6
216,1963,10
216,1964,8
216,1965,12
216,1966,11
216,1967,15
216,1968,14
216,1969,12
216,1970,11
216,1971,9
216,1972,9
216,1973,13
216,1974,13
216,1975,11
216,1976,9
216,1977,8
216,1978,8
216,1979,3
216,1980,12
216,1981,8
216,1982,5
216,1983,5
216,1984,4
216,1985,5
216,1986,6
216,1987,4
216,1988,3
216,1989,5
216,1990,4
216,1991,6
216,1992,9
216,1993,17
216,1994,5
216,1995,18
216,1996,21
216,1997,22
216,1998,23
216,1999,14
216,2000,22
216,2001,20
216,2002,21
216,2003,21
216,2004,21
216,2005,21
216,2006,25
216,2007,27
216,2008,33
216,2009,33
216,2010,40
216,2011,38
216,2012,43
216,2013,47
222,1961,0
222,1962,0
222,1963,0
222,1964,0
222,1965,0
222,1966,0
222,1967,0
222,1968,0
222,1969,0
222,1970,0
222,1971,0
222,1972,0
222,1973,0
222,1974,0
222,1975,0
222,1976,0
222,1977,0
222,1978,0
222,1979,0
222,1980,0
222,1981,0
222,1982,1
222,1983,1
222,1984,1
222,1985,0
222,1986,0
222,1987,2
222,1988,1
222,1989,1
222,1990,2
222,1991,1
222,1992,1
222,1993,2
222,1994,2
222,1995,2
222,1996,2
222,1997,1
222,1998,1
222,1999,1
222,2000,1
222,2001,1
222,2002,1
222,2003,1
222,2004,1
222,2005,1
222,2006,1
222,2007,1
222,2008,1
222,2009,1
222,2010,1
222,2011,1
222,2012,1
222,2013,1
223,1961,28
223,1962,26
223,1963,26
223,1964,21
223,1965,21
223,1966,21
223,1967,26
223,1968,32
223,1969,26
223,1970,23
223,1971,28
223,1972,21
223,1973,16
223,1974,19
223,1975,22
223,1976,16
223,1977,15
223,1978,15
223,1979,17
223,1980,16
223,1981,15
223,1982,16
223,1983,23
223,1984,27
223,1985,27
223,1986,33
223,1987,40
223,1988,31
223,1989,35
223,1990,43
223,1991,41
223,1992,37
223,1993,46
223,1994,36
223,1995,34
223,1996,31
223,1997,36
223,1998,37
223,1999,28
223,2000,27
223,2001,36
223,2002,57
223,2003,54
223,2004,64
223,2005,70
223,2006,76
223,2007,82
223,2008,66
223,2009,72
223,2010,81
223,2011,76
223,2012,86
223,2013,79
226,1961,0
226,1962,0
226,1963,0
226,1964,0
226,1965,0
226,1966,0
226,1967,0
226,1968,0
226,1969,0
226,1970,0
226,1971,0
226,1972,0
226,1973,0
226,1974,0
226,1975,0
226,1976,0
226,1977,0
226,1978,0
226,1979,0
226,1980,0
226,1981,0
226,1982,0
226,1983,0
226,1984,0
226,1985,0
226,1986,0
226,1987,0
226,1988,0
226,1989,0
226,1990,0
226,1991,0
226,1992,0
226,1993,0
226,1994,0
226,1995,0
226,1996,0
226,1997,0
226,1998,0
226,1999,34
226,2000,43
226,2001,46
226,2002,48
226,2003,50
226,2004,53
226,2005,53
226,2006,55
226,2007,57
226,2008,59
226,2009,58
226,2010,58
226,2011,61
226,2012,65
226,2013,55
228,1961,12
228,1962,8
228,1963,10
228,1964,12
228,1965,8
228,1966,0
228,1967,7
228,1968,9
228,1969,12
228,1970,9
228,1971,9
228,1972,6
228,1973,5
228,1974,5
228,1975,8
228,1976,6
228,1977,5
228,1978,8
228,1979,7
228,1980,11
228,1981,9
228,1982,13
228,1983,5
228,1984,7
228,1985,9
228,1986,10
228,1987,10
228,1988,5
228,1989,5
228,1990,4
228,1991,7
230,1992,0
230,1993,0
230,1994,0
230,1995,0
230,1996,0
230,1997,0
230,1998,0
230,1999,0
230,2000,0
230,2001,0
230,2002,0
230,2003,0
230,2004,0
230,2005,0
230,2006,0
230,2007,0
230,2008,0
230,2009,0
230,2010,0
230,2011,0
230,2012,0
230,2013,0
233,1961,0
233,1962,0
233,1963,0
233,1964,0
233,1965,0
233,1966,0
233,1967,0
233,1968,0
233,1969,0
233,1970,0
233,1971,0
233,1972,0
233,1973,0
233,1974,0
233,1975,0
233,1976,0
233,1977,0
233,1978,0
233,1979,0
233,1980,0
233,1981,0
233,1982,0
233,1983,0
233,1984,0
233,1985,0
233,1986,0
233,1987,0
233,1988,0
233,1989,0
233,1990,0
233,1991,0
233,1992,0
233,1993,0
233,1994,0
233,1995,0
233,1996,0
233,1997,0
233,1998,0
233,1999,0
233,2000,0
233,2001,0
233,2002,0
233,2003,0
233,2004,0
233,2005,0
233,2006,0
233,2007,0
233,2008,0
233,2009,0
233,2010,0
233,2011,0
233,2012,0
233,2013,0
236,1961,40
236,1962,48
236,1963,45
236,1964,61
236,1965,54
236,1966,62
236,1967,82
236,1968,75
236,1969,81
236,1970,100
236,1971,87
236,1972,58
236,1973,77
236,1974,80
236,1975,64
236,1976,62
236,1977,63
236,1978,64
236,1979,53
236,1980,56
236,1981,44
236,1982,56
236,1983,56
236,1984,34
236,1985,43
236,1986,57
236,1987,58
236,1988,69
236,1989,53
236,1990,48
236,1991,28
236,1992,11
236,1993,11
236,1994,4
236,1995,13
236,1996,17
236,1997,2
236,1998,8
236,1999,7
236,2000,11
236,2001,8
236,2002,0
236,2003,5
236,2004,7
236,2005,7
236,2006,6
236,2007,6
236,2008,7
236,2009,7
236,2010,12
236,2011,7
236,2012,15
236,2013,1
237,1961,0
237,1962,0
237,1963,0
237,1964,0
237,1965,0
237,1966,0
237,1967,0
237,1968,0
237,1969,0
237,1970,0
237,1971,0
237,1972,0
237,1973,0
237,1974,0
237,1975,0
237,1976,0
237,1977,1
237,1978,1
237,1979,0
237,1980,1
237,1981,1
237,1982,1
237,1983,1
237,1984,2
237,1985,2
237,1986,2
237,1987,1
237,1988,2
237,1989,2
237,1990,2
237,1991,3
237,1992,3
237,1993,3
237,1994,3
237,1995,3
237,1996,6
237,1997,3
237,1998,2
237,1999,3
237,2000,3
237,2001,6
237,2002,5
237,2003,4
237,2004,7
237,2005,9
237,2006,7
237,2007,8
237,2008,9
237,2009,12
237,2010,18
237,2011,24
237,2012,18
237,2013,12
248,1961,0
248,1962,1
248,1963,1
248,1964,1
248,1965,0
248,1966,0
248,1967,1
248,1968,1
248,1969,1
248,1970,1
248,1971,2
248,1972,1
248,1973,1
248,1974,2
248,1975,1
248,1976,1
248,1977,1
248,1978,2
248,1979,1
248,1980,1
248,1981,1
248,1982,1
248,1983,1
248,1984,1
248,1985,1
248,1986,1
248,1987,2
248,1988,1
248,1989,2
248,1990,1
248,1991,1
249,1961,3
249,1962,4
249,1963,3
249,1964,4
249,1965,4
249,1966,4
249,1967,4
249,1968,8
249,1969,9
249,1970,8
249,1971,9
249,1972,9
249,1973,9
249,1974,10
249,1975,7
249,1976,10
249,1977,10
249,1978,13
249,1979,14
249,1980,16
249,1981,11
249,1982,11
249,1983,9
249,1984,13
249,1985,13
249,1986,11
249,1987,11
249,1988,13
249,1989,13
249,1990,13
249,1991,13
249,1992,12
249,1993,13
249,1994,13
249,1995,14
249,1996,10
249,1997,11
249,1998,11
249,1999,14
249,2000,16
249,2001,17
249,2002,17
249,2003,18
249,2004,17
249,2005,19
249,2006,19
249,2007,21
249,2008,20
249,2009,20
249,2010,18
249,2011,18
249,2012,22
249,2013,20
255,2000,1
255,2001,1
255,2002,1
255,2003,1
255,2004,2
255,2005,2
255,2006,1
255,2007,2
255,2008,2
255,2009,2
255,2010,1
255,2011,2
255,2012,2
255,2013,2
256,2000,0
256,2001,0
256,2002,0
256,2003,0
256,2004,0
256,2005,0
256,2006,0
256,2007,0
256,2008,0
256,2009,0
256,2010,0
256,2011,0
256,2012,0
256,2013,0
276,2012,98
276,2013,72
28,1961,52
28,1962,62
28,1963,70
28,1964,41
28,1965,82
28,1966,44
28,1967,43
28,1968,89
28,1969,66
28,1970,81
28,1971,110
28,1972,93
28,1973,53
28,1974,129
28,1975,76
28,1976,110
28,1977,72
28,1978,88
28,1979,178
28,1980,86
28,1981,128
28,1982,148
28,1983,165
28,1984,171
28,1985,213
28,1986,211
28,1987,167
28,1988,139
28,1989,105
28,1990,119
28,1991,122
28,1992,92
28,1993,138
28,1994,97
28,1995,211
28,1996,209
28,1997,248
28,1998,213
28,1999,157
28,2000,218
28,2001,312
28,2002,342
28,2003,398
28,2004,434
28,2005,413
28,2006,586
28,2007,630
28,2008,634
28,2009,692
28,2010,715
28,2011,789
28,2012,755
28,2013,769
351,1961,153
351,1962,203
351,1963,213
351,1964,205
351,1965,193
351,1966,187
351,1967,194
351,1968,198
351,1969,205
351,1970,186
351,1971,186
351,1972,185
351,1973,180
351,1974,172
351,1975,156
351,1976,162
351,1977,180
351,1978,246
351,1979,273
351,1980,293
351,1981,262
351,1982,298
351,1983,245
351,1984,334
351,1985,368
351,1986,424
351,1987,358
351,1988,317
351,1989,236
351,1990,253
351,1991,309
351,1992,318
351,1993,324
351,1994,341
351,1995,367
351,1996,371
351,1997,401
351,1998,419
351,1999,437
351,2000,461
351,2001,466
351,2002,530
351,2003,543
351,2004,474
351,2005,491
351,2006,505
351,2007,462
351,2008,420
351,2009,490
351,2010,527
351,2011,547
351,2012,545
351,2013,546
37,1961,1
37,1962,2
37,1963,1
37,1964,2
37,1965,2
37,1966,2
37,1967,4
37,1968,6
37,1969,7
37,1970,7
37,1971,7
37,1972,5
37,1973,5
37,1974,6
37,1975,5
37,1976,5
37,1977,5
37,1978,5
37,1979,6
37,1980,6
37,1981,6
37,1982,6
37,1983,5
37,1984,5
37,1985,6
37,1986,6
37,1987,7
37,1988,8
37,1989,7
37,1990,8
37,1991,8
37,1992,8
37,1993,9
37,1994,9
37,1995,9
37,1996,10
37,1997,12
37,1998,14
37,1999,16
37,2000,18
37,2001,16
37,2002,16
37,2003,16
37,2004,16
37,2005,16
37,2006,16
37,2007,16
37,2008,16
37,2009,16
37,2010,16
37,2011,17
37,2012,16
37,2013,16
38,1961,1
38,1962,1
38,1963,1
38,1964,1
38,1965,1
38,1966,0
38,1967,1
38,1968,1
38,1969,1
38,1970,1
38,1971,1
38,1972,1
38,1973,1
38,1974,1
38,1975,1
38,1976,1
38,1977,1
38,1978,2
38,1979,2
38,1980,2
38,1981,2
38,1982,3
38,1983,2
38,1984,1
38,1985,1
38,1986,1
38,1987,1
38,1988,1
38,1989,0
38,1990,1
38,1991,1
38,1992,1
38,1993,0
38,1994,0
38,1995,0
38,1996,0
38,1997,1
38,1998,1
38,1999,1
38,2000,1
38,2001,1
38,2002,0
38,2003,1
38,2004,0
38,2005,1
38,2006,1
38,2007,1
38,2008,1
38,2009,1
38,2010,2
38,2011,1
38,2012,1
38,2013,1
39,1961,0
39,1962,0
39,1963,0
39,1964,0
39,1965,0
39,1966,0
39,1967,0
39,1968,0
39,1969,0
39,1970,0
39,1971,0
39,1972,0
39,1973,0
39,1974,0
39,1975,0
39,1976,0
39,1977,0
39,1978,0
39,1979,0
39,1980,0
39,1981,0
39,1982,0
39,1983,0
39,1984,0
39,1985,0
39,1986,0
39,1987,0
39,1988,0
39,1989,0
39,1990,0
39,1991,0
39,1992,0
39,1993,0
39,1994,0
39,1995,0
39,1996,0
39,1997,0
39,1998,0
39,1999,0
39,2000,0
39,2001,0
39,2002,0
39,2003,0
39,2004,0
39,2005,0
39,2006,0
39,2007,0
39,2008,0
39,2009,0
39,2010,0
39,2011,0
39,2012,0
39,2013,0
41,1961,150
41,1962,200
41,1963,211
41,1964,200
41,1965,190
41,1966,185
41,1967,189
41,1968,193
41,1969,200
41,1970,180
41,1971,180
41,1972,180
41,1973,173
41,1974,164
41,1975,150
41,1976,154
41,1977,171
41,1978,237
41,1979,267
41,1980,282
41,1981,250
41,1982,286
41,1983,234
41,1984,322
41,1985,355
41,1986,409
41,1987,339
41,1988,295
41,1989,218
41,1990,232
41,1991,285
41,1992,292
41,1993,298
41,1994,310
41,1995,337
41,1996,343
41,1997,372
41,1998,393
41,1999,408
41,2000,430
41,2001,437
41,2002,497
41,2003,514
41,2004,438
41,2005,457
41,2006,475
41,2007,435
41,2008,403
41,2009,452
41,2010,488
41,2011,512
41,2012,512
41,2013,512
44,1961,21
44,1962,20
44,1963,24
44,1964,26
44,1965,29
44,1966,20
44,1967,11
44,1968,13
44,1969,16
44,1970,17
44,1971,25
44,1972,24
44,1973,21
44,1974,16
44,1975,19
44,1976,20
44,1977,9
44,1978,5
44,1979,5
44,1980,3
44,1981,3
44,1982,4
44,1983,5
44,1984,5
44,1985,15
44,1986,17
44,1987,10
44,1988,7
44,1989,4
44,1990,2
44,1991,4
44,1992,3
44,1993,9
44,1994,8
44,1995,7
44,1996,8
44,1997,9
44,1998,4
44,1999,4
44,2000,4
44,2001,4
44,2002,3
44,2003,3
44,2004,3
44,2005,2
44,2006,5
44,2007,3
44,2008,3
44,2009,3
44,2010,2
44,2011,2
44,2012,2
44,2013,3
48,1961,0
48,1962,0
48,1963,0
48,1964,0
48,1965,0
48,1966,0
48,1967,0
48,1968,0
48,1969,0
48,1970,0
48,1971,0
48,1972,0
48,1973,0
48,1974,0
48,1975,0
48,1976,0
48,1977,0
48,1978,0
48,1979,0
48,1980,0
48,1981,0
48,1982,0
48,1983,0
48,1984,0
48,1985,0
48,1986,0
48,1987,0
48,1988,0
48,1989,0
48,1990,0
48,1991,0
48,1992,0
48,1993,0
48,1994,0
48,1995,0
48,1996,0
48,1997,0
48,1998,0
48,1999,0
48,2000,0
48,2001,0
48,2002,0
48,2003,0
48,2004,0
48,2005,0
48,2006,1
48,2007,0
48,2008,0
48,2009,0
48,2010,0
48,2011,0
48,2012,0
48,2013,0
50,1961,0
50,1962,0
50,1963,0
50,1964,0
50,1965,0
50,1966,0
50,1967,0
50,1968,0
50,1969,0
50,1970,0
50,1971,0
50,1972,0
50,1973,0
50,1974,0
50,1975,0
50,1976,0
50,1977,0
50,1978,0
50,1979,0
50,1980,0
50,1981,0
50,1982,0
50,1983,0
50,1984,0
50,1985,0
50,1986,0
50,1987,0
50,1988,0
50,1989,0
50,1990,0
50,1991,0
50,1992,0
50,1993,0
50,1994,0
50,1995,0
50,1996,0
50,1997,0
50,1998,0
50,1999,0
50,2000,1
50,2001,1
50,2002,0
50,2003,0
50,2004,0
50,2005,0
50,2006,0
50,2007,0
50,2008,0
50,2009,0
50,2010,0
50,2011,0
50,2012,0
50,2013,0
5000,1961,886
5000,1962,1069
5000,1963,1084
5000,1964,1093
5000,1965,1104
5000,1966,1040
5000,1967,1097
5000,1968,1172
5000,1969,1136
5000,1970,1339
5000,1971,1280
5000,1972,1120
5000,1973,1122
5000,1974,1068
5000,1975,1052
5000,1976,1032
5000,1977,1151
5000,1978,1229
5000,1979,1247
5000,1980,1182
5000,1981,1350
5000,1982,1325
5000,1983,1301
5000,1984,1360
5000,1985,1436
5000,1986,1519
5000,1987,1510
5000,1988,1535
5000,1989,1416
5000,1990,1500
5000,1991,1418
5000,1992,1440
5000,1993,1359
5000,1994,1328
5000,1995,1446
5000,1996,1602
5000,1997,1646
5000,1998,1601
5000,1999,1455
5000,2000,1627
5000,2001,1720
5000,2002,1927
5000,2003,1988
5000,2004,2080
5000,2005,2090
5000,2006,2225
5000,2007,2296
5000,2008,2099
5000,2009,2250
5000,2010,2377
5000,2011,2548
5000,2012,2528
5000,2013,2493
51,1961,2
51,1962,0
51,1963,0
51,1964,0
51,1965,8
51,1966,0
51,1967,0
51,1968,0
51,1969,0
51,1970,0
51,1971,0
51,1972,0
51,1973,0
51,1974,0
51,1975,0
51,1976,0
51,1977,0
51,1978,0
51,1979,0
51,1980,0
51,1981,0
51,1982,0
51,1983,0
51,1984,0
51,1985,0
51,1986,0
51,1987,0
51,1988,0
51,1989,0
51,1990,0
51,1991,0
51,1992,0
5100,1961,46
5100,1962,59
5100,1963,59
5100,1964,48
5100,1965,57
5100,1966,68
5100,1967,74
5100,1968,79
5100,1969,74
5100,1970,194
5100,1971,185
5100,1972,202
5100,1973,144
5100,1974,122
5100,1975,143
5100,1976,109
5100,1977,169
5100,1978,149
5100,1979,191
5100,1980,155
5100,1981,167
5100,1982,122
5100,1983,133
5100,1984,110
5100,1985,111
5100,1986,160
5100,1987,164
5100,1988,151
5100,1989,126
5100,1990,104
5100,1991,85
5100,1992,81
5100,1993,112
5100,1994,126
5100,1995,123
5100,1996,124
5100,1997,131
5100,1998,144
5100,1999,146
5100,2000,202
5100,2001,190
5100,2002,208
5100,2003,208
5100,2004,263
5100,2005,277
5100,2006,250
5100,2007,363
5100,2008,248
5100,2009,257
5100,2010,301
5100,2011,274
5100,2012,323
5100,2013,274
5101,1961,2
5101,1962,2
5101,1963,3
5101,1964,6
5101,1965,4
5101,1966,3
5101,1967,6
5101,1968,6
5101,1969,7
5101,1970,9
5101,1971,7
5101,1972,5
5101,1973,9
5101,1974,11
5101,1975,11
5101,1976,11
5101,1977,16
5101,1978,12
5101,1979,18
5101,1980,12
5101,1981,21
5101,1982,24
5101,1983,25
5101,1984,27
5101,1985,29
5101,1986,30
5101,1987,29
5101,1988,26
5101,1989,27
5101,1990,28
5101,1991,27
5101,1992,24
5101,1993,21
5101,1994,21
5101,1995,22
5101,1996,19
5101,1997,20
5101,1998,17
5101,1999,55
5101,2000,66
5101,2001,64
5101,2002,76
5101,2003,78
5101,2004,92
5101,2005,97
5101,2006,93
5101,2007,187
5101,2008,83
5101,2009,71
5101,2010,130
5101,2011,145
5101,2012,201
5101,2013,179
5102,1961,1
5102,1962,2
5102,1963,1
5102,1964,2
5102,1965,2
5102,1966,2
5102,1967,4
5102,1968,6
5102,1969,7
5102,1970,7
5102,1971,7
5102,1972,5
5102,1973,5
5102,1974,6
5102,1975,5
5102,1976,5
5102,1977,5
5102,1978,5
5102,1979,6
5102,1980,6
5102,1981,6
5102,1982,6
5102,1983,5
5102,1984,5
5102,1985,6
5102,1986,6
5102,1987,7
5102,1988,8
5102,1989,7
5102,1990,8
5102,1991,8
5102,1992,8
5102,1993,9
5102,1994,9
5102,1995,9
5102,1996,10
5102,1997,12
5102,1998,14
5102,1999,16
5102,2000,18
5102,2001,16
5102,2002,16
5102,2003,16
5102,2004,16
5102,2005,16
5102,2006,16
5102,2007,16
5102,2008,16
5102,2009,16
5102,2010,16
5102,2011,17
5102,2012,16
5102,2013,16
5103,1961,43
5103,1962,55
5103,1963,55
5103,1964,40
5103,1965,52
5103,1966,62
5103,1967,64
5103,1968,67
5103,1969,60
5103,1970,178
5103,1971,171
5103,1972,192
5103,1973,130
5103,1974,105
5103,1975,126
5103,1976,93
5103,1977,148
5103,1978,131
5103,1979,167
5103,1980,137
5103,1981,140
5103,1982,92
5103,1983,103
5103,1984,77
5103,1985,60
5103,1986,107
5103,1987,111
5103,1988,99
5103,1989,71
5103,1990,46
5103,1991,26
5103,1992,25
5103,1993,56
5103,1994,67
5103,1995,62
5103,1996,74
5103,1997,78
5103,1998,92
5103,1999,54
5103,2000,97
5103,2001,89
5103,2002,96
5103,2003,93
5103,2004,136
5103,2005,144
5103,2006,129
5103,2007,150
5103,2008,140
5103,2009,162
5103,2010,148
5103,2011,105
5103,2012,98
5103,2013,72
5104,1961,0
5104,1962,0
5104,1963,0
5104,1964,0
5104,1965,0
5104,1966,0
5104,1967,0
5104,1968,0
5104,1969,0
5104,1970,0
5104,1971,0
5104,1972,0
5104,1973,0
5104,1974,0
5104,1975,0
5104,1976,0
5104,1977,0
5104,1978,0
5104,1979,0
5104,1980,0
5104,1981,0
5104,1982,0
5104,1983,0
5104,1984,0
5104,1985,0
5104,1986,0
5104,1987,0
5104,1988,0
5104,1989,0
5104,1990,0
5104,1991,0
5104,1992,0
5104,1993,0
5104,1994,0
5104,1995,1
5104,1996,1
5104,1997,1
5104,1998,1
5104,1999,1
5104,2000,1
5104,2001,1
5104,2002,1
5104,2003,1
5104,2004,1
5104,2005,2
5104,2006,1
5104,2007,2
5104,2008,1
5104,2009,1
5104,2010,1
5104,2011,1
5104,2012,1
5104,2013,1
5105,1961,0
5105,1962,0
5105,1963,0
5105,1964,0
5105,1965,0
5105,1966,0
5105,1967,0
5105,1968,0
5105,1969,0
5105,1970,0
5105,1971,0
5105,1972,0
5105,1973,0
5105,1974,0
5105,1975,0
5105,1976,0
5105,1977,0
5105,1978,0
5105,1979,0
5105,1980,0
5105,1981,0
5105,1982,0
5105,1983,0
5105,1984,0
5105,1985,17
5105,1986,17
5105,1987,17
5105,1988,18
5105,1989,20
5105,1990,22
5105,1991,23
5105,1992,24
5105,1993,26
5105,1994,28
5105,1995,30
5105,1996,20
5105,1997,20
5105,1998,20
5105,1999,20
5105,2000,20
5105,2001,20
5105,2002,20
5105,2003,20
5105,2004,18
5105,2005,18
5105,2006,11
5105,2007,9
5105,2008,8
5105,2009,6
5105,2010,6
5105,2011,6
5105,2012,6
5105,2013,6
5200,1961,193
5200,1962,216
5200,1963,225
5200,1964,252
5200,1965,254
5200,1966,236
5200,1967,240
5200,1968,251
5200,1969,220
5200,1970,229
5200,1971,219
5200,1972,155
5200,1973,161
5200,1974,150
5200,1975,146
5200,1976,143
5200,1977,148
5200,1978,135
5200,1979,129
5200,1980,99
5200,1981,132
5200,1982,103
5200,1983,72
5200,1984,63
5200,1985,77
5200,1986,88
5200,1987,83
5200,1988,85
5200,1989,61
5200,1990,63
5200,1991,43
5200,1992,24
5200,1993,29
5200,1994,18
5200,1995,24
5200,1996,33
5200,1997,21
5200,1998,20
5200,1999,23
5200,2000,32
5200,2001,35
5200,2002,23
5200,2003,21
5200,2004,32
5200,2005,31
5200,2006,31
5200,2007,27
5200,2008,31
5200,2009,34
5200,2010,40
5200,2011,38
5200,2012,48
5200,2013,45
5204,1961,131
5204,1962,147
5204,1963,157
5204,1964,165
5204,1965,170
5204,1966,154
5204,1967,147
5204,1968,162
5204,1969,123
5204,1970,111
5204,1971,107
5204,1972,73
5204,1973,62
5204,1974,54
5204,1975,63
5204,1976,61
5204,1977,76
5204,1978,65
5204,1979,72
5204,1980,39
5204,1981,85
5204,1982,43
5204,1983,11
5204,1984,24
5204,1985,19
5204,1986,14
5204,1987,15
5204,1988,9
5204,1989,4
5204,1990,13
5204,1991,11
5204,1992,10
5204,1993,9
5204,1994,6
5204,1995,5
5204,1996,8
5204,1997,10
5204,1998,8
5204,1999,12
5204,2000,16
5204,2001,23
5204,2002,20
5204,2003,14
5204,2004,22
5204,2005,22
5204,2006,20
5204,2007,18
5204,2008,22
5204,2009,24
5204,2010,25
5204,2011,29
5204,2012,30
5204,2013,41
5207,1961,62
5207,1962,69
5207,1963,69
5207,1964,87
5207,1965,84
5207,1966,81
5207,1967,92
5207,1968,88
5207,1969,98
5207,1970,117
5207,1971,112
5207,1972,82
5207,1973,99
5207,1974,97
5207,1975,83
5207,1976,82
5207,1977,72
5207,1978,70
5207,1979,57
5207,1980,60
5207,1981,47
5207,1982,60
5207,1983,61
5207,1984,39
5207,1985,58
5207,1986,74
5207,1987,69
5207,1988,76
5207,1989,57
5207,1990,50
5207,1991,32
5207,1992,14
5207,1993,21
5207,1994,12
5207,1995,19
5207,1996,25
5207,1997,11
5207,1998,12
5207,1999,12
5207,2000,15
5207,2001,12
5207,2002,3
5207,2003,8
5207,2004,10
5207,2005,8
5207,2006,11
5207,2007,9
5207,2008,10
5207,2009,10
5207,2010,15
5207,2011,9
5207,2012,18
5207,2013,4
5300,1961,602
5300,1962,753
5300,1963,735
5300,1964,735
5300,1965,719
5300,1966,674
5300,1967,719
5300,1968,766
5300,1969,755
5300,1970,852
5300,1971,795
5300,1972,701
5300,1973,742
5300,1974,755
5300,1975,716
5300,1976,748
5300,1977,798
5300,1978,912
5300,1979,892
5300,1980,892
5300,1981,1026
5300,1982,1061
5300,1983,1071
5300,1984,1156
5300,1985,1214
5300,1986,1237
5300,1987,1224
5300,1988,1264
5300,1989,1191
5300,1990,1293
5300,1991,1246
5300,1992,1302
5300,1993,1188
5300,1994,1146
5300,1995,1257
5300,1996,1395
5300,1997,1436
5300,1998,1379
5300,1999,1232
5300,2000,1329
5300,2001,1427
5300,2002,1638
5300,2003,1697
5300,2004,1706
5300,2005,1703
5300,2006,1871
5300,2007,1830
5300,2008,1744
5300,2009,1891
5300,2010,1961
5300,2011,2162
5300,2012,2083
5300,2013,2087
5302,1961,169
5302,1962,220
5302,1963,230
5302,1964,228
5302,1965,215
5302,1966,209
5302,1967,219
5302,1968,223
5302,1969,227
5302,1970,224
5302,1971,224
5302,1972,221
5302,1973,221
5302,1974,214
5302,1975,194
5302,1976,215
5302,1977,227
5302,1978,302
5302,1979,326
5302,1980,340
5302,1981,318
5302,1982,355
5302,1983,328
5302,1984,419
5302,1985,453
5302,1986,515
5302,1987,456
5302,1988,431
5302,1989,336
5302,1990,346
5302,1991,402
5302,1992,420
5302,1993,429
5302,1994,456
5302,1995,465
5302,1996,512
5302,1997,552
5302,1998,559
5302,1999,586
5302,2000,610
5302,2001,614
5302,2002,678
5302,2003,688
5302,2004,631
5302,2005,628
5302,2006,666
5302,2007,604
5302,2008,568
5302,2009,635
5302,2010,671
5302,2011,700
5302,2012,697
5302,2013,706
5303,1961,336
5303,1962,426
5303,1963,384
5303,1964,420
5303,1965,372
5303,1966,371
5303,1967,400
5303,1968,384
5303,1969,403
5303,1970,489
5303,1971,397
5303,1972,337
5303,1973,418
5303,1974,358
5303,1975,394
5303,1976,376
5303,1977,457
5303,1978,473
5303,1979,342
5303,1980,412
5303,1981,534
5303,1982,513
5303,1983,515
5303,1984,489
5303,1985,472
5303,1986,432
5303,1987,513
5303,1988,610
5303,1989,666
5303,1990,725
5303,1991,624
5303,1992,681
5303,1993,508
5303,1994,504
5303,1995,465
5303,1996,554
5303,1997,506
5303,1998,483
5303,1999,378
5303,2000,373
5303,2001,358
5303,2002,455
5303,2003,452
5303,2004,453
5303,2005,457
5303,2006,415
5303,2007,381
5303,2008,338
5303,2009,365
5303,2010,340
5303,2011,431
5303,2012,374
5303,2013,358
5304,1961,59
5304,1962,71
5304,1963,82
5304,1964,51
5304,1965,96
5304,1966,58
5304,1967,61
5304,1968,106
5304,1969,80
5304,1970,96
5304,1971,121
5304,1972,105
5304,1973,69
5304,1974,145
5304,1975,90
5304,1976,122
5304,1977,83
5304,1978,99
5304,1979,185
5304,1980,102
5304,1981,139
5304,1982,156
5304,1983,174
5304,1984,180
5304,1985,225
5304,1986,224
5304,1987,177
5304,1988,148
5304,1989,117
5304,1990,131
5304,1991,135
5304,1992,110
5304,1993,163
5304,1994,112
5304,1995,238
5304,1996,243
5304,1997,281
5304,1998,247
5304,1999,180
5304,2000,251
5304,2001,345
5304,2002,376
5304,2003,431
5304,2004,470
5304,2005,452
5304,2006,626
5304,2007,674
5304,2008,684
5304,2009,745
5304,2010,781
5304,2011,860
5304,2012,828
5304,2013,850
5305,1961,38
5305,1962,36
5305,1963,38
5305,1964,35
5305,1965,35
5305,1966,36
5305,1967,39
5305,1968,53
5305,1969,45
5305,1970,44
5305,1971,53
5305,1972,38
5305,1973,34
5305,1974,38
5305,1975,38
5305,1976,36
5305,1977,31
5305,1978,38
5305,1979,39
5305,1980,37
5305,1981,35
5305,1982,37
5305,1983,54
5305,1984,68
5305,1985,65
5305,1986,66
5305,1987,77
5305,1988,75
5305,1989,73
5305,1990,91
5305,1991,85
5305,1992,90
5305,1993,87
5305,1994,74
5305,1995,89
5305,1996,86
5305,1997,96
5305,1998,91
5305,1999,88
5305,2000,96
5305,2001,110
5305,2002,129
5305,2003,127
5305,2004,152
5305,2005,166
5305,2006,165
5305,2007,171
5305,2008,154
5305,2009,147
5305,2010,169
5305,2011,171
5305,2012,184
5305,2013,173
54,1961,1
54,1962,2
54,1963,2
54,1964,2
54,1965,1
54,1966,2
54,1967,2
54,1968,1
54,1969,1
54,1970,1
54,1971,2
54,1972,2
54,1973,1
54,1974,1
54,1975,2
54,1976,1
54,1977,2
54,1978,2
54,1979,1
54,1980,2
54,1981,1
54,1982,1
54,1983,1
54,1984,1
54,1985,1
54,1986,1
54,1987,1
54,1988,1
54,1989,1
54,1990,2
54,1991,1
54,1992,1
54,1993,1
54,1994,2
54,1995,1
54,1996,1
54,1997,2
54,1998,2
54,1999,2
54,2000,1
54,2001,1
54,2002,1
54,2003,1
54,2004,1
54,2005,1
54,2006,1
54,2007,2
54,2008,2
54,2009,1
54,2010,1
54,2011,2
54,2012,2
54,2013,2
5400,1961,46
5400,1962,41
5400,1963,65
5400,1964,58
5400,1965,74
5400,1966,62
5400,1967,64
5400,1968,76
5400,1969,86
5400,1970,64
5400,1971,81
5400,1972,61
5400,1973,74
5400,1974,39
5400,1975,47
5400,1976,31
5400,1977,34
5400,1978,32
5400,1979,32
5400,1980,34
5400,1981,22
5400,1982,37
5400,1983,23
5400,1984,28
5400,1985,31
5400,1986,30
5400,1987,35
5400,1988,30
5400,1989,33
5400,1990,35
5400,1991,40
5400,1992,28
5400,1993,26
5400,1994,32
5400,1995,37
5400,1996,44
5400,1997,53
5400,1998,51
5400,1999,47
5400,2000,58
5400,2001,62
5400,2002,51
5400,2003,56
5400,2004,73
5400,2005,72
5400,2006,66
5400,2007,69
5400,2008,69
5400,2009,62
5400,2010,69
5400,2011,69
5400,2012,70
5400,2013,82
5401,1961,15
5401,1962,9
5401,1963,11
5401,1964,14
5401,1965,24
5401,1966,3
5401,1967,9
5401,1968,13
5401,1969,15
5401,1970,10
5401,1971,15
5401,1972,9
5401,1973,8
5401,1974,7
5401,1975,14
5401,1976,9
5401,1977,10
5401,1978,11
5401,1979,11
5401,1980,13
5401,1981,10
5401,1982,13
5401,1983,7
5401,1984,9
5401,1985,11
5401,1986,11
5401,1987,12
5401,1988,7
5401,1989,6
5401,1990,6
5401,1991,8
5401,1992,2
5401,1993,4
5401,1994,5
5401,1995,5
5401,1996,6
5401,1997,6
5401,1998,7
5401,1999,8
5401,2000,7
5401,2001,9
5401,2002,8
5401,2003,9
5401,2004,13
5401,2005,12
5401,2006,12
5401,2007,11
5401,2008,11
5401,2009,12
5401,2010,10
5401,2011,10
5401,2012,10
5401,2013,11
5402,1961,1
5402,1962,2
5402,1963,2
5402,1964,2
5402,1965,1
5402,1966,2
5402,1967,2
5402,1968,1
5402,1969,1
5402,1970,1
5402,1971,2
5402,1972,2
5402,1973,1
5402,1974,1
5402,1975,2
5402,1976,1
5402,1977,2
5402,1978,2
5402,1979,1
5402,1980,2
5402,1981,1
5402,1982,1
5402,1983,1
5402,1984,1
5402,1985,1
5402,1986,1
5402,1987,1
5402,1988,1
5402,1989,1
5402,1990,2
5402,1991,1
5402,1992,1
5402,1993,1
5402,1994,2
5402,1995,1
5402,1996,1
5402,1997,2
5402,1998,2
5402,1999,2
5402,2000,1
5402,2001,1
5402,2002,1
5402,2003,1
5402,2004,1
5402,2005,1
5402,2006,1
5402,2007,2
5402,2008,2
5402,2009,1
5402,2010,1
5402,2011,2
5402,2012,2
5402,2013,2
5403,1961,26
5403,1962,26
5403,1963,45
5403,1964,36
5403,1965,41
5403,1966,50
5403,1967,46
5403,1968,53
5403,1969,62
5403,1970,50
5403,1971,61
5403,1972,49
5403,1973,58
5403,1974,29
5403,1975,30
5403,1976,17
5403,1977,20
5403,1978,16
5403,1979,16
5403,1980,15
5403,1981,7
5403,1982,17
5403,1983,10
5403,1984,12
5403,1985,11
5403,1986,10
5403,1987,11
5403,1988,10
5403,1989,13
5403,1990,11
5403,1991,14
5403,1992,8
5403,1993,7
5403,1994,8
5403,1995,11
5403,1996,16
5403,1997,14
5403,1998,15
5403,1999,10
5403,2000,15
5403,2001,15
5403,2002,18
5403,2003,17
5403,2004,18
5403,2005,18
5403,2006,19
5403,2007,20
5403,2008,20
5403,2009,17
5403,2010,18
5403,2011,15
5403,2012,18
5403,2013,25
5404,1961,4
5404,1962,4
5404,1963,7
5404,1964,6
5404,1965,8
5404,1966,7
5404,1967,7
5404,1968,9
5404,1969,7
5404,1970,3
5404,1971,2
5404,1972,1
5404,1973,6
5404,1974,2
5404,1975,2
5404,1976,3
5404,1977,3
5404,1978,3
5404,1979,4
5404,1980,5
5404,1981,5
5404,1982,4
5404,1983,6
5404,1984,6
5404,1985,8
5404,1986,9
5404,1987,11
5404,1988,11
5404,1989,12
5404,1990,16
5404,1991,17
5404,1992,17
5404,1993,14
5404,1994,17
5404,1995,20
5404,1996,21
5404,1997,31
5404,1998,27
5404,1999,27
5404,2000,35
5404,2001,36
5404,2002,24
5404,2003,28
5404,2004,40
5404,2005,41
5404,2006,34
5404,2007,37
5404,2008,37
5404,2009,33
5404,2010,40
5404,2011,42
5404,2012,40
5404,2013,44
5500,1961,0
5500,1962,0
5500,1963,0
5500,1964,0
5500,1965,0
5500,1966,0
5500,1967,0
5500,1968,0
5500,1969,0
5500,1970,0
5500,1971,1
5500,1972,1
5500,1973,1
5500,1974,1
5500,1975,1
5500,1976,1
5500,1977,1
5500,1978,1
5500,1979,2
5500,1980,2
5500,1981,2
5500,1982,2
5500,1983,2
5500,1984,3
5500,1985,3
5500,1986,3
5500,1987,4
5500,1988,4
5500,1989,6
5500,1990,5
5500,1991,4
5500,1992,5
5500,1993,4
5500,1994,6
5500,1995,5
5500,1996,6
5500,1997,5
5500,1998,6
5500,1999,6
5500,2000,5
5500,2001,6
5500,2002,7
5500,2003,6
5500,2004,7
5500,2005,6
5500,2006,6
5500,2007,6
5500,2008,6
5500,2009,6
5500,2010,6
5500,2011,6
5500,2012,5
5500,2013,6
5501,1961,0
5501,1962,0
5501,1963,0
5501,1964,0
5501,1965,0
5501,1966,0
5501,1967,0
5501,1968,0
5501,1969,0
5501,1970,0
5501,1971,1
5501,1972,1
5501,1973,1
5501,1974,1
5501,1975,1
5501,1976,1
5501,1977,1
5501,1978,1
5501,1979,2
5501,1980,2
5501,1981,2
5501,1982,2
5501,1983,2
5501,1984,3
5501,1985,3
5501,1986,3
5501,1987,4
5501,1988,4
5501,1989,6
5501,1990,5
5501,1991,4
5501,1992,5
5501,1993,4
5501,1994,6
5501,1995,5
5501,1996,6
5501,1997,5
5501,1998,6
5501,1999,6
5501,2000,5
5501,2001,6
5501,2002,7
5501,2003,6
5501,2004,7
5501,2005,6
5501,2006,6
5501,2007,6
5501,2008,6
5501,2009,6
5501,2010,6
5501,2011,6
5501,2012,5
5501,2013,6
5706,1961,32
5706,1962,31
5706,1963,53
5706,1964,45
5706,1965,58
5706,1966,62
5706,1967,56
5706,1968,66
5706,1969,73
5706,1970,54
5706,1971,70
5706,1972,53
5706,1973,68
5706,1974,33
5706,1975,38
5706,1976,24
5706,1977,28
5706,1978,22
5706,1979,25
5706,1980,22
5706,1981,13
5706,1982,23
5706,1983,17
5706,1984,21
5706,1985,21
5706,1986,19
5706,1987,24
5706,1988,24
5706,1989,26
5706,1990,29
5706,1991,32
5706,1992,28
5706,1993,25
5706,1994,31
5706,1995,37
5706,1996,44
5706,1997,52
5706,1998,51
5706,1999,47
5706,2000,59
5706,2001,62
5706,2002,51
5706,2003,55
5706,2004,72
5706,2005,71
5706,2006,66
5706,2007,69
5706,2008,69
5706,2009,61
5706,2010,68
5706,2011,68
5706,2012,69
5706,2013,81
5801,1961,132
5801,1962,155
5801,1963,161
5801,1964,120
5801,1965,174
5801,1966,150
5801,1967,159
5801,1968,215
5801,1969,186
5801,1970,318
5801,1971,333
5801,1972,328
5801,1973,230
5801,1974,289
5801,1975,261
5801,1976,262
5801,1977,286
5801,1978,300
5801,1979,440
5801,1980,303
5801,1981,370
5801,1982,347
5801,1983,372
5801,1984,349
5801,1985,383
5801,1986,424
5801,1987,375
5801,1988,333
5801,1989,275
5801,1990,268
5801,1991,248
5801,1992,220
5801,1993,299
5801,1994,263
5801,1995,374
5801,1996,376
5801,1997,426
5801,1998,405
5801,1999,327
5801,2000,447
5801,2001,529
5801,2002,579
5801,2003,637
5801,2004,732
5801,2005,729
5801,2006,873
5801,2007,1034
5801,2008,924
5801,2009,988
5801,2010,1047
5801,2011,1105
5801,2012,1119
5801,2013,1071
5802,1961,7
5802,1962,7
5802,1963,6
5802,1964,8
5802,1965,9
5802,1966,10
5802,1967,12
5802,1968,15
5802,1969,15
5802,1970,16
5802,1971,9
5802,1972,5
5802,1973,6
5802,1974,7
5802,1975,13
5802,1976,11
5802,1977,11
5802,1978,6
5802,1979,15
5802,1980,7
5802,1981,18
5802,1982,17
5802,1983,16
5802,1984,17
5802,1985,17
5802,1986,18
5802,1987,12
5802,1988,14
5802,1989,12
5802,1990,16
5802,1991,18
5802,1992,21
5802,1993,19
5802,1994,20
5802,1995,20
5802,1996,20
5802,1997,22
5802,1998,24
5802,1999,61
5802,2000,71
5802,2001,73
5802,2002,74
5802,2003,76
5802,2004,72
5802,2005,72
5802,2006,74
5802,2007,79
5802,2008,81
5802,2009,78
5802,2010,77
5802,2011,83
5802,2012,85
5802,2013,75
5815,1961,380
5815,1962,482
5815,1963,439
5815,1964,465
5815,1965,427
5815,1966,436
5815,1967,471
5815,1968,462
5815,1969,477
5815,1970,684
5815,1971,586
5815,1972,544
5815,1973,565
5815,1974,486
5815,1975,537
5815,1976,488
5815,1977,630
5815,1978,627
5815,1979,539
5815,1980,574
5815,1981,701
5815,1982,627
5815,1983,638
5815,1984,588
5815,1985,577
5815,1986,579
5815,1987,667
5815,1988,752
5815,1989,785
5815,1990,823
5815,1991,704
5815,1992,754
5815,1993,611
5815,1994,622
5815,1995,583
5815,1996,663
5815,1997,628
5815,1998,613
5815,1999,515
5815,2000,564
5815,2001,537
5815,2002,645
5815,2003,644
5815,2004,697
5815,2005,715
5815,2006,645
5815,2007,721
5815,2008,555
5815,2009,598
5815,2010,605
5815,2011,660
5815,2012,682
5815,2013,614
5817,1961,186
5817,1962,215
5817,1963,219
5817,1964,195
5817,1965,239
5817,1966,223
5817,1967,253
5817,1968,301
5817,1969,279
5817,1970,432
5817,1971,440
5817,1972,399
5817,1973,323
5817,1974,381
5817,1975,338
5817,1976,338
5817,1977,363
5817,1978,386
5817,1979,514
5817,1980,380
5817,1981,435
5817,1982,425
5817,1983,446
5817,1984,404
5817,1985,448
5817,1986,500
5817,1987,451
5817,1988,421
5817,1989,348
5817,1990,328
5817,1991,288
5817,1992,251
5817,1993,346
5817,1994,290
5817,1995,411
5817,1996,427
5817,1997,467
5817,1998,444
5817,1999,357
5817,2000,484
5817,2001,567
5817,2002,602
5817,2003,664
5817,2004,762
5817,2005,758
5817,2006,910
5817,2007,1067
5817,2008,947
5817,2009,1012
5817,2010,1094
5817,2011,1145
5817,2012,1157
5817,2013,1093
60,1961,0
60,1962,0
60,1963,0
60,1964,0
60,1965,0
60,1966,0
60,1967,0
60,1968,0
60,1969,0
60,1970,0
60,1971,0
60,1972,0
60,1973,0
60,1974,0
60,1975,0
60,1976,0
60,1977,0
60,1978,0
60,1979,0
60,1980,0
60,1981,0
60,1982,0
60,1983,0
60,1984,0
60,1985,0
60,1986,0
60,1987,0
60,1988,0
60,1989,0
60,1990,0
60,1991,0
60,1992,0
60,1993,0
60,1994,1
60,1995,0
60,1996,0
60,1997,0
60,1998,0
60,1999,0
60,2000,0
60,2001,0
60,2002,0
60,2003,0
60,2004,0
60,2005,0
60,2006,0
60,2007,0
60,2008,0
60,2009,0
60,2010,0
60,2011,0
60,2012,0
60,2013,0
62,1961,2
62,1962,2
62,1963,2
62,1964,2
62,1965,2
62,1966,2
62,1967,2
62,1968,2
62,1969,3
62,1970,3
62,1971,3
62,1972,3
62,1973,3
62,1974,4
62,1975,4
62,1976,4
62,1977,4
62,1978,4
62,1979,4
62,1980,4
62,1981,4
62,1982,4
62,1983,4
62,1984,4
62,1985,4
62,1986,4
62,1987,4
62,1988,4
62,1989,4
62,1990,4
62,1991,4
62,1992,4
67,1961,0
67,1962,0
67,1963,0
67,1964,0
67,1965,0
67,1966,0
67,1967,0
67,1968,0
67,1969,0
67,1970,0
67,1971,0
67,1972,0
67,1973,0
67,1974,0
67,1975,0
67,1976,0
67,1977,0
67,1978,0
67,1979,0
67,1980,0
67,1981,0
67,1982,0
67,1983,0
67,1984,0
67,1985,0
67,1986,0
67,1987,0
67,1988,0
67,1989,0
67,1990,0
67,1991,0
67,1992,0
67,1993,0
67,1994,0
67,1995,0
67,1996,0
67,1997,0
67,1998,0
67,1999,0
67,2000,0
67,2001,0
67,2002,0
67,2003,0
67,2004,0
67,2005,0
67,2006,0
67,2007,0
67,2008,0
67,2009,0
67,2010,0
67,2011,0
67,2012,0
67,2013,0
68,1961,0
68,1962,0
68,1963,1
68,1964,0
68,1965,2
68,1966,1
68,1967,0
68,1968,0
68,1969,1
68,1970,0
68,1971,0
68,1972,0
68,1973,0
68,1974,1
68,1975,0
68,1976,1
68,1977,0
68,1978,1
68,1979,1
68,1980,1
68,1981,1
68,1982,1
68,1983,1
68,1984,1
68,1985,1
68,1986,1
68,1987,1
68,1988,2
68,1989,2
68,1990,2
68,1991,2
68,1992,2
68,1993,2
68,1994,2
68,1995,3
68,1996,3
68,1997,5
68,1998,4
68,1999,4
68,2000,4
68,2001,5
68,2002,5
68,2003,6
68,2004,6
68,2005,7
68,2006,7
68,2007,8
68,2008,8
68,2009,9
68,2010,10
68,2011,10
68,2012,10
68,2013,10
79,1961,0
79,1962,0
79,1963,0
79,1964,0
79,1965,0
79,1966,0
79,1967,0
79,1968,2
79,1969,6
79,1970,3
79,1971,1
79,1972,1
79,1973,5
79,1974,1
79,1975,1
79,1976,2
79,1977,2
79,1978,3
79,1979,3
79,1980,4
79,1981,4
79,1982,3
79,1983,5
79,1984,5
79,1985,7
79,1986,7
79,1987,9
79,1988,10
79,1989,10
79,1990,11
79,1991,12
79,1992,13
79,1993,10
79,1994,12
79,1995,14
79,1996,12
79,1997,14
79,1998,14
79,1999,13
79,2000,14
79,2001,16
79,2002,15
79,2003,15
79,2004,22
79,2005,22
79,2006,22
79,2007,23
79,2008,23
79,2009,19
79,2010,26
79,2011,27
79,2012,26
79,2013,26
84,1961,3
84,1962,3
84,1963,7
84,1964,4
84,1965,2
84,1966,4
84,1967,4
84,1968,3
84,1969,5
84,1970,6
84,1971,5
84,1972,4
84,1973,5
84,1974,5
84,1975,4
84,1976,5
84,1977,5
84,1978,6
84,1979,6
84,1980,5
84,1981,4
84,1982,5
84,1983,5
84,1984,5
84,1985,5
84,1986,4
84,1987,5
84,1988,7
84,1989,8
84,1990,6
84,1991,9
84,1992,4
84,1993,3
84,1994,4
84,1995,7
84,1996,11
84,1997,9
84,1998,11
84,1999,6
84,2000,10
84,2001,10
84,2002,11
84,2003,11
84,2004,12
84,2005,11
84,2006,12
84,2007,13
84,2008,13
84,2009,10
84,2010,11
84,2011,7
84,2012,10
84,2013,15
89,1961,0
89,1962,0
89,1963,0
89,1964,0
89,1965,0
89,1966,0
89,1967,0
89,1968,0
89,1969,0
89,1970,0
89,1971,0
89,1972,0
89,1973,0
89,1974,0
89,1975,0
89,1976,0
89,1977,0
89,1978,0
89,1979,0
89,1980,0
89,1981,0
89,1982,0
89,1983,0
89,1984,0
89,1985,0
89,1986,0
89,1987,0
89,1988,0
89,1989,0
89,1990,0
89,1991,0
89,1992,0
89,1993,0
89,1994,0
89,1995,0
89,1996,1
89,1997,0
89,1998,0
89,1999,1
89,2000,1
89,2001,1
89,2002,1
89,2003,1
89,2004,1
89,2005,1
89,2006,1
89,2007,1
89,2008,1
89,2009,1
89,2010,1
89,2011,1
89,2012,1
89,2013,13
95,1961,0
95,1962,0
95,1963,0
95,1964,0
95,1965,0
95,1966,0
95,1967,0
95,1968,0
95,1969,0
95,1970,1
95,1971,1
95,1972,0
95,1973,0
95,1974,0
95,1975,0
95,1976,0
95,1977,0
95,1978,0
95,1979,0
95,1980,0
95,1981,1
95,1982,4
95,1983,3
95,1984,2
95,1985,1
95,1986,1
95,1987,1
95,1988,1
95,1989,0
95,1990,0
95,1991,0
95,1992,0
95,1993,0
95,1994,0
95,1995,0
95,1996,0
95,1997,1
95,1998,1
95,1999,0
95,2000,0
95,2001,0
95,2002,0
95,2003,1
95,2004,0
95,2005,0
95,2006,0
95,2007,0
95,2008,0
95,2009,1
95,2010,1
95,2011,1
95,2012,0
95,2013,0
