geo,year,pulp_for_paper_export_quantity_fea2
1,2001,0
1,2002,0
1,2003,0
1,2004,0
1,2005,0
1,2006,0
1,2007,0
1,2008,0
1,2009,34
1,2010,4
1,2011,0
1,2012,0
1,2013,0
1,2014,0
1,2015,0
1,2016,25
1,2017,0
1,2018,0
1,2019,0
10,1975,8000
10,1976,4500
10,1977,4500
10,1978,4500
10,1979,100
10,1980,100
10,1981,3800
10,1982,3800
10,1987,0
10,1989,0
10,1990,2200
10,1991,2200
10,1992,7602
10,1993,724
10,1994,0
10,1995,0
10,1996,0
10,1997,0
10,1998,0
10,1999,0
10,2000,1600
10,2001,2000
10,2002,3500
10,2003,3000
10,2004,4000
10,2005,6000
10,2006,10000
10,2007,10000
10,2008,17000
10,2009,19000
10,2010,16317
10,2011,11443
10,2012,543
10,2013,3045
10,2014,3013
10,2015,376
10,2016,415
10,2017,135
10,2018,601
10,2019,245
100,1969,5100
100,1970,7900
100,1971,1600
100,1972,1600
100,1973,100
100,1976,700
100,1987,0
100,1992,286
100,1993,1045
100,1994,1045
100,1995,4490
100,1996,2400
100,1997,2700
100,1998,1300
100,1999,1900
100,2000,16800
100,2001,25500
100,2002,25500
100,2003,25500
100,2004,13594
100,2005,13574
100,2006,4698
100,2007,4698
100,2008,20989
100,2009,3779
100,2010,1764
100,2011,953
100,2012,2649
100,2013,1675
100,2014,5488
100,2015,14033
100,2016,13543
100,2017,2811
100,2018,10263
100,2019,6366
101,1989,87000
101,1990,130000
101,1991,128600
101,1992,116522
101,1993,114775
101,1994,126621
101,1995,568892
101,1996,1128600
101,1997,1285300
101,1998,1634400
101,1999,1176100
101,2000,1352800
101,2001,1697900
101,2002,2245066
101,2003,2375587
101,2004,1676813
101,2005,2468880
101,2006,2761539
101,2007,2327919
101,2008,2622019
101,2009,2194681
101,2010,2546711
101,2011,2934514
101,2012,3196640
101,2013,3719189
101,2014,3498132
101,2015,3402171
101,2016,3534620
101,2017,4452167
101,2018,4088674
101,2019,4693832
102,1997,2264
102,1998,0
102,1999,0
102,2000,0
102,2001,0
102,2002,0
102,2003,60
102,2004,60
102,2005,11
102,2006,11
102,2007,11
102,2008,11
102,2009,11
102,2010,182
102,2011,182
102,2012,182
102,2013,182
102,2014,183
102,2015,457
102,2016,1866
102,2017,990
102,2018,19017
102,2019,3833
103,1993,0
103,1994,0
103,1995,0
103,1996,0
103,1997,0
103,1998,0
103,1999,23
103,2000,23
103,2001,23
103,2002,23
103,2003,23
103,2004,23
103,2005,23
103,2006,23
103,2007,23
103,2008,23
103,2009,23
103,2010,23
103,2011,23
103,2012,29
103,2013,29
103,2014,29
103,2015,29
103,2016,29
103,2017,29
103,2018,29
103,2019,29
104,1974,700
104,1976,20600
104,1977,24800
104,1978,25500
104,1979,32300
104,1980,30600
104,1981,100
104,1982,1300
104,1987,0
104,1992,378
104,1993,627
104,1994,264
104,1995,0
104,1996,0
104,1997,0
104,1998,0
104,1999,1000
104,2000,0
104,2001,4000
104,2002,415
104,2003,524
104,2004,1140
104,2005,1172
104,2006,560
104,2007,2010
104,2008,60
104,2009,37
104,2010,578
104,2011,66
104,2012,6
104,2013,149
104,2014,1
104,2015,2
104,2016,4002
104,2017,1410
104,2018,36
104,2019,36
105,1992,229
105,1993,0
105,1994,1030
105,1995,925
105,1996,0
105,1997,0
105,1998,0
105,1999,13637
105,2000,12976
105,2001,12892
105,2002,8121
105,2003,9592
105,2004,6028
105,2005,9485
105,2006,10524
105,2007,12370
105,2008,8646
105,2009,9595
105,2010,1171
105,2011,6701
105,2012,1178
105,2013,1180
105,2014,509
105,2015,31
105,2016,31
105,2017,31
105,2018,31
105,2019,0
106,1961,100
106,1962,100
106,1966,3800
106,1967,2300
106,1968,2200
106,1969,1300
106,1970,3000
106,1971,3200
106,1972,2200
106,1973,700
106,1974,4200
106,1975,5100
106,1976,6000
106,1977,3340
106,1978,1100
106,1979,1800
106,1980,10900
106,1981,14100
106,1982,19800
106,1983,40500
106,1984,60100
106,1985,63000
106,1986,53400
106,1987,45700
106,1988,57700
106,1989,68900
106,1990,71700
106,1991,60500
106,1992,21522
106,1993,40297
106,1994,32400
106,1995,19800
106,1996,20200
106,1997,12500
106,1998,15100
106,1999,18000
106,2000,22336
106,2001,23000
106,2002,17176
106,2003,18971
106,2004,22022
106,2005,34159
106,2006,29890
106,2007,40955
106,2008,45268
106,2009,27972
106,2010,27833
106,2011,34850
106,2012,37632
106,2013,36337
106,2014,35016
106,2015,52615
106,2016,90593
106,2017,122295
106,2018,196285
106,2019,117654
107,2012,263
107,2013,1421
107,2014,0
107,2015,0
107,2016,0
107,2017,0
107,2018,0
107,2019,0
108,1998,0
108,1999,0
108,2000,0
108,2001,0
108,2002,0
108,2003,200
108,2004,200
108,2005,200
108,2006,0
108,2007,0
108,2008,0
108,2009,0
108,2010,0
108,2011,162
108,2012,794
108,2013,1351
108,2014,1532
108,2015,1532
108,2016,1532
108,2017,1532
108,2018,1217
108,2019,886
109,2011,17
109,2012,21
109,2013,0
109,2014,57
109,2015,0
109,2016,50
109,2017,26
109,2018,26
109,2019,26
11,1961,4700
11,1962,5100
11,1963,4600
11,1964,3900
11,1965,2900
11,1966,1900
11,1967,1600
11,1968,145200
11,1969,146600
11,1970,131900
11,1971,112300
11,1972,108300
11,1973,92500
11,1974,113200
11,1975,116500
11,1976,148200
11,1977,130000
11,1978,180500
11,1979,231700
11,1980,248400
11,1981,258100
11,1982,229900
11,1983,241100
11,1984,257400
11,1985,287400
11,1986,335900
11,1987,298500
11,1988,261100
11,1989,246600
11,1990,207200
11,1991,168000
11,1992,181233
11,1993,196538
11,1994,226000
11,1995,223800
11,1996,265900
11,1997,281700
11,1998,282300
11,1999,378000
11,2000,321000
11,2001,329000
11,2002,321350
11,2003,295000
11,2004,259000
11,2005,249002
11,2006,228200
11,2007,292011
11,2008,271701
11,2009,294819
11,2010,346657
11,2011,375755
11,2012,363378
11,2013,308416
11,2014,202470
11,2015,161555
11,2016,274074
11,2017,276948
11,2018,310604
11,2019,306646
110,1968,2000
110,1969,11000
110,1970,11000
110,1971,47300
110,1972,45800
110,1973,48600
110,1974,221500
110,1975,140100
110,1976,135800
110,1977,153048
110,1978,93800
110,1979,107100
110,1980,98900
110,1981,103300
110,1982,65500
110,1983,43500
110,1984,30100
110,1985,14700
110,1986,36000
110,1987,15500
110,1988,11000
110,1989,9000
110,1990,16900
110,1991,9200
110,1992,7457
110,1993,5847
110,1994,12800
110,1995,62800
110,1996,76500
110,1997,61100
110,1998,43000
110,1999,81000
110,2000,121080
110,2001,93000
110,2002,107000
110,2003,167600
110,2004,179000
110,2005,175000
110,2006,210000
110,2007,211000
110,2008,176500
110,2009,140500
110,2010,381499
110,2011,373693
110,2012,323039
110,2013,425787
110,2014,347895
110,2015,329129
110,2016,236387
110,2017,251219
110,2018,272697
110,2019,218130
112,1992,24
112,1993,25
112,1994,0
112,1995,0
112,1996,0
112,1997,0
112,1998,0
112,1999,0
112,2000,0
112,2001,0
112,2002,0
112,2003,0
112,2004,0
112,2005,0
112,2006,0
112,2007,0
112,2008,1698
112,2009,2465
112,2010,320
112,2011,357
112,2012,357
112,2013,1719
112,2014,1167
112,2015,1045
112,2016,187
112,2017,136
112,2018,2979
112,2019,1459
113,1999,0
113,2000,0
113,2001,0
113,2002,0
113,2003,0
113,2004,0
113,2005,0
113,2006,0
113,2007,0
113,2008,0
113,2009,0
113,2010,0
113,2011,77
113,2012,0
113,2013,0
113,2014,0
113,2015,0
113,2016,0
113,2017,0
113,2018,0
113,2019,0
114,1992,18
114,1993,18
114,1994,1
114,1995,25
114,1996,1
114,1997,1
114,1998,0
114,1999,0
114,2000,0
114,2001,0
114,2002,0
114,2003,0
114,2004,7
114,2005,7
114,2006,7
114,2007,20
114,2008,53
114,2009,53
114,2010,27
114,2011,27
114,2012,115
114,2013,117
114,2014,102
114,2015,112
114,2016,30
114,2017,26
114,2018,26
114,2019,26
115,2006,25
115,2007,111
115,2008,111
115,2009,111
115,2010,111
115,2011,111
115,2012,111
115,2013,111
115,2014,25
115,2015,25
115,2016,25
115,2017,25
115,2018,25
115,2019,25
116,1995,7
116,1996,7
116,1997,387
116,1998,100
116,1999,100
116,2000,100
116,2001,400
116,2002,400
116,2003,400
116,2004,400
116,2005,400
116,2006,400
116,2007,400
116,2008,130
116,2009,94
116,2010,2046
116,2011,468
116,2012,610
116,2013,433
116,2014,433
116,2015,433
116,2016,550
116,2017,559
116,2018,559
116,2019,559
117,1992,395
117,1993,536
117,1994,28600
117,1995,17900
117,1996,450
117,1997,2300
117,1998,1000
117,1999,0
117,2000,0
117,2001,0
117,2002,0
117,2003,0
117,2004,0
117,2005,0
117,2006,0
117,2007,80
117,2008,168
117,2009,83928
117,2010,81206
117,2011,31134
117,2012,12395
117,2013,13297
117,2014,3547
117,2015,3723
117,2016,12764
117,2017,24190
117,2018,36789
117,2019,41264
118,2008,670
118,2009,670
118,2010,670
118,2011,1626
118,2012,1626
118,2013,1368
118,2014,957
118,2015,957
118,2016,957
118,2017,957
118,2018,957
118,2019,957
119,1993,0
119,1994,0
119,1995,0
119,1996,0
119,1997,0
119,1998,0
119,1999,0
119,2000,0
119,2001,0
119,2002,0
119,2003,1
119,2004,4
119,2005,11
119,2006,5
119,2007,21
119,2008,151
119,2009,173
119,2010,34
119,2011,65
119,2012,100
119,2013,106
119,2014,108
119,2015,2
119,2016,6147
119,2017,2987
119,2018,2987
119,2019,2987
12,1994,0
12,1995,0
12,1996,0
12,1997,0
12,1998,0
12,1999,0
12,2000,0
12,2001,0
12,2002,0
12,2003,0
12,2004,0
12,2005,0
12,2006,91
12,2007,91
12,2008,199
12,2009,199
12,2010,199
12,2011,199
12,2012,199
12,2013,199
12,2014,199
12,2015,199
12,2016,199
12,2017,199
12,2018,199
12,2019,199
120,2009,29
120,2010,29
120,2011,29
120,2012,29
120,2013,29
120,2014,100
120,2015,49
120,2016,32
120,2017,32
120,2018,127844
120,2019,156122
121,1992,0
121,1994,0
121,1995,0
121,1996,0
121,1997,0
121,1998,0
121,1999,0
121,2000,0
121,2001,0
121,2002,0
121,2003,0
121,2004,49
121,2005,49
121,2006,49
121,2007,49
121,2008,49
121,2009,49
121,2010,101
121,2011,76
121,2012,332
121,2013,109
121,2014,39
121,2015,39
121,2016,103
121,2017,109
121,2018,244
121,2019,178
122,2019,3
123,2019,49
124,1992,0
124,1994,0
124,1995,0
124,1996,0
124,1997,0
124,1998,0
124,1999,0
124,2000,0
124,2001,0
124,2002,0
124,2003,0
124,2004,0
124,2005,0
124,2006,0
124,2007,0
124,2008,0
124,2009,0
124,2010,0
124,2011,0
124,2012,0
124,2013,0
124,2014,0
124,2015,0
124,2016,3
124,2017,3
124,2018,3
124,2019,3
125,2006,0
125,2007,0
125,2008,0
125,2009,0
125,2010,0
125,2011,0
125,2012,0
125,2013,0
125,2014,0
125,2015,0
125,2016,0
125,2017,0
125,2018,0
125,2019,0
126,1992,2300
126,1993,2200
126,1994,800
126,1995,3900
126,1996,12700
126,1997,10100
126,1998,12600
126,1999,4059
126,2000,6343
126,2001,4380
126,2002,1970
126,2003,0
126,2004,67
126,2005,370
126,2006,274
126,2007,535
126,2008,219
126,2009,75
126,2010,14722
126,2011,34049
126,2012,40916
126,2013,31903
126,2014,23741
126,2015,11868
126,2016,13499
126,2017,9636
126,2018,5509
126,2019,11322
128,1997,8
128,1998,0
128,1999,0
128,2000,0
128,2001,0
128,2002,0
128,2003,15
128,2004,0
128,2005,0
128,2006,0
128,2007,0
128,2008,0
128,2009,0
128,2010,0
128,2011,0
128,2012,0
128,2013,0
128,2014,0
128,2015,0
128,2016,0
128,2017,0
128,2018,0
128,2019,0
129,1992,0
129,1994,0
129,1995,0
129,1996,0
129,1997,0
129,1998,0
129,1999,0
129,2000,0
129,2001,0
129,2002,0
129,2003,0
129,2004,0
129,2005,0
129,2006,0
129,2007,0
129,2008,0
129,2009,0
129,2010,0
129,2011,0
129,2012,0
129,2013,0
129,2014,0
129,2015,0
129,2016,0
129,2017,0
129,2018,0
129,2019,0
13,2007,200
13,2008,255
13,2009,255
13,2010,263
13,2011,263
13,2012,263
13,2013,263
13,2014,311
13,2015,567
13,2016,559
13,2017,559
13,2018,559
13,2019,537
130,2009,1033
130,2010,1033
130,2011,1033
130,2012,2029
130,2013,29
130,2014,0
130,2015,0
130,2016,0
130,2017,29
130,2018,29
130,2019,29
131,1992,50
131,1994,0
131,1995,0
131,1996,0
131,1997,0
131,1998,0
131,1999,0
131,2000,0
131,2001,0
131,2002,992
131,2003,8632
131,2004,15542
131,2005,15967
131,2006,13622
131,2007,13622
131,2008,10174
131,2009,8600
131,2010,10502
131,2011,19599
131,2012,56892
131,2013,68629
131,2014,69101
131,2015,62497
131,2016,712
131,2017,1232
131,2018,3214
131,2019,8384
133,2014,9
133,2015,9
133,2016,9
133,2017,0
133,2018,0
133,2019,0
134,1998,0
134,1999,0
134,2000,0
134,2001,0
134,2002,0
134,2003,1
134,2004,20
134,2005,0
134,2006,0
134,2007,0
134,2008,0
134,2009,0
134,2010,0
134,2011,0
134,2012,0
134,2013,0
134,2014,0
134,2015,0
134,2016,0
134,2017,0
134,2018,0
134,2019,0
137,2010,3
137,2011,3
137,2012,3
137,2013,3
137,2014,3
137,2015,36
137,2016,36
137,2017,36
137,2018,36
137,2019,41
138,1961,300
138,1962,1300
138,1964,6800
138,1965,8100
138,1966,12200
138,1967,8600
138,1968,11200
138,1969,15900
138,1970,12600
138,1971,4400
138,1972,4400
138,1973,4400
138,1974,4400
138,1975,4400
138,1976,4400
138,1977,9200
138,1978,9200
138,1979,9200
138,1980,12100
138,1981,12100
138,1982,18300
138,1983,18300
138,1984,18300
138,1987,0
138,1990,1500
138,1991,1100
138,1992,2994
138,1993,3534
138,1994,3279
138,1995,9000
138,1996,22400
138,1997,9200
138,1998,700
138,1999,600
138,2000,13000
138,2001,37100
138,2002,37100
138,2003,37100
138,2004,37100
138,2005,20000
138,2006,20000
138,2007,25
138,2008,68
138,2009,123
138,2010,28
138,2011,53
138,2012,132
138,2013,67
138,2014,136
138,2015,68
138,2016,6910
138,2017,13220
138,2018,3083
138,2019,3408
14,1993,0
14,1994,0
14,1995,1134
14,1996,0
14,1997,0
14,1998,0
14,1999,0
14,2000,0
14,2001,0
14,2002,0
14,2003,20
14,2004,20
14,2005,20
14,2006,21
14,2007,34
14,2008,34
14,2009,309
14,2010,46
14,2011,46
14,2012,44
14,2013,44
14,2014,31
14,2015,31
14,2016,31
14,2017,31
14,2018,31
14,2019,31
141,1995,0
141,1996,0
141,1997,0
141,1998,0
141,1999,0
141,2000,0
141,2001,0
141,2002,0
141,2003,0
141,2004,0
141,2005,0
141,2006,0
141,2007,0
141,2008,98
141,2009,98
141,2010,98
141,2011,98
141,2012,98
141,2013,98
141,2014,98
141,2015,159
141,2016,159
141,2017,159
141,2018,159
141,2019,159
143,1968,34900
143,1969,39500
143,1970,41000
143,1971,43600
143,1972,31200
143,1973,31200
143,1974,47100
143,1975,30900
143,1976,41900
143,1977,33400
143,1978,49400
143,1979,63400
143,1980,69000
143,1981,59200
143,1982,55700
143,1983,63000
143,1984,66600
143,1985,60600
143,1986,60600
143,1987,80800
143,1988,98600
143,1989,85200
143,1990,82200
143,1991,68500
143,1992,80923
143,1993,74200
143,1994,109200
143,1995,72700
143,1996,68300
143,1997,102000
143,1998,73000
143,1999,124000
143,2000,114000
143,2001,63000
143,2002,115000
143,2003,214098
143,2004,102272
143,2005,102272
143,2006,123194
143,2007,121268
143,2008,87741
143,2009,109001
143,2010,125584
143,2011,96344
143,2012,109459
143,2013,19238
143,2014,332
143,2015,780
143,2016,66
143,2017,64
143,2018,68
143,2019,119
144,2013,199
144,2014,199
144,2015,199
144,2016,200
144,2017,200
144,2018,200
144,2019,200
146,1992,0
146,1998,642
146,1999,642
146,2000,642
146,2001,642
146,2002,642
146,2003,642
146,2004,642
146,2005,642
146,2006,0
146,2007,0
146,2008,0
146,2009,0
146,2010,0
146,2011,0
146,2012,0
146,2013,0
146,2014,0
146,2015,0
146,2016,0
146,2017,0
146,2018,0
146,2019,0
147,2011,1
147,2012,2
147,2013,8
147,2014,2
147,2015,0
147,2016,0
147,2019,105
149,1995,32
149,1996,32
149,1997,241
149,1998,410
149,1999,245
149,2000,245
149,2001,245
149,2002,492
149,2003,923
149,2004,1807
149,2005,1807
149,2006,1796
149,2007,803
149,2008,1262
149,2009,112
149,2010,1107
149,2011,456
149,2012,685
149,2013,695
149,2014,320
149,2015,555
149,2016,831
149,2017,408
149,2018,408
149,2019,140
15,1961,100
15,1962,100
15,1968,83900
15,1969,100400
15,1970,96300
15,1971,95900
15,1972,117000
15,1973,164200
15,1974,139100
15,1975,69500
15,1976,134100
15,1977,137300
15,1978,156200
15,1979,152100
15,1980,143400
15,1981,138100
15,1982,138100
15,1983,140200
15,1984,153500
15,1985,153500
15,1986,157000
15,1987,180200
15,1988,194800
15,1989,197700
15,1990,205100
15,1991,215800
15,1992,253035
15,1993,116664
15,1994,118484
15,1995,142600
15,1996,174600
15,1997,186700
15,1998,186700
15,1999,452000
150,1964,22400
150,1965,12000
150,1966,9500
150,1967,8200
150,1968,9200
150,1969,15000
150,1970,17000
150,1971,8600
150,1972,9600
150,1973,11600
150,1974,14200
150,1975,12600
150,1976,10300
150,1977,4800
150,1978,2600
150,1979,7800
150,1980,5600
150,1981,2900
150,1982,2500
150,1983,900
150,1984,1000
150,1985,3900
150,1986,3200
150,1987,2300
150,1988,2200
150,1989,3500
150,1990,7600
150,1991,4800
150,1992,18257
150,1993,72904
150,1994,164100
150,1995,231200
150,1996,258300
150,1997,281400
150,1998,325600
150,1999,358000
150,2000,354000
150,2001,266400
150,2002,137200
150,2003,309100
150,2004,327700
150,2005,480900
150,2006,494500
150,2007,409068
150,2008,599700
150,2009,1528138
150,2010,1889864
150,2011,942600
150,2012,2293634
150,2013,762671
150,2014,627921
150,2015,480731
150,2016,873000
150,2017,1046100
150,2018,1014200
150,2019,807600
153,2004,1
153,2005,1
153,2006,1
153,2007,1
153,2008,1
153,2009,1
153,2010,1
153,2011,1
153,2012,0
153,2013,0
153,2014,0
153,2015,0
153,2016,0
153,2019,14
154,1998,0
154,1999,0
154,2000,0
154,2001,0
154,2002,0
154,2003,0
154,2004,1
154,2005,0
154,2006,0
154,2007,1
154,2008,1
154,2009,1
154,2010,35
154,2011,38
154,2012,3
154,2013,4
154,2014,65
154,2015,72
154,2016,82
154,2017,317
154,2018,122
154,2019,122
156,1967,100
156,1968,94000
156,1969,79500
156,1970,95200
156,1971,97400
156,1972,109000
156,1973,141500
156,1974,232000
156,1975,327200
156,1976,370100
156,1977,447300
156,1978,430400
156,1979,463800
156,1980,475000
156,1981,514200
156,1982,416900
156,1983,470500
156,1984,458900
156,1985,428200
156,1986,503800
156,1987,483400
156,1988,483400
156,1989,567900
156,1990,625600
156,1991,648200
156,1992,637142
156,1993,698627
156,1994,665600
156,1995,640900
156,1996,679800
156,1997,586000
156,1998,708000
156,1999,627000
156,2000,742000
156,2001,795000
156,2002,768000
156,2003,675000
156,2004,861000
156,2005,837000
156,2006,838000
156,2007,867000
156,2008,791000
156,2009,882789
156,2010,780806
156,2011,814884
156,2012,852791
156,2013,882754
156,2014,894444
156,2015,934670
156,2016,928004
156,2017,946391
156,2018,888825
156,2019,967046
157,2008,1
157,2009,1
157,2010,1
157,2011,1
157,2012,23
157,2013,34
157,2014,23
157,2015,23
157,2016,23
157,2017,23
157,2018,23
157,2019,23
158,1998,0
158,1999,0
158,2000,0
158,2001,0
158,2002,0
158,2003,0
158,2004,0
158,2005,0
158,2006,0
158,2007,0
158,2008,2
158,2009,2
158,2010,2
158,2011,2
158,2012,2
158,2013,2
158,2014,2
158,2015,2
158,2016,2
158,2017,2
158,2018,2
158,2019,2
159,2008,1066
159,2009,1066
159,2010,1066
159,2011,20
159,2012,318
159,2013,865
159,2014,845
159,2015,845
159,2016,144
159,2017,144
159,2018,144
159,2019,144
16,2009,160
16,2010,263
16,2011,263
16,2012,263
16,2013,263
16,2014,263
16,2015,263
16,2016,8
16,2017,7
16,2018,8
16,2019,6
160,1992,0
160,1994,0
160,1995,0
160,1996,0
160,1997,0
160,1998,0
160,1999,0
160,2000,0
160,2001,0
160,2002,0
160,2003,0
160,2004,0
160,2005,0
160,2006,0
160,2007,0
160,2008,0
160,2009,0
160,2010,0
160,2011,0
160,2012,0
160,2013,0
160,2014,0
160,2015,0
160,2016,0
160,2017,0
160,2018,0
160,2019,0
161,2019,46
162,1961,477100
162,1962,465600
162,1963,485000
162,1964,558800
162,1965,552700
162,1966,564600
162,1967,530200
162,1968,834100
162,1969,855700
162,1970,912300
162,1971,710400
162,1972,739400
162,1973,875800
162,1974,850100
162,1975,538300
162,1976,551300
162,1977,471600
162,1978,514100
162,1979,464600
162,1980,406600
162,1981,420100
162,1982,391400
162,1983,403000
162,1984,456400
162,1985,460000
162,1986,428400
162,1987,449200
162,1988,428600
162,1989,466800
162,1990,479100
162,1991,443200
162,1992,455632
162,1993,402983
162,1994,477400
162,1995,459500
162,1996,389500
162,1997,397000
162,1998,392000
162,1999,418000
162,2000,408000
162,2001,499000
162,2002,485000
162,2003,506439
162,2004,520125
162,2005,535563
162,2006,487552
162,2007,492747
162,2008,489737
162,2009,385619
162,2010,441067
162,2011,451015
162,2012,373353
162,2013,306736
162,2014,210758
162,2015,181188
162,2016,184919
162,2017,224588
162,2018,243872
162,2019,197317
165,2010,2215
165,2011,1649
165,2012,1407
165,2013,1753
165,2014,849
165,2015,721
165,2016,452
165,2017,148
165,2018,40
165,2019,29
166,1992,0
166,1993,0
166,1994,0
166,1995,0
166,1996,0
166,1997,0
166,1998,0
166,1999,0
166,2000,0
166,2001,0
166,2002,0
166,2003,0
166,2004,0
166,2005,0
166,2006,0
166,2007,0
166,2008,0
166,2009,0
166,2010,0
166,2011,0
166,2012,0
166,2013,0
166,2014,0
166,2015,478
166,2016,657
166,2017,26
166,2018,0
166,2019,0
167,1993,174296
167,1994,203296
167,1995,191000
167,1996,224700
167,1997,225000
167,1998,245300
167,1999,258100
167,2000,290000
167,2001,318000
167,2002,332000
167,2003,338000
167,2004,345040
167,2005,362580
167,2006,346422
167,2007,369200
167,2008,351279
167,2009,420405
167,2010,386008
167,2011,326146
167,2012,247010
167,2013,187191
167,2014,148152
167,2015,25597
167,2016,21320
167,2017,20702
167,2018,8663
167,2019,41865
168,1994,0
168,1995,0
168,1996,0
168,1997,0
168,1998,0
168,1999,0
168,2000,0
168,2001,0
168,2002,0
168,2003,0
168,2004,0
168,2005,0
168,2006,0
168,2007,0
168,2008,0
168,2009,0
168,2010,0
168,2011,0
168,2012,305
168,2013,305
168,2014,305
168,2015,305
168,2016,305
168,2017,305
168,2018,305
168,2019,305
169,1994,0
169,1995,0
169,1996,0
169,1997,0
169,1998,0
169,1999,0
169,2000,0
169,2001,0
169,2002,0
169,2003,0
169,2004,0
169,2005,0
169,2006,0
169,2007,0
169,2008,0
169,2009,0
169,2010,0
169,2011,0
169,2012,0
169,2013,0
169,2014,156
169,2015,156
169,2016,156
169,2017,156
169,2018,156
169,2019,156
170,1969,200
170,1970,200
170,1971,3300
170,1972,600
170,1987,0
170,1993,24
170,1994,0
170,1995,0
170,1996,0
170,1997,0
170,1998,0
170,1999,0
170,2000,0
170,2001,0
170,2002,0
170,2003,0
170,2004,0
170,2005,0
170,2006,0
170,2007,0
170,2008,17
170,2009,21
170,2010,179
170,2011,179
170,2012,19
170,2013,20
170,2014,134
170,2015,134
170,2016,4
170,2017,32
170,2018,32
170,2019,1038
171,1972,900
171,1973,12200
171,1974,6000
171,1975,1800
171,1976,1800
171,1977,1800
171,1978,1800
171,1979,5600
171,1980,5500
171,1981,10100
171,1982,7500
171,1983,7200
171,1984,6000
171,1985,6900
171,1986,4800
171,1987,7800
171,1988,9200
171,1989,17400
171,1990,19100
171,1991,20000
171,1992,12505
171,1993,11400
171,1994,12000
171,1995,12000
171,1996,14050
171,1997,14508
171,1998,16168
171,1999,14215
171,2000,16892
171,2001,16425
171,2002,17550
171,2003,20370
171,2004,22142
171,2005,24857
171,2006,24227
171,2007,20241
171,2008,19833
171,2009,12950
171,2010,23439
171,2011,31553
171,2012,23115
171,2013,18087
171,2014,23035
171,2015,28412
171,2016,26592
171,2017,20838
171,2018,16345
171,2019,28537
173,1968,27000
173,1969,54000
173,1970,16000
173,1971,9000
173,1972,12000
173,1973,11000
173,1974,6000
173,1975,1000
173,1976,2000
173,1977,2000
173,1978,2000
173,1979,2000
173,1980,2000
173,1981,2000
173,1982,4600
173,1983,35100
173,1984,32600
173,1985,34900
173,1986,19000
173,1987,17000
173,1988,14000
173,1989,15000
173,1990,25200
173,1991,25200
173,1992,45490
173,1993,46430
173,1994,53500
173,1995,49600
173,1996,65900
173,1997,59600
173,1998,48200
173,1999,36900
173,2000,33300
173,2001,36100
173,2002,28500
173,2003,34200
173,2004,40602
173,2005,42300
173,2006,30600
173,2007,17939
173,2008,21526
173,2009,22641
173,2010,30630
173,2011,37833
173,2012,18981
173,2013,89352
173,2014,162689
173,2015,168097
173,2016,171988
173,2017,193097
173,2018,151509
173,2019,97528
174,1964,100
174,1968,202500
174,1969,272900
174,1970,340300
174,1971,291100
174,1972,459200
174,1973,464100
174,1974,363300
174,1975,264800
174,1976,359400
174,1977,317500
174,1978,290500
174,1979,344800
174,1980,443400
174,1981,452800
174,1982,514000
174,1983,603000
174,1984,661900
174,1985,878600
174,1986,890000
174,1987,1013000
174,1988,1019000
174,1989,1009900
174,1990,1066300
174,1991,1105000
174,1992,1046053
174,1993,916060
174,1994,1060000
174,1995,970500
174,1996,999500
174,1997,1087000
174,1998,1070159
174,1999,1145000
174,2000,969099
174,2001,982000
174,2002,962000
174,2003,961000
174,2004,933000
174,2005,762000
174,2006,1038044
174,2007,1040000
174,2008,945257
174,2009,1149440
174,2010,831029
174,2011,1013367
174,2012,1076389
174,2013,1166202
174,2014,1144197
174,2015,1143088
174,2016,1134419
174,2017,1075025
174,2018,1083125
174,2019,1149501
175,2012,193
175,2013,193
175,2014,193
175,2015,193
175,2016,193
175,2017,193
175,2018,193
175,2019,193
176,2010,1
176,2011,1
176,2012,1
176,2013,1
176,2014,1
176,2015,1
176,2016,1
176,2017,1
176,2018,1
176,2019,1
178,2004,436
178,2005,436
178,2006,436
178,2007,436
178,2008,436
178,2009,436
178,2010,436
178,2011,436
178,2012,436
178,2013,436
178,2014,436
178,2015,436
178,2016,166
178,2017,166
178,2018,166
178,2019,166
179,1992,0
179,1994,0
179,1995,0
179,1996,0
179,1997,0
179,1998,0
179,1999,0
179,2000,0
179,2001,0
179,2002,0
179,2003,0
179,2004,0
179,2005,0
179,2006,1
179,2007,1
179,2008,27
179,2009,27
179,2010,27
179,2011,174
179,2012,203
179,2013,203
179,2014,71
179,2015,71
179,2016,71
179,2017,71
179,2018,48
179,2019,48
18,1997,19
18,1998,19
18,1999,19
18,2000,19
18,2001,19
18,2002,19
18,2003,19
18,2004,19
18,2005,19
18,2006,19
18,2007,19
18,2008,19
18,2009,19
18,2010,19
18,2011,19
18,2012,19
18,2013,19
18,2014,19
18,2015,19
18,2016,97
18,2017,97
18,2018,97
18,2019,97
181,1995,0
181,1996,0
181,1997,0
181,1998,0
181,1999,0
181,2000,0
181,2001,0
181,2002,0
181,2003,0
181,2004,16
181,2005,16
181,2006,16
181,2007,16
181,2008,15
181,2009,15
181,2010,15
181,2011,15
181,2012,15
181,2013,15
181,2014,10
181,2015,2000
181,2016,300
181,2017,716
181,2018,416
181,2019,25
182,1994,2
182,1995,2
182,1996,2
182,1997,2
182,1998,2
182,1999,2
182,2000,2
182,2001,2
182,2002,2
182,2003,2
182,2004,2
182,2005,2
182,2006,2
182,2007,2
182,2008,2
182,2009,2
182,2010,2
182,2011,2
182,2012,2
182,2013,2
182,2014,2
182,2015,2
182,2016,2
182,2017,2
182,2018,2
182,2019,2
183,1968,39300
183,1969,39700
183,1970,32400
183,1971,32300
183,1972,41900
183,1973,44700
183,1974,60500
183,1975,60600
183,1976,55900
183,1977,36400
183,1978,33800
183,1979,31400
183,1980,26000
183,1981,17000
183,1982,3000
183,1983,3000
183,1984,3000
183,1985,3000
183,1986,3000
183,1987,3000
183,1988,3000
183,1989,3000
183,1990,3000
183,1991,3000
183,1992,3041
183,1993,3000
183,1994,1104
183,1995,4000
183,1996,4100
183,1997,2700
183,1998,2300
183,1999,9900
183,2000,31200
183,2001,25400
183,2002,30100
183,2003,48800
183,2004,32000
183,2005,15000
183,2006,2000
183,2007,9003
183,2008,4321
183,2009,8706
183,2010,1289
183,2011,3942
183,2012,797
183,2013,138
183,2014,1650
183,2015,124
183,2016,36
183,2017,1516
183,2018,991
183,2019,14495
184,1993,0
184,1994,0
184,1995,0
184,1996,0
184,1997,0
184,1998,0
184,1999,0
184,2000,0
184,2001,0
184,2002,0
184,2003,0
184,2004,0
184,2005,0
184,2006,0
184,2007,0
184,2008,0
184,2009,0
184,2010,0
184,2011,0
184,2012,0
184,2013,0
184,2014,0
184,2015,0
184,2016,0
184,2017,0
184,2018,0
184,2019,0
185,1992,804635
185,1993,1014275
185,1994,884700
185,1995,1258300
185,1996,1013000
185,1997,938000
185,1998,1025000
185,1999,1346000
185,2000,1614600
185,2001,1715000
185,2002,1800000
185,2003,1806000
185,2004,1744000
185,2005,1808000
185,2006,1780000
185,2007,1735000
185,2008,1875000
185,2009,1713442
185,2010,1850623
185,2011,1980090
185,2012,2194856
185,2013,1948618
185,2014,2061693
185,2015,2227608
185,2016,2300480
185,2017,2258872
185,2018,2255689
185,2019,2191246
186,1992,47732
186,1993,24726
186,1994,13000
186,1995,13000
186,1996,13100
186,1997,25100
186,1998,27900
186,1999,15500
186,2000,32400
186,2001,26300
186,2002,28200
186,2003,3000
186,2004,8000
186,2005,1000
19,1992,0
19,1993,0
19,1994,0
19,1995,0
19,1996,0
19,1997,0
19,1998,0
19,1999,0
19,2000,0
19,2001,0
19,2002,0
19,2003,0
19,2004,0
19,2005,0
19,2006,0
19,2007,0
19,2008,912
19,2009,1152
19,2010,1152
19,2011,934
19,2012,656
19,2013,93
19,2014,0
19,2015,0
19,2016,0
19,2017,0
19,2018,0
19,2019,0
190,1994,0
190,1995,0
190,1996,0
190,1997,0
190,1998,0
190,1999,0
190,2000,0
190,2001,0
190,2002,0
190,2003,0
190,2004,0
190,2005,0
190,2006,0
190,2007,0
190,2008,0
190,2009,0
190,2010,0
190,2011,0
190,2012,0
190,2013,0
190,2014,0
190,2015,0
190,2016,0
190,2017,0
190,2018,0
190,2019,0
194,1992,0
194,1993,638
194,1994,1521
194,1995,1138
194,1996,1138
194,1997,1138
194,1998,100
194,1999,0
194,2000,0
194,2001,0
194,2002,0
194,2003,0
194,2004,0
194,2005,0
194,2006,0
194,2007,0
194,2008,0
194,2009,0
194,2010,420
194,2011,3030
194,2012,1079
194,2013,465
194,2014,1308
194,2015,548
194,2016,1976
194,2017,224
194,2018,653
194,2019,308
195,2015,2
195,2016,28
195,2017,3
195,2018,3
195,2019,3
196,2019,0
197,1994,0
197,1995,0
197,1996,400
197,1997,400
197,1998,400
197,1999,1200
197,2000,1339
197,2001,1339
197,2002,1132
197,2003,1412
197,2004,685
197,2005,685
197,2006,685
197,2007,685
197,2008,685
197,2009,685
197,2010,685
197,2011,685
197,2012,685
197,2013,685
197,2014,508
197,2015,508
197,2016,508
197,2017,508
197,2018,508
197,2019,508
198,1992,43200
198,1993,19808
198,1994,32200
198,1995,48600
198,1996,36000
198,1997,59000
198,1998,47000
198,1999,54000
198,2000,35380
198,2001,39200
198,2002,26570
198,2003,37955
198,2004,31015
198,2005,44806
198,2006,24685
198,2007,66
198,2008,58
198,2009,180
198,2010,26
198,2011,349
198,2012,2129
198,2013,4065
198,2014,30243
198,2015,8320
198,2016,8874
198,2017,6172
198,2018,5029
198,2019,8469
199,1993,5100
199,1994,66000
199,1995,56000
199,1996,51000
199,1997,600
199,1998,70200
199,1999,117012
199,2000,75000
199,2001,94000
199,2002,101000
199,2003,119000
199,2004,109000
199,2005,105000
199,2006,92000
199,2007,123000
199,2008,130110
199,2009,136787
199,2010,161636
199,2011,172416
199,2012,195831
199,2013,182635
199,2014,231515
199,2015,265325
199,2016,220275
199,2017,248019
199,2018,221614
199,2019,227468
2,1995,0
2,1996,0
2,1997,0
2,1998,0
2,1999,0
2,2000,0
2,2001,0
2,2002,0
2,2003,19
2,2004,19
2,2005,19
2,2006,19
2,2007,19
2,2008,19
2,2009,19
2,2010,19
2,2011,19
2,2012,19
2,2013,19
2,2014,19
2,2015,19
2,2016,19
2,2017,19
2,2018,22
2,2019,22
20,2013,2
20,2014,0
20,2015,0
20,2016,0
20,2017,0
20,2018,0
20,2019,0
200,1968,100
200,1969,200
200,1970,100
200,1971,1200
200,1972,1300
200,1973,500
200,1974,1500
200,1975,200
200,1976,600
200,1977,200
200,1978,100
200,1979,300
200,1980,500
200,1981,300
200,1982,100
200,1983,2100
200,1984,9200
200,1985,5600
200,1986,14400
200,1987,13700
200,1988,25000
200,1989,10100
200,1990,12400
200,1991,22800
200,1992,14960
200,1993,10156
200,1994,25211
200,1995,19400
200,1996,16300
200,1997,16300
200,1998,351000
200,1999,143500
200,2000,143500
200,2001,86300
200,2002,86300
200,2003,3569
200,2004,42
200,2005,119
200,2006,10198
200,2007,2251
200,2008,2589
200,2009,21270
200,2010,35958
200,2011,49585
200,2012,100621
200,2013,396696
200,2014,523309
200,2015,461945
200,2016,767129
200,2017,469388
200,2018,902390
200,2019,777196
201,1997,23
201,1998,23
201,1999,23
201,2000,23
201,2001,23
201,2002,43
201,2003,93
201,2004,93
201,2005,93
201,2006,93
201,2007,93
201,2008,93
201,2009,93
201,2010,93
201,2011,93
201,2012,93
201,2013,93
201,2014,20
201,2015,20
201,2016,20
201,2017,20
201,2018,20
201,2019,20
202,1965,25000
202,1968,76200
202,1969,94600
202,1970,74000
202,1971,103500
202,1972,116000
202,1973,134900
202,1974,134900
202,1975,134900
202,1976,141800
202,1977,181600
202,1978,219700
202,1979,233400
202,1980,174500
202,1981,58000
202,1982,117700
202,1983,116000
202,1984,101900
202,1985,100000
202,1986,110000
202,1987,120000
202,1988,120000
202,1989,165000
202,1990,160000
202,1991,160000
202,1992,217944
202,1993,255080
202,1994,340232
202,1995,393846
202,1996,465042
202,1997,221942
202,1998,259042
202,1999,284200
202,2000,284200
202,2001,195300
202,2002,223300
202,2003,293795
202,2004,184743
202,2005,228657
202,2006,209914
202,2007,187406
202,2008,205392
202,2009,312791
202,2010,217743
202,2011,301074
202,2012,157102
202,2013,125094
202,2014,187823
202,2015,163637
202,2016,179923
202,2017,225245
202,2018,178985
202,2019,187656
203,1961,3000
203,1962,2400
203,1963,3400
203,1964,2500
203,1965,2900
203,1966,1200
203,1968,29600
203,1969,19400
203,1970,20700
203,1971,14900
203,1972,16100
203,1973,46800
203,1974,51200
203,1975,63300
203,1976,77200
203,1977,95100
203,1978,121700
203,1979,128700
203,1980,186300
203,1981,183300
203,1982,170000
203,1983,335000
203,1984,300000
203,1985,336500
203,1986,434500
203,1987,510700
203,1988,543000
203,1989,545700
203,1990,515900
203,1991,599000
203,1992,589660
203,1993,596727
203,1994,722000
203,1995,637400
203,1996,655500
203,1997,748400
203,1998,705000
203,1999,635000
203,2000,799567
203,2001,796800
203,2002,720000
203,2003,846000
203,2004,963000
203,2005,930297
203,2006,990654
203,2007,1123122
203,2008,894267
203,2009,853969
203,2010,881639
203,2011,1129494
203,2012,1157014
203,2013,1179530
203,2014,1053240
203,2015,681188
203,2016,921455
203,2017,953151
203,2018,927435
203,2019,924027
206,2003,25
206,2004,586
206,2005,586
206,2006,586
206,2007,586
206,2008,586
206,2009,586
206,2010,525
209,1968,90000
209,1969,84000
209,1970,98000
209,1971,100000
209,1972,125000
209,1973,136000
209,1974,136000
209,1975,90000
209,1976,180000
209,1977,123000
209,1978,150000
209,1979,161000
209,1980,156000
209,1981,156700
209,1982,126000
209,1983,126000
209,1984,178000
209,1985,174000
209,1986,174000
209,1987,174000
209,1988,174000
209,1989,154400
209,1990,154400
209,1991,154400
209,1992,154400
209,1993,193400
209,1994,193400
209,1995,107000
209,1996,210000
209,1997,210000
209,1998,210000
209,1999,210000
209,2000,210000
209,2001,210000
209,2002,197700
209,2003,156300
209,2004,182900
209,2005,156300
209,2006,159300
209,2007,173600
209,2008,147400
209,2009,101349
209,2010,14505
209,2011,0
209,2012,0
209,2013,0
209,2014,0
209,2015,0
209,2016,0
209,2017,0
209,2018,0
209,2019,938
21,1961,400
21,1962,4100
21,1963,400
21,1964,3500
21,1965,8500
21,1966,6200
21,1967,2800
21,1968,12200
21,1969,26700
21,1970,39400
21,1971,32600
21,1972,140700
21,1973,193800
21,1974,133700
21,1975,153200
21,1976,140600
21,1977,94600
21,1978,267900
21,1979,582400
21,1980,890500
21,1981,951000
21,1982,824600
21,1983,986100
21,1984,975600
21,1985,927700
21,1986,879500
21,1987,814400
21,1988,1062000
21,1989,1001500
21,1990,1035200
21,1991,1376800
21,1992,1678323
21,1993,2043397
21,1994,2060373
21,1995,1957905
21,1996,2171700
21,1997,2387400
21,1998,2699632
21,1999,3014100
21,2000,2916297
21,2001,3270485
21,2002,3336904
21,2003,4466352
21,2004,4888692
21,2005,5440787
21,2006,6161164
21,2007,6495259
21,2008,7051020
21,2009,8233166
21,2010,8381019
21,2011,8481373
21,2012,8513677
21,2013,9429878
21,2014,10615281
21,2015,11536621
21,2016,12905353
21,2017,13199600
21,2018,14598520
21,2019,14934588
210,1961,415100
210,1962,361400
210,1963,401900
210,1964,449500
210,1965,453200
210,1966,461900
210,1967,389900
210,1968,3268400
210,1969,3364100
210,1970,3487600
210,1971,3090800
210,1972,3446300
210,1973,4445100
210,1974,4376000
210,1975,3083300
210,1976,3110400
210,1977,3022300
210,1978,3676400
210,1979,3345600
210,1980,2970500
210,1981,2813600
210,1982,2426400
210,1983,3029600
210,1984,3227100
210,1985,3005000
210,1986,2946000
210,1987,3063900
210,1988,3111400
210,1989,2913400
210,1990,2767700
210,1991,2777000
210,1992,2815482
210,1993,2863800
210,1994,2837000
210,1995,2522000
210,1996,2609000
210,1997,2733100
210,1998,2764600
210,1999,2869000
210,2000,2974770
210,2001,2909190
210,2002,3281165
210,2003,3295681
210,2004,3387628
210,2005,3377224
210,2006,3163000
210,2007,3302000
210,2008,3412170
210,2009,3124031
210,2010,3054662
210,2011,2923678
210,2012,2934736
210,2013,2944566
210,2014,2921646
210,2015,2956268
210,2016,2978210
210,2017,3034941
210,2018,3332413
210,2019,3896868
211,1961,6600
211,1962,5700
211,1963,5100
211,1964,3300
211,1965,2200
211,1966,2800
211,1967,1800
211,1968,10800
211,1969,14600
211,1970,17500
211,1971,9400
211,1972,9300
211,1973,15500
211,1974,16300
211,1975,10200
211,1976,9900
211,1977,18352
211,1978,14200
211,1979,34100
211,1980,27400
211,1981,25000
211,1982,29000
211,1983,42000
211,1984,50000
211,1985,50000
211,1986,58000
211,1987,61000
211,1988,62000
211,1989,53000
211,1990,55000
211,1991,68000
211,1992,113266
211,1993,82096
211,1994,91900
211,1995,80000
211,1996,96400
211,1997,122800
211,1998,125125
211,1999,132000
211,2000,134830
211,2001,133310
211,2002,124529
211,2003,94580
211,2004,79799
211,2005,69380
211,2006,31331
211,2007,15049
211,2008,21906
211,2009,9743
211,2010,10727
211,2011,28806
211,2012,27872
211,2013,13820
211,2014,10256
211,2015,21284
211,2016,17357
211,2017,16521
211,2018,6814
211,2019,3574
212,1992,130
212,1993,130
212,1994,130
212,1995,0
212,1996,0
212,1997,0
212,1998,0
212,1999,0
212,2000,0
212,2001,0
212,2002,0
212,2003,0
212,2004,0
212,2005,0
212,2006,0
212,2007,0
212,2008,0
212,2009,0
212,2010,0
212,2011,8
212,2012,8
212,2013,8
212,2014,8
212,2015,8
212,2016,8
212,2017,8
212,2018,8
212,2019,8
213,2012,0
213,2013,0
213,2014,0
213,2015,0
213,2016,0
213,2017,0
213,2018,0
213,2019,0
214,1961,5100
214,1962,9700
214,1963,14300
214,1964,17400
214,1965,18700
214,1966,21800
214,1967,21000
214,1968,18300
214,1969,28200
214,1970,42500
214,1971,62500
214,1972,66300
214,1973,26100
214,1974,24600
214,1975,18900
214,1976,28200
214,1977,29300
214,1978,42000
214,1979,45500
214,1980,45900
214,1981,47600
214,1982,81100
214,1983,63700
214,1984,30400
214,1985,68100
214,1986,92000
214,1987,80700
214,1988,105800
214,1989,90600
214,1990,92300
214,1991,14500
214,1992,48635
214,1993,10099
214,1994,5416
214,1995,12000
214,1996,2400
214,1997,3500
214,1998,1200
214,1999,19350
214,2000,21300
214,2001,21000
214,2002,21255
214,2003,21846
214,2004,18514
214,2005,18894
214,2006,36516
214,2007,43469
214,2008,19795
214,2009,14132
214,2010,42373
214,2011,27532
214,2012,29524
214,2013,37003
214,2014,42805
214,2015,65173
214,2016,136800
214,2017,193225
214,2018,142189
214,2019,5586
215,1993,10
215,1994,10
215,1995,10
215,1996,10
215,1997,10
215,1998,160
215,1999,160
215,2000,60
215,2001,60
215,2002,60
215,2003,422
215,2004,2351
215,2005,2351
215,2006,75
215,2007,75
215,2008,75
215,2009,75
215,2010,910
215,2011,953
215,2012,969
215,2013,1392
215,2014,56
215,2015,54
215,2016,134
215,2017,170
215,2018,165
215,2019,165
216,1988,11900
216,1989,27100
216,1990,900
216,1991,26100
216,1992,25190
216,1993,59094
216,1994,56800
216,1995,98900
216,1996,131400
216,1997,102600
216,1998,214000
216,1999,227000
216,2000,250020
216,2001,341020
216,2002,191001
216,2003,191029
216,2004,191728
216,2005,186452
216,2006,221204
216,2007,258334
216,2008,198621
216,2009,169712
216,2010,134538
216,2011,157171
216,2012,108715
216,2013,108715
216,2014,116874
216,2015,126086
216,2016,110244
216,2017,101049
216,2018,113377
216,2019,80320
217,2007,25
217,2008,25
217,2009,25
217,2010,25
217,2011,38
217,2012,38
217,2013,38
217,2014,13
217,2015,13
217,2016,13
217,2017,35
217,2018,35
217,2019,35
220,1964,7500
220,1965,3000
220,1966,2700
220,1979,0
220,1980,0
220,1981,0
220,1987,0
220,1994,0
220,1995,0
220,1996,0
220,1997,0
220,1998,0
220,1999,0
220,2000,0
220,2001,0
220,2002,0
220,2003,0
220,2004,0
220,2005,0
220,2006,0
220,2007,0
220,2008,0
220,2009,0
220,2010,0
220,2011,0
220,2012,0
220,2013,0
220,2014,0
220,2015,0
220,2016,0
220,2017,49
220,2018,49
220,2019,49
221,1995,0
221,1996,0
221,1997,0
221,1998,0
221,1999,0
221,2000,0
221,2001,0
221,2002,0
221,2003,0
221,2004,4
221,2005,4
221,2006,4
221,2007,4
221,2008,4
221,2009,4
221,2010,197
221,2011,197
221,2012,171
221,2013,216
221,2014,49
221,2015,49
221,2016,49
221,2017,69
221,2018,710
221,2019,710
222,1964,8900
222,1965,11600
222,1966,19700
222,1967,19700
222,1968,18200
222,1969,20800
222,1970,18500
222,1971,19100
222,1972,16900
222,1973,15700
222,1974,14600
222,1975,14600
222,1976,12800
222,1977,16200
222,1978,18500
222,1979,14300
222,1980,14300
222,1981,12800
222,1982,9800
222,1983,12600
222,1984,7200
222,1985,9500
222,1986,9500
222,1987,9500
222,1988,15800
222,1989,6700
222,1990,7600
222,1991,7700
222,1992,7666
222,1993,5713
222,1994,8659
222,1995,7471
222,1996,9700
222,1997,9700
222,1998,10100
222,1999,10650
222,2000,11150
222,2001,8800
222,2002,7700
222,2003,11069
222,2004,12232
222,2005,12232
222,2006,12232
222,2007,12232
222,2008,7762
222,2009,3510
222,2010,3949
222,2011,3782
222,2012,3224
222,2013,2292
222,2014,1702
222,2015,1871
222,2016,2918
222,2017,1889
222,2018,764
222,2019,480
223,1974,4900
223,1975,4400
223,1976,1700
223,1987,0
223,1992,80
223,1993,902
223,1994,3700
223,1995,100
223,1996,148
223,1997,1000
223,1998,0
223,1999,0
223,2000,0
223,2001,0
223,2002,1581
223,2003,1581
223,2004,1581
223,2005,1581
223,2006,1581
223,2007,346
223,2008,650
223,2009,1063
223,2010,1241
223,2011,2833
223,2012,1800
223,2013,31307
223,2014,38717
223,2015,18971
223,2016,21180
223,2017,17200
223,2018,12287
223,2019,43208
225,1993,700
225,1994,300
225,1995,300
225,1996,300
225,1997,300
225,1998,0
225,1999,0
225,2000,0
225,2001,0
225,2002,0
225,2003,0
225,2004,0
225,2005,0
225,2006,0
225,2007,1
225,2008,752
225,2009,541
225,2010,2181
225,2011,1362
225,2012,3024
225,2013,490
225,2014,321
225,2015,1152
225,2016,2066
225,2017,6295
225,2018,20639
225,2019,8607
226,2007,5
226,2008,45
226,2009,102
226,2010,86
226,2011,74
226,2012,721
226,2013,721
226,2014,668
226,2015,0
226,2016,2
226,2017,12
226,2018,10
226,2019,10
228,1968,389600
228,1969,426000
228,1970,447800
228,1971,466600
228,1972,501400
228,1973,519200
228,1974,491100
228,1975,515000
228,1976,632000
228,1977,680000
228,1978,776100
228,1979,680300
228,1980,821300
228,1981,843600
228,1982,888000
228,1983,1012000
228,1984,1009800
228,1985,965000
228,1986,1105200
228,1987,1087800
228,1988,1055000
228,1989,1020400
228,1990,600000
228,1991,600000
229,1961,400
229,1970,8300
229,1971,4200
229,1972,3000
229,1973,7000
229,1974,15700
229,1975,15900
229,1976,100
229,1977,9600
229,1978,9500
229,1979,9000
229,1980,23600
229,1981,12200
229,1982,10800
229,1983,1700
229,1984,5000
229,1985,2000
229,1986,4000
229,1987,1500
229,1988,3200
229,1989,3000
229,1990,9800
229,1991,4500
229,1992,28973
229,1993,34429
229,1994,21400
229,1995,15300
229,1996,16000
229,1997,8500
229,1998,23300
229,1999,29700
229,2000,8600
229,2001,2818
229,2002,13364
229,2003,6798
229,2004,28323
229,2005,25423
229,2006,18911
229,2007,18177
229,2008,9393
229,2009,20418
229,2010,34437
229,2011,22103
229,2012,13271
229,2013,11943
229,2014,13533
229,2015,11832
229,2016,2016
229,2017,5433
229,2018,4921
229,2019,7194
23,1992,0
23,1993,0
23,1994,0
23,1995,0
23,1996,0
23,1997,0
23,1998,314
23,1999,1887
23,2000,1868
23,2001,604
23,2002,1534
23,2003,1943
23,2004,793
23,2005,793
23,2006,1005
23,2007,209
23,2008,198
23,2009,98
23,2010,98
23,2011,98
23,2012,98
23,2013,98
23,2014,868
23,2015,868
23,2016,868
23,2017,118
23,2018,818
23,2019,185
230,1992,0
230,1993,0
230,1994,0
230,1995,0
230,1996,0
230,1997,500
230,1998,300
230,1999,301
230,2000,301
230,2001,50
230,2002,0
230,2003,0
230,2004,330
230,2005,0
230,2006,960
230,2007,300
230,2008,300
230,2009,300
230,2010,75
230,2011,91
230,2012,10
230,2013,0
230,2014,0
230,2015,0
230,2016,0
230,2017,0
230,2018,20
230,2019,144
231,1961,3500
231,1962,3000
231,1963,4700
231,1964,1000
231,1965,52500
231,1966,54100
231,1967,39100
231,1968,1161300
231,1969,1267000
231,1970,2061600
231,1971,1296000
231,1972,1374600
231,1973,1481100
231,1974,1894000
231,1975,1811500
231,1976,1698400
231,1977,1759800
231,1978,1703400
231,1979,2050100
231,1980,2828600
231,1981,2730400
231,1982,2582200
231,1983,2782100
231,1984,2752700
231,1985,2939800
231,1986,3510600
231,1987,3899500
231,1988,4413600
231,1989,5060400
231,1990,4783800
231,1991,5155100
231,1992,5995943
231,1993,5439036
231,1994,5576000
231,1995,6871000
231,1996,6116000
231,1997,5936000
231,1998,5133000
231,1999,5211000
231,2000,5583000
231,2001,5506573
231,2002,5477121
231,2003,5113620
231,2004,5449849
231,2005,5569483
231,2006,5976135
231,2007,6290860
231,2008,6836900
231,2009,6728575
231,2010,7617970
231,2011,8324490
231,2012,7284200
231,2013,7382817
231,2014,7126007
231,2015,7040584
231,2016,7106609
231,2017,7151000
231,2018,7057630
231,2019,7007495
233,2010,49
233,2011,49
233,2012,49
233,2013,49
233,2014,71
233,2015,49
233,2016,49
233,2017,49
233,2018,49
233,2019,49
234,1992,1100
234,1993,1000
234,1994,700
234,1995,1800
234,1996,1800
234,1997,0
234,1998,0
234,1999,0
234,2000,0
234,2001,600
234,2002,600
234,2003,600
234,2004,600
234,2005,0
234,2006,0
234,2007,11000
234,2008,769000
234,2009,1082000
234,2010,1109000
234,2011,1137000
234,2012,1150000
234,2013,1238000
234,2014,1910000
234,2015,2361000
234,2016,2567071
234,2017,2640670
234,2018,2539460
234,2019,2599000
235,1994,0
235,1995,0
235,1996,0
235,1997,0
235,1998,40
235,1999,40
235,2000,0
235,2001,0
235,2002,333
235,2003,753
235,2004,753
235,2005,1999
235,2006,2846
235,2007,2846
235,2008,2846
235,2009,2846
235,2010,2846
235,2011,4389
235,2012,1889
235,2013,1890
235,2014,1890
235,2015,9373
235,2016,12259
235,2017,14486
235,2018,15492
235,2019,15492
236,1992,39
236,1994,0
236,1995,0
236,1996,0
236,1997,0
236,1998,0
236,1999,0
236,2000,0
236,2001,0
236,2002,0
236,2003,0
236,2004,0
236,2005,0
236,2006,0
236,2007,0
236,2008,2099
236,2009,2099
236,2010,2099
236,2011,25
236,2012,25
236,2013,25
236,2014,25
236,2015,29
236,2016,29
236,2017,29
236,2018,29
236,2019,29
237,1994,24
237,1995,822
237,1996,822
237,1997,814
237,1998,50
237,1999,0
237,2000,0
237,2001,0
237,2002,0
237,2003,0
237,2004,114
237,2005,114
237,2006,0
237,2007,0
237,2008,0
237,2009,12
237,2010,12953
237,2011,41083
237,2012,39174
237,2013,79048
237,2014,43406
237,2015,8449
237,2016,1305
237,2017,2927
237,2018,4823
237,2019,6881
238,1995,95
238,1996,95
238,1997,0
238,1998,0
238,1999,0
238,2000,0
238,2001,0
238,2002,0
238,2003,0
238,2004,0
238,2005,0
238,2006,0
238,2007,0
238,2008,0
238,2009,0
238,2010,0
238,2011,0
238,2012,1
238,2013,0
238,2014,0
238,2015,0
238,2016,4
238,2017,3
238,2018,6
238,2019,6
239,1993,0
239,1994,0
239,1995,0
239,1996,0
239,1997,0
239,1998,0
239,1999,0
239,2000,0
239,2001,0
239,2002,0
239,2003,0
239,2004,0
239,2005,0
239,2006,0
239,2007,0
239,2008,0
239,2009,0
239,2010,0
239,2011,0
239,2012,0
239,2013,0
239,2014,0
239,2015,0
239,2016,0
239,2017,0
239,2018,0
239,2019,0
244,1996,0
244,1997,0
244,1998,0
244,1999,0
244,2000,0
244,2001,0
244,2002,0
244,2003,0
244,2004,0
244,2005,0
244,2006,0
244,2007,0
244,2008,0
244,2009,0
244,2010,0
244,2011,0
244,2012,0
244,2013,0
244,2014,0
244,2015,0
244,2016,0
244,2017,0
244,2018,0
244,2019,0
248,1966,400
248,1967,200
248,1968,23000
248,1969,24400
248,1970,14500
248,1971,4200
248,1972,1700
248,1973,600
248,1974,1600
248,1975,1000
248,1976,5900
248,1977,7300
248,1978,35000
248,1979,61600
248,1980,77300
248,1981,87100
248,1982,83800
248,1983,101800
248,1984,92700
248,1985,89200
248,1986,108400
248,1987,101100
248,1988,110200
248,1989,120300
248,1990,99600
248,1991,54600
250,2002,4
250,2003,178
250,2004,260
250,2005,260
250,2006,167
250,2007,167
250,2008,167
250,2009,167
250,2010,170
250,2011,170
250,2012,170
250,2013,170
250,2014,170
250,2015,170
250,2016,170
250,2017,62
250,2018,62
250,2019,4
251,2008,112
251,2009,170
251,2010,1860
251,2011,25
251,2012,25
251,2013,25
251,2014,26
251,2015,26
251,2016,26
251,2017,26
251,2018,26
251,2019,98
255,2000,709000
255,2001,711820
255,2002,685333
255,2003,602333
255,2004,696166
255,2005,696183
255,2006,1045841
255,2007,1420431
255,2008,1118499
255,2009,944345
255,2010,1084326
255,2011,782199
255,2012,726390
255,2013,764470
255,2014,789211
255,2015,744478
255,2016,777902
255,2017,743027
255,2018,698459
255,2019,586578
256,2000,0
256,2001,0
256,2002,2
256,2003,0
256,2004,3
256,2005,0
256,2006,32
256,2007,0
256,2008,1
256,2009,0
256,2010,2
256,2011,1
256,2012,0
256,2013,0
256,2014,0
256,2015,0
256,2016,0
256,2017,4
256,2018,5
256,2019,5
26,2008,26
26,2009,26
26,2010,26
26,2011,26
26,2012,26
26,2013,51
26,2014,25
26,2015,25
26,2016,25
26,2017,51
26,2018,27
26,2019,27
27,1968,10100
27,1969,17400
27,1970,15600
27,1971,15300
27,1972,22500
27,1973,22500
27,1974,14800
27,1975,13500
27,1976,21300
27,1977,19900
27,1978,27100
27,1979,22900
27,1980,15200
27,1981,9900
27,1982,10900
27,1983,10300
27,1984,11700
27,1985,7700
27,1986,2400
27,1987,8600
27,1988,26600
27,1989,30200
27,1990,29600
27,1991,29600
27,1992,39917
27,1993,26300
27,1994,32400
27,1995,6000
27,1996,21900
27,1997,41900
27,1998,41900
27,1999,59850
27,2000,59850
27,2001,59850
27,2002,59850
27,2003,59850
27,2004,59850
27,2005,59850
27,2006,48160
27,2007,44943
27,2008,67846
27,2009,8659
27,2010,95602
27,2011,103431
27,2012,83033
27,2013,107180
27,2014,111317
27,2015,88272
27,2016,101991
27,2017,107585
27,2018,111792
27,2019,112549
272,2006,1000
272,2007,1000
272,2008,1000
272,2009,1
272,2010,7
272,2011,1
272,2012,0
272,2013,0
272,2014,1000
272,2015,100
272,2016,0
272,2017,105
272,2018,100
272,2019,100
273,2006,0
273,2007,0
273,2008,0
273,2009,0
273,2010,0
273,2011,0
273,2012,0
273,2013,0
273,2014,0
273,2015,0
273,2016,0
273,2017,0
273,2018,0
273,2019,0
28,1992,40
28,1993,0
28,1994,0
28,1995,100
28,1996,100
28,1997,0
28,1998,0
28,1999,0
28,2000,0
28,2001,0
28,2002,0
28,2003,0
28,2004,0
28,2005,0
28,2006,0
28,2007,0
28,2008,0
28,2009,0
28,2010,4893
28,2011,13673
28,2012,2172
28,2013,2172
28,2014,3730
28,2015,1789
28,2016,532
28,2017,1624
28,2018,159
28,2019,9
29,2012,18
29,2013,18
29,2014,18
29,2015,18
29,2016,18
29,2017,18
29,2018,18
29,2019,104
3,1996,0
3,1997,14
3,1998,14
3,1999,14
3,2000,1
3,2001,1
3,2002,1
3,2003,1
3,2004,1
3,2005,1
3,2006,1
3,2007,1
3,2008,1
3,2009,1
3,2010,1
3,2011,0
3,2012,10
3,2013,10
3,2014,10
3,2015,10
3,2016,10
3,2017,0
3,2018,0
3,2019,0
33,1961,217300
33,1962,238500
33,1963,228200
33,1964,262500
33,1965,287800
33,1966,230300
33,1967,206500
33,1968,4176300
33,1969,4915600
33,1970,4761500
33,1971,4829000
33,1972,5253000
33,1973,5704000
33,1974,6181500
33,1975,4860100
33,1976,5967500
33,1977,5961600
33,1978,6428100
33,1979,6856300
33,1980,7009700
33,1981,6530700
33,1982,5948800
33,1983,6646100
33,1984,6858400
33,1985,6850800
33,1986,7405900
33,1987,8028100
33,1988,8228900
33,1989,8017100
33,1990,7651900
33,1991,8571300
33,1992,8702300
33,1993,9146000
33,1994,10274700
33,1995,10518000
33,1996,10135000
33,1997,10873300
33,1998,10423900
33,1999,11448204
33,2000,11652744
33,2001,11069000
33,2002,11944000
33,2003,11392421
33,2004,11380276
33,2005,10538000
33,2006,10727000
33,2007,10356000
33,2008,9343000
33,2009,8009587
33,2010,8990866
33,2011,9159166
33,2012,9233045
33,2013,9109889
33,2014,9055183
33,2015,9396036
33,2016,9505633
33,2017,9506995
33,2018,9266688
33,2019,9238848
351,1961,5100
351,1962,9700
351,1963,14300
351,1964,17400
351,1965,18700
351,1966,21800
351,1967,21000
351,1968,18300
351,1969,28200
351,1970,42500
351,1971,64300
351,1972,66300
351,1973,26100
351,1974,24600
351,1975,18900
351,1976,29700
351,1977,30800
351,1978,43500
351,1979,45500
351,1980,45900
351,1981,47600
351,1982,81100
351,1983,63700
351,1984,30900
351,1985,71100
351,1986,94800
351,1987,86700
351,1988,126700
351,1989,98000
351,1990,101400
351,1991,29900
351,1992,62431
351,1993,24346
351,1994,24313
351,1995,56900
351,1996,26500
351,1997,36108
351,1998,22300
351,1999,42699
351,2000,54720
351,2001,38487
351,2002,41299
351,2003,48275
351,2004,46253
351,2005,66687
351,2006,113799
351,2007,155820
351,2008,92918
351,2009,94804
351,2010,123091
351,2011,111852
351,2012,108906
351,2013,122642
351,2014,140319
351,2015,167441
351,2016,232702
351,2017,295241
351,2018,241765
351,2019,109396
36,1993,0
36,1994,0
36,1995,0
36,1996,0
36,1997,0
36,1998,0
36,1999,0
36,2000,0
36,2001,0
36,2002,0
36,2003,0
36,2004,0
36,2005,0
36,2006,0
36,2007,0
36,2008,0
36,2009,0
36,2010,0
36,2011,0
36,2012,0
36,2013,0
36,2014,0
36,2015,0
36,2016,0
36,2017,0
36,2018,0
36,2019,0
37,1993,0
37,1994,0
37,1995,0
37,1996,0
37,1997,0
37,1998,0
37,1999,0
37,2000,0
37,2001,0
37,2002,0
37,2003,1
37,2004,1
37,2005,1
37,2006,1
37,2007,1
37,2008,1
37,2009,1
37,2010,1
37,2011,1
37,2012,1
37,2013,1
37,2014,1
37,2015,1
37,2016,1
37,2017,1
37,2018,1
37,2019,1
38,1993,11
38,1994,9
38,1995,9
38,1996,9
38,1997,9
38,1998,9
38,1999,9
38,2000,9
38,2001,300
38,2002,300
38,2003,300
38,2004,74
38,2005,74
38,2006,74
38,2007,110
38,2008,172
38,2009,172
38,2010,679
38,2011,208
38,2012,258
38,2013,258
38,2014,241
38,2015,74
38,2016,96
38,2017,100
38,2018,100
38,2019,23
39,1997,248
39,1998,248
39,1999,248
39,2000,248
39,2001,248
39,2002,248
39,2003,248
39,2004,248
39,2005,248
39,2006,248
39,2007,248
39,2008,248
39,2009,248
39,2010,0
39,2011,0
39,2012,0
39,2013,0
39,2014,0
39,2015,0
39,2016,0
39,2017,0
39,2018,0
39,2019,0
4,1992,444
4,1993,444
4,1994,0
4,1995,30
4,1996,30
4,1997,0
4,1998,0
4,1999,0
4,2000,0
4,2001,0
4,2002,0
4,2003,0
4,2004,0
4,2005,0
4,2006,0
4,2007,0
4,2008,0
4,2009,0
4,2010,0
4,2011,0
4,2012,0
4,2013,0
4,2014,24
4,2015,24
4,2016,24
4,2017,24
4,2018,24
4,2019,24
40,1968,118200
40,1969,121200
40,1970,105300
40,1971,109300
40,1972,120800
40,1973,102000
40,1974,180000
40,1975,174400
40,1976,236700
40,1977,338800
40,1978,437700
40,1979,431900
40,1980,415600
40,1981,321400
40,1982,458800
40,1983,523700
40,1984,492600
40,1985,503000
40,1986,562000
40,1987,526500
40,1988,479100
40,1989,493700
40,1990,581100
40,1991,664200
40,1992,1321857
40,1993,1479146
40,1994,1585200
40,1995,1625300
40,1996,1655200
40,1997,1575500
40,1998,1745000
40,1999,1905000
40,2000,1835000
40,2001,2173000
40,2002,2152000
40,2003,2110000
40,2004,2545000
40,2005,2616000
40,2006,2649984
40,2007,3859000
40,2008,4063000
40,2009,4311585
40,2010,3381000
40,2011,4025375
40,2012,4325315
40,2013,4556299
40,2014,4670306
40,2015,4418843
40,2016,4652467
40,2017,4491837
40,2018,4687609
40,2019,4719401
41,1971,1800
41,1976,1500
41,1977,1500
41,1978,1500
41,1987,0
41,1992,10318
41,1993,7921
41,1994,16797
41,1995,41400
41,1996,18100
41,1997,30000
41,1998,15700
41,1999,15700
41,2000,20500
41,2001,11400
41,2002,19060
41,2003,24710
41,2004,26691
41,2005,46432
41,2006,74969
41,2007,111743
41,2008,72735
41,2009,74202
41,2010,80420
41,2011,84150
41,2012,78588
41,2013,82468
41,2014,97047
41,2015,101454
41,2016,95199
41,2017,98164
41,2018,97341
41,2019,84596
44,1993,23
44,1994,0
44,1995,0
44,1996,0
44,1997,0
44,1998,900
44,1999,600
44,2000,1300
44,2001,700
44,2002,700
44,2003,1974
44,2004,732
44,2005,732
44,2006,598
44,2007,598
44,2008,598
44,2009,106
44,2010,683
44,2011,456
44,2012,353
44,2013,632
44,2014,1959
44,2015,1031
44,2016,1250
44,2017,1342
44,2018,1706
44,2019,448
45,1994,0
45,1995,0
45,1996,0
45,1997,0
45,1998,0
45,1999,0
45,2000,0
45,2001,0
45,2002,0
45,2003,0
45,2004,0
45,2005,0
45,2006,0
45,2007,0
45,2008,0
45,2009,0
45,2010,0
45,2011,0
45,2012,0
45,2013,0
45,2014,0
45,2015,0
45,2016,0
45,2017,0
45,2018,0
45,2019,0
46,1993,0
46,1994,0
46,1995,0
46,1996,0
46,1997,0
46,1998,0
46,1999,0
46,2000,0
46,2001,0
46,2002,0
46,2003,0
46,2004,0
46,2005,0
46,2006,0
46,2007,0
46,2008,0
46,2009,0
46,2010,0
46,2011,0
46,2012,0
46,2013,0
46,2014,0
46,2015,0
46,2016,0
46,2017,497
46,2018,497
46,2019,1
48,1992,1
48,1993,203
48,1994,3
48,1995,3
48,1996,0
48,1997,0
48,1998,0
48,1999,0
48,2000,0
48,2001,0
48,2002,0
48,2003,0
48,2004,33
48,2005,33
48,2006,300
48,2007,175
48,2008,128
48,2009,32
48,2010,103
48,2011,158
48,2012,198
48,2013,176
48,2014,332
48,2015,406
48,2016,387
48,2017,22
48,2018,54
48,2019,17
5,2019,562
50,1995,0
50,1996,0
50,1997,0
50,1998,0
50,1999,0
50,2000,90
50,2001,0
50,2002,10
50,2003,39
50,2004,103
50,2005,0
50,2006,0
50,2007,0
50,2008,0
50,2009,0
50,2010,4
50,2011,0
50,2012,0
50,2013,0
50,2014,0
50,2015,0
50,2016,0
50,2017,0
50,2018,0
50,2019,0
5000,1961,1300000
5000,1962,1253000
5000,1963,1331600
5000,1964,1563100
5000,1965,1649300
5000,1966,1613000
5000,1967,1434800
5000,1968,13262700
5000,1969,14459300
5000,1970,15111000
5000,1971,13194500
5000,1972,14750000
5000,1973,16807400
5000,1974,17368300
5000,1975,13639800
5000,1976,15514656
5000,1977,15587740
5000,1978,17486500
5000,1979,18706000
5000,1980,19749700
5000,1981,18625000
5000,1982,17312400
5000,1983,19779500
5000,1984,20334100
5000,1985,20596900
5000,1986,22095300
5000,1987,23430200
5000,1988,24598000
5000,1989,24896200
5000,1990,23755100
5000,1991,25469300
5000,1992,27950576
5000,1993,28525124
5000,1994,30547808
5000,1995,32233438
5000,1996,32408738
5000,1997,33581107
5000,1998,33699587
5000,1999,35736158
5000,2000,36954170
5000,2001,37501672
5000,2002,39592305
5000,2003,40341764
5000,2004,41172436
5000,2005,41733879
5000,2006,44832976
5000,2007,46456065
5000,2008,46951439
5000,2009,46578736
5000,2010,49285905
5000,2011,51172322
5000,2012,52087918
5000,2013,52783600
5000,2014,54162959
5000,2015,54850655
5000,2016,58497278
5000,2017,59920023
5000,2018,61575935
5000,2019,63178147
51,1964,6000
51,1965,11000
51,1966,35000
51,1967,20000
51,1968,51100
51,1969,77600
51,1970,35100
51,1971,40000
51,1972,88000
51,1973,77000
51,1974,77000
51,1975,67000
51,1976,85000
51,1977,85000
51,1978,80000
51,1979,81000
51,1980,13000
51,1981,12000
51,1982,64000
51,1983,89200
51,1984,150700
51,1985,202700
51,1986,235900
51,1987,209300
51,1988,160200
51,1989,207000
51,1990,184200
51,1991,169800
51,1992,206300
5100,1964,8900
5100,1965,36600
5100,1966,19700
5100,1967,19700
5100,1968,246400
5100,1969,270600
5100,1970,265400
5100,1971,298100
5100,1972,320000
5100,1973,351100
5100,1974,351200
5100,1975,270400
5100,1976,376500
5100,1977,354200
5100,1978,437600
5100,1979,472100
5100,1980,413800
5100,1981,286700
5100,1982,309200
5100,1983,317600
5100,1984,353700
5100,1985,344100
5100,1986,354100
5100,1987,384300
5100,1988,408400
5100,1989,411300
5100,1990,404200
5100,1991,390600
5100,1992,461395
5100,1993,528865
5100,1994,651504
5100,1995,581179
5100,1996,753580
5100,1997,544581
5100,1998,553277
5100,1999,630942
5100,2000,621481
5100,2001,479205
5100,2002,545622
5100,2003,678076
5100,2004,487306
5100,2005,504620
5100,2006,507451
5100,2007,497360
5100,2008,452926
5100,2009,533030
5100,2010,370452
5100,2011,406208
5100,2012,277097
5100,2013,154188
5100,2014,194015
5100,2015,171820
5100,2016,185777
5100,2017,230943
5100,2018,183488
5100,2019,192984
5101,1992,18
5101,1993,28
5101,1994,13
5101,1995,132
5101,1996,108
5101,1997,36
5101,1998,211
5101,1999,211
5101,2000,111
5101,2001,85
5101,2002,105
5101,2003,517
5101,2004,2905
5101,2005,2905
5101,2006,650
5101,2007,668
5101,2008,849
5101,2009,1997
5101,2010,4483
5101,2011,2679
5101,2012,4445
5101,2013,3068
5101,2014,1540
5101,2015,2903
5101,2016,938
5101,2017,1424
5101,2018,1120
5101,2019,892
5102,1968,27100
5102,1969,31700
5102,1970,33900
5102,1971,31900
5102,1972,30900
5102,1973,33300
5102,1974,18600
5102,1987,0
5102,1993,0
5102,1994,0
5102,1995,0
5102,1996,0
5102,1997,503
5102,1998,503
5102,1999,681
5102,2000,681
5102,2001,681
5102,2002,685
5102,2003,860
5102,2004,942
5102,2005,942
5102,2006,849
5102,2007,849
5102,2008,1377
5102,2009,1377
5102,2010,1132
5102,2011,1132
5102,2012,1156
5102,2013,1182
5102,2014,901
5102,2015,901
5102,2016,901
5102,2017,1290
5102,2018,1290
5102,2019,736
5103,1964,8900
5103,1965,11600
5103,1966,19700
5103,1967,19700
5103,1968,53100
5103,1969,60300
5103,1970,59500
5103,1971,62700
5103,1972,48100
5103,1973,46900
5103,1974,61700
5103,1975,45500
5103,1976,54700
5103,1977,49600
5103,1978,67900
5103,1979,77700
5103,1980,83300
5103,1981,72000
5103,1982,65500
5103,1983,75600
5103,1984,73800
5103,1985,70100
5103,1986,70100
5103,1987,90300
5103,1988,114400
5103,1989,91900
5103,1990,89800
5103,1991,76200
5103,1992,89033
5103,1993,80357
5103,1994,117859
5103,1995,80201
5103,1996,78030
5103,1997,111700
5103,1998,83100
5103,1999,134650
5103,2000,125150
5103,2001,71800
5103,2002,122700
5103,2003,225192
5103,2004,115090
5103,2005,115090
5103,2006,136012
5103,2007,134086
5103,2008,96089
5103,2009,113738
5103,2010,130762
5103,2011,100528
5103,2012,112844
5103,2013,21581
5103,2014,2108
5103,2015,2758
5103,2016,3067
5103,2017,2048
5103,2018,1157
5103,2019,1005
5104,1965,25000
5104,1968,166200
5104,1969,178600
5104,1970,172000
5104,1971,203500
5104,1972,241000
5104,1973,270900
5104,1974,270900
5104,1975,224900
5104,1976,321800
5104,1977,304600
5104,1978,369700
5104,1979,394400
5104,1980,330500
5104,1981,214700
5104,1982,243700
5104,1983,242000
5104,1984,279900
5104,1985,274000
5104,1986,284000
5104,1987,294000
5104,1988,294000
5104,1989,319400
5104,1990,314400
5104,1991,314400
5104,1992,372344
5104,1993,448480
5104,1994,533632
5104,1995,500846
5104,1996,675042
5104,1997,431942
5104,1998,469042
5104,1999,494200
5104,2000,494200
5104,2001,405300
5104,2002,421000
5104,2003,450095
5104,2004,367643
5104,2005,384957
5104,2006,369214
5104,2007,361006
5104,2008,352792
5104,2009,414140
5104,2010,232248
5104,2011,301075
5104,2012,157104
5104,2013,125104
5104,2014,187825
5104,2015,163637
5104,2016,179923
5104,2017,225245
5104,2018,178985
5104,2019,188702
5105,1992,0
5105,1994,0
5105,1995,0
5105,1996,400
5105,1997,400
5105,1998,421
5105,1999,1200
5105,2000,1339
5105,2001,1339
5105,2002,1132
5105,2003,1412
5105,2004,726
5105,2005,726
5105,2006,726
5105,2007,751
5105,2008,1819
5105,2009,1778
5105,2010,1827
5105,2011,794
5105,2012,1548
5105,2013,3253
5105,2014,1641
5105,2015,1621
5105,2016,948
5105,2017,936
5105,2018,936
5105,2019,1649
52,1997,200
52,1998,200
52,1999,0
52,2000,0
52,2001,0
52,2002,0
52,2003,0
52,2004,0
52,2005,0
52,2006,0
52,2007,0
52,2008,0
52,2009,0
52,2010,0
52,2011,7
52,2012,0
52,2013,0
52,2014,0
52,2015,0
52,2016,0
52,2017,0
52,2018,0
52,2019,0
5200,1961,221500
5200,1962,246900
5200,1963,233300
5200,1964,281300
5200,1965,359900
5200,1966,305500
5200,1967,257000
5200,1968,5479200
5200,1969,6346600
5200,1970,6980600
5200,1971,6274600
5200,1972,6894100
5200,1973,7485300
5200,1974,8393600
5200,1975,7003600
5200,1976,8047600
5200,1977,8164000
5200,1978,8846300
5200,1979,9929900
5200,1980,11156500
5200,1981,10545600
5200,1982,9832700
5200,1983,10994600
5200,1984,11142700
5200,1985,11303200
5200,1986,12424000
5200,1987,13334500
5200,1988,14257000
5200,1989,14624700
5200,1990,14167500
5200,1991,15882500
5200,1992,17804156
5200,1993,18263841
5200,1994,19651255
5200,1995,21142542
5200,1996,20292000
5200,1997,20980300
5200,1998,20201646
5200,1999,21779592
5200,2000,22243510
5200,2001,22303163
5200,2002,23207960
5200,2003,23378313
5200,2004,24594694
5200,2005,24398884
5200,2006,25749357
5200,2007,27215190
5200,2008,28246597
5200,2009,28618997
5200,2010,29714255
5200,2011,31334471
5200,2012,30672891
5200,2013,31915506
5200,2014,33565652
5200,2015,34924796
5200,2016,36922841
5200,2017,37220891
5200,2018,38353801
5200,2019,38662523
5203,1961,220800
5203,1962,241500
5203,1963,232900
5203,1964,263500
5203,1965,340300
5203,1966,284400
5203,1967,245600
5203,1968,5337600
5203,1969,6182600
5203,1970,6823100
5203,1971,6125000
5203,1972,6627600
5203,1973,7185100
5203,1974,8075500
5203,1975,6671600
5203,1976,7665900
5203,1977,7721400
5203,1978,8131500
5203,1979,8906400
5203,1980,9838300
5203,1981,9261100
5203,1982,8531000
5203,1983,9428200
5203,1984,9611100
5203,1985,9790600
5203,1986,10916500
5203,1987,11927600
5203,1988,12642500
5203,1989,13077500
5203,1990,12435700
5203,1991,13726400
5203,1992,14698243
5203,1993,14585036
5203,1994,15850700
5203,1995,17389000
5203,1996,16251000
5203,1997,16809300
5203,1998,15556900
5203,1999,16659204
5203,2000,17235744
5203,2001,16575573
5203,2002,17421121
5203,2003,16506041
5203,2004,16830125
5203,2005,16107483
5203,2006,16703135
5203,2007,16646860
5203,2008,16179900
5203,2009,14738162
5203,2010,16608836
5203,2011,17483656
5203,2012,16517245
5203,2013,16492706
5203,2014,16181190
5203,2015,16436620
5203,2016,16612242
5203,2017,16657995
5203,2018,16324318
5203,2019,16246343
5204,1961,300
5204,1962,1300
5204,1964,6800
5204,1965,8100
5204,1966,12200
5204,1967,8600
5204,1968,11200
5204,1969,15900
5204,1970,12600
5204,1971,4400
5204,1972,4400
5204,1973,4400
5204,1974,4400
5204,1975,4400
5204,1976,4400
5204,1977,9200
5204,1978,9200
5204,1979,9200
5204,1980,12100
5204,1981,12100
5204,1982,18300
5204,1983,18300
5204,1984,18300
5204,1987,0
5204,1990,1500
5204,1991,1100
5204,1992,3074
5204,1993,3788
5204,1994,3282
5204,1995,9003
5204,1996,22500
5204,1997,9400
5204,1998,1214
5204,1999,2887
5204,2000,15168
5204,2001,37804
5204,2002,38634
5204,2003,39120
5204,2004,38782
5204,2005,21601
5204,2006,22101
5204,2007,1085
5204,2008,1555
5204,2009,935
5204,2010,869
5204,2011,936
5204,2012,1077
5204,2013,1010
5204,2014,1435
5204,2015,2127
5204,2016,8849
5204,2017,13988
5204,2018,4553
5204,2019,4250
5206,1964,7500
5206,1965,3000
5206,1966,2700
5206,1979,0
5206,1980,0
5206,1981,0
5206,1987,0
5206,1993,0
5206,1994,0
5206,1995,1134
5206,1996,0
5206,1997,0
5206,1998,0
5206,1999,1
5206,2000,1
5206,2001,1
5206,2002,1
5206,2003,21
5206,2004,21
5206,2005,21
5206,2006,115
5206,2007,128
5206,2008,236
5206,2009,511
5206,2010,248
5206,2011,378
5206,2012,380
5206,2013,246
5206,2014,288
5206,2015,231
5206,2016,286
5206,2017,307
5206,2018,307
5206,2019,307
5207,1961,400
5207,1962,4100
5207,1963,400
5207,1964,3500
5207,1965,8500
5207,1966,6200
5207,1967,2800
5207,1968,130400
5207,1969,148100
5207,1970,144900
5207,1971,145200
5207,1972,262100
5207,1973,295800
5207,1974,313700
5207,1975,327600
5207,1976,377300
5207,1977,433400
5207,1978,705600
5207,1979,1014300
5207,1980,1306100
5207,1981,1272400
5207,1982,1283400
5207,1983,1548100
5207,1984,1513300
5207,1985,1512600
5207,1986,1507500
5207,1987,1406900
5207,1988,1614500
5207,1989,1547200
5207,1990,1730300
5207,1991,2155000
5207,1992,3102839
5207,1993,3675017
5207,1994,3797273
5207,1995,3743405
5207,1996,4018500
5207,1997,4161600
5207,1998,4643532
5207,1999,5117500
5207,2000,4992597
5207,2001,5689785
5207,2002,5748204
5207,2003,6833131
5207,2004,7725766
5207,2005,8269779
5207,2006,9024006
5207,2007,10567117
5207,2008,12064906
5207,2009,13879389
5207,2010,13104302
5207,2011,13849501
5207,2012,14154189
5207,2013,15421544
5207,2014,17382739
5207,2015,18485818
5207,2016,20301464
5207,2017,20548601
5207,2018,22024623
5207,2019,22411623
53,1998,21
53,1999,0
53,2000,0
53,2001,0
53,2002,0
53,2003,0
53,2004,0
53,2005,0
53,2006,0
53,2007,0
53,2008,0
53,2009,0
53,2010,0
53,2011,0
53,2012,0
53,2013,0
53,2014,0
53,2015,0
53,2016,0
53,2017,0
53,2018,0
53,2019,0
5300,1961,5100
5300,1962,9700
5300,1963,14300
5300,1964,17400
5300,1965,18700
5300,1966,21800
5300,1967,21000
5300,1968,20400
5300,1969,44500
5300,1970,61500
5300,1971,114400
5300,1972,115900
5300,1973,87500
5300,1974,258500
5300,1975,165400
5300,1976,170300
5300,1977,185848
5300,1978,139200
5300,1979,158500
5300,1980,150800
5300,1981,161300
5300,1982,154200
5300,1983,116500
5300,1984,76200
5300,1985,98300
5300,1986,150000
5300,1987,123700
5300,1988,183800
5300,1989,248600
5300,1990,280700
5300,1991,236600
5300,1992,240299
5300,1993,229605
5300,1994,294104
5300,1995,844715
5300,1996,1398756
5300,1997,1527288
5300,1998,2284393
5300,1999,1700784
5300,2000,1969571
5300,2001,2312808
5300,2002,2726284
5300,2003,2854768
5300,2004,2156645
5300,2005,2967618
5300,2006,3376659
5300,2007,3011278
5300,2008,3161279
5300,2009,2748659
5300,2010,3372817
5300,2011,3789624
5300,2012,3990779
5300,2013,5000447
5300,2014,4824320
5300,2015,4642847
5300,2016,4981723
5300,2017,5666988
5300,2018,5894656
5300,2019,6203792
5301,1994,0
5301,1995,0
5301,1996,0
5301,1997,0
5301,1998,40
5301,1999,40
5301,2000,0
5301,2001,0
5301,2002,333
5301,2003,953
5301,2004,953
5301,2005,2199
5301,2006,2846
5301,2007,2846
5301,2008,2846
5301,2009,2846
5301,2010,2846
5301,2011,4628
5301,2012,2683
5301,2013,3241
5301,2014,3422
5301,2015,10905
5301,2016,13791
5301,2017,16018
5301,2018,16709
5301,2019,16378
5302,1961,5100
5302,1962,9700
5302,1963,14300
5302,1964,17400
5302,1965,18700
5302,1966,21800
5302,1967,21000
5302,1968,20300
5302,1969,39200
5302,1970,53500
5302,1971,111600
5302,1972,112100
5302,1973,74700
5302,1974,246100
5302,1975,159000
5302,1976,165500
5302,1977,183848
5302,1978,137300
5302,1979,152600
5302,1980,144800
5302,1981,150900
5302,1982,146600
5302,1983,107200
5302,1984,61000
5302,1985,85800
5302,1986,130800
5302,1987,102200
5302,1988,137700
5302,1989,107000
5302,1990,118300
5302,1991,39100
5302,1992,70283
5302,1993,30729
5302,1994,65713
5302,1995,137607
5302,1996,103457
5302,1997,99895
5302,1998,66400
5302,1999,123799
5302,2000,175900
5302,2001,131887
5302,2002,148699
5302,2003,216275
5302,2004,225653
5302,2005,242087
5302,2006,324199
5302,2007,367300
5302,2008,269814
5302,2009,319424
5302,2010,587940
5302,2011,517245
5302,2012,445048
5302,2013,562257
5302,2014,492292
5302,2015,500885
5302,2016,482562
5302,2017,571368
5302,2018,551969
5302,2019,369508
5303,1969,5100
5303,1970,7900
5303,1971,1600
5303,1972,1600
5303,1973,100
5303,1976,700
5303,1987,0
5303,1992,286
5303,1993,1056
5303,1994,1054
5303,1995,4531
5303,1996,2441
5303,1997,5233
5303,1998,1738
5303,1999,2173
5303,2000,17073
5303,2001,26064
5303,2002,26311
5303,2003,26821
5303,2004,15573
5303,2005,15504
5303,2006,6617
5303,2007,5660
5303,2008,22472
5303,2009,4272
5303,2010,6248
5303,2011,3749
5303,2012,5482
5303,2013,4864
5303,2014,7382
5303,2015,16141
5303,2016,16912
5303,2017,4580
5303,2018,29955
5303,2019,10516
5304,1968,100
5304,1969,200
5304,1970,100
5304,1971,1200
5304,1972,2200
5304,1973,12700
5304,1974,7500
5304,1975,2000
5304,1976,2400
5304,1977,2000
5304,1978,1900
5304,1979,5900
5304,1980,6000
5304,1981,10400
5304,1982,7600
5304,1983,9300
5304,1984,15200
5304,1985,12500
5304,1986,19200
5304,1987,21500
5304,1988,46100
5304,1989,141600
5304,1990,162400
5304,1991,197500
5304,1992,169267
5304,1993,195425
5304,1994,220656
5304,1995,700114
5304,1996,1291272
5304,1997,1419522
5304,1998,2215618
5304,1999,1560815
5304,2000,1763212
5304,2001,2141645
5304,2002,2540909
5304,2003,2599187
5304,2004,1906381
5304,2005,2696389
5304,2006,3030815
5304,2007,2622478
5304,2008,2853373
5304,2009,2407391
5304,2010,2769161
5304,2011,3247345
5304,2012,3527496
5304,2013,4392728
5304,2014,4277738
5304,2015,4091449
5304,2016,4441217
5304,2017,5049334
5304,2018,5256879
5304,2019,5751334
5305,1974,4900
5305,1975,4400
5305,1976,1700
5305,1987,0
5305,1992,463
5305,1993,2395
5305,1994,6681
5305,1995,2463
5305,1996,1586
5305,1997,2638
5305,1998,597
5305,1999,13957
5305,2000,13386
5305,2001,13212
5305,2002,10032
5305,2003,11532
5305,2004,8085
5305,2005,11439
5305,2006,12182
5305,2007,12994
5305,2008,12774
5305,2009,14726
5305,2010,6622
5305,2011,16657
5305,2012,10070
5305,2013,37357
5305,2014,43486
5305,2015,23467
5305,2016,27241
5305,2017,25688
5305,2018,39144
5305,2019,56056
54,1961,4700
54,1962,5000
54,1963,10700
54,1964,27600
54,1965,33800
54,1966,42600
54,1967,49600
54,1968,57600
54,1969,67600
54,1970,80600
54,1971,72500
54,1972,79900
54,1973,90300
54,1974,99500
54,1975,64700
54,1976,62500
54,1977,51200
54,1978,45000
54,1979,62400
54,1980,67400
54,1981,63700
54,1982,57700
54,1983,48700
54,1984,65400
54,1985,62900
54,1986,67700
54,1987,60200
54,1988,75000
54,1989,93300
54,1990,92000
54,1991,90900
54,1992,79423
54,1993,48281
54,1994,65300
54,1995,71200
54,1996,64200
54,1997,76500
54,1998,31000
54,1999,1000
54,2000,1800
54,2001,3084
54,2002,3099
54,2003,1663
54,2004,816
54,2005,467
54,2006,23972
54,2007,26935
54,2008,20450
54,2009,12509
54,2010,16833
54,2011,63097
54,2012,72521
54,2013,74242
54,2014,95122
54,2015,45886
54,2016,28343
54,2017,28343
54,2018,11014
54,2019,26263
5400,1961,1073400
5400,1962,996400
5400,1963,1084000
5400,1964,1255500
5400,1965,1234100
5400,1966,1266000
5400,1967,1137000
5400,1968,7422700
5400,1969,7718100
5400,1970,7708300
5400,1971,6410000
5400,1972,7311000
5400,1973,8742000
5400,1974,8133000
5400,1975,5865200
5400,1976,6545656
5400,1977,6431892
5400,1978,7628500
5400,1979,7681600
5400,1980,7553500
5400,1981,7113400
5400,1982,6595600
5400,1983,7880300
5400,1984,8302600
5400,1985,8423100
5400,1986,8663400
5400,1987,9104300
5400,1988,9265400
5400,1989,9043700
5400,1990,8274900
5400,1991,8309200
5400,1992,8799982
5400,1993,8803462
5400,1994,9285345
5400,1995,9024102
5400,1996,9284602
5400,1997,9942938
5400,1998,9952271
5400,1999,10997840
5400,2000,11376008
5400,2001,11609496
5400,2002,12340939
5400,2003,12752606
5400,2004,13068789
5400,2005,13019755
5400,2006,14351507
5400,2007,14855235
5400,2008,14282635
5400,2009,13776259
5400,2010,15031256
5400,2011,14815690
5400,2012,16293511
5400,2013,14827354
5400,2014,14681210
5400,2015,14175841
5400,2016,15478213
5400,2017,15854369
5400,2018,16254258
5400,2019,17150629
5401,1964,6000
5401,1965,20700
5401,1966,45800
5401,1967,31300
5401,1968,529500
5401,1969,632300
5401,1970,554100
5401,1971,568800
5401,1972,672400
5401,1973,689500
5401,1974,680300
5401,1975,673000
5401,1976,853500
5401,1977,856200
5401,1978,926400
5401,1979,826600
5401,1980,895300
5401,1981,895600
5401,1982,981600
5401,1983,1161600
5401,1984,1216900
5401,1985,1226500
5401,1986,1366200
5401,1987,1325800
5401,1988,1258800
5401,1989,1275600
5401,1990,842000
5401,1991,827600
5401,1992,1105495
5401,1993,1275018
5401,1994,1244700
5401,1995,1574500
5401,1996,1386800
5401,1997,1272800
5401,1998,1441841
5401,1999,1834705
5401,2000,2112593
5401,2001,2258042
5401,2002,2364392
5401,2003,2422692
5401,2004,2337664
5401,2005,2393576
5401,2006,2300811
5401,2007,2311785
5401,2008,2450582
5401,2009,2326790
5401,2010,2538782
5401,2011,2644382
5401,2012,2764826
5401,2013,2540547
5401,2014,2752423
5401,2015,2805091
5401,2016,2836228
5401,2017,2850867
5401,2018,2786857
5401,2019,2815566
5402,1961,1057200
5402,1962,982300
5402,1963,1070400
5402,1964,1210400
5402,1965,1188800
5402,1966,1199200
5402,1967,1087200
5402,1968,6176200
5402,1969,6277300
5402,1970,6293400
5402,1971,5157900
5402,1972,5695900
5402,1973,6908800
5402,1974,6506800
5402,1975,4509600
5402,1976,4692356
5402,1977,4623100
5402,1978,5663700
5402,1979,5615600
5402,1980,5259900
5402,1981,4829700
5402,1982,4187600
5402,1983,4910000
5402,1984,5181900
5402,1985,4945000
5402,1986,4829200
5402,1987,5082800
5402,1988,5202200
5402,1989,5035500
5402,1990,4712000
5402,1991,4632000
5402,1992,4695776
5402,1993,4808184
5402,1994,4905164
5402,1995,4379900
5402,1996,4633400
5402,1997,4980200
5402,1998,4860700
5402,1999,5204787
5402,2000,5080889
5402,2001,5121956
5402,2002,5899393
5402,2003,6196218
5402,2004,6294867
5402,2005,5978025
5402,2006,6507780
5402,2007,6521473
5402,2008,6283407
5402,2009,5134588
5402,2010,5853987
5402,2011,6112952
5402,2012,6197374
5402,2013,6439252
5402,2014,6308801
5402,2015,6365289
5402,2016,6774165
5402,2017,6989942
5402,2018,7684086
5402,2019,8690656
5403,1961,3100
5403,1962,2500
5403,1963,3400
5403,1964,2600
5403,1965,2900
5403,1966,5400
5403,1967,2500
5403,1968,257300
5403,1969,318000
5403,1970,378500
5403,1971,313400
5403,1972,479200
5403,1973,512200
5403,1974,420300
5403,1975,334200
5403,1976,448500
5403,1977,423240
5403,1978,448300
5403,1979,536900
5403,1980,717900
5403,1981,737300
5403,1982,787600
5403,1983,1080300
5403,1984,1114700
5403,1985,1367300
5403,1986,1486300
5403,1987,1670500
5403,1988,1729900
5403,1989,1744800
5403,1990,1753500
5403,1991,1819100
5403,1992,1781671
5403,1993,1632932
5403,1994,1893797
5403,1995,1726902
5403,1996,1761202
5403,1997,1968938
5403,1998,1902305
5403,1999,1910658
5403,2000,1896852
5403,2001,1906913
5403,2002,1798399
5403,2003,1911430
5403,2004,2006633
5403,2005,1820243
5403,2006,2128263
5403,2007,2253041
5403,2008,1930950
5403,2009,2078703
5403,2010,1785099
5403,2011,2215190
5403,2012,2315099
5403,2013,2433027
5403,2014,2299384
5403,2015,1920263
5403,2016,2192872
5403,2017,2201564
5403,2018,2255628
5403,2019,2243401
5404,1961,13100
5404,1962,11600
5404,1963,10200
5404,1964,36500
5404,1965,21700
5404,1966,15600
5404,1967,16000
5404,1968,459700
5404,1969,490500
5404,1970,482300
5404,1971,369900
5404,1972,463500
5404,1973,631500
5404,1974,525600
5404,1975,348400
5404,1976,551300
5404,1977,529352
5404,1978,590100
5404,1979,702500
5404,1980,680400
5404,1981,650800
5404,1982,638800
5404,1983,728400
5404,1984,789100
5404,1985,884300
5404,1986,981700
5404,1987,1025200
5404,1988,1074500
5404,1989,987800
5404,1990,967400
5404,1991,1030500
5404,1992,1217040
5404,1993,1087328
5404,1994,1241684
5404,1995,1342800
5404,1996,1503200
5404,1997,1721000
5404,1998,1747425
5404,1999,2047690
5404,2000,2285674
5404,2001,2322585
5404,2002,2278755
5404,2003,2222266
5404,2004,2429625
5404,2005,2827911
5404,2006,3414653
5404,2007,3768936
5404,2008,3617696
5404,2009,4236178
5404,2010,4853388
5404,2011,3843166
5404,2012,5016212
5404,2013,3414528
5404,2014,3320602
5404,2015,3085198
5404,2016,3674948
5404,2017,3811996
5404,2018,3527687
5404,2019,3401006
55,1999,1
55,2000,1
55,2001,1
55,2002,1
55,2003,1
55,2004,1
55,2005,1
55,2006,3
55,2007,3
55,2008,3
55,2009,3
55,2010,3
55,2011,3
55,2012,3
55,2013,3
55,2014,1
55,2015,1
55,2016,1
55,2017,1
55,2018,1
55,2019,1
5500,1967,100
5500,1968,94000
5500,1969,79500
5500,1970,95200
5500,1971,97400
5500,1972,109000
5500,1973,141500
5500,1974,232000
5500,1975,335200
5500,1976,374600
5500,1977,451800
5500,1978,434900
5500,1979,463900
5500,1980,475100
5500,1981,518000
5500,1982,420700
5500,1983,470500
5500,1984,458900
5500,1985,428200
5500,1986,503800
5500,1987,483400
5500,1988,483400
5500,1989,567900
5500,1990,627800
5500,1991,650400
5500,1992,644744
5500,1993,699351
5500,1994,665600
5500,1995,640900
5500,1996,679800
5500,1997,586000
5500,1998,708000
5500,1999,627000
5500,2000,743600
5500,2001,797000
5500,2002,771500
5500,2003,678001
5500,2004,865002
5500,2005,843002
5500,2006,848002
5500,2007,877002
5500,2008,808002
5500,2009,901791
5500,2010,797125
5500,2011,826329
5500,2012,853640
5500,2013,886105
5500,2014,897762
5500,2015,935351
5500,2016,928724
5500,2017,946832
5500,2018,889732
5500,2019,968219
5501,1967,100
5501,1968,94000
5501,1969,79500
5501,1970,95200
5501,1971,97400
5501,1972,109000
5501,1973,141500
5501,1974,232000
5501,1975,335200
5501,1976,374600
5501,1977,451800
5501,1978,434900
5501,1979,463900
5501,1980,475100
5501,1981,518000
5501,1982,420700
5501,1983,470500
5501,1984,458900
5501,1985,428200
5501,1986,503800
5501,1987,483400
5501,1988,483400
5501,1989,567900
5501,1990,627800
5501,1991,650400
5501,1992,644744
5501,1993,699351
5501,1994,665600
5501,1995,640900
5501,1996,679800
5501,1997,586000
5501,1998,708000
5501,1999,627000
5501,2000,743600
5501,2001,797000
5501,2002,771500
5501,2003,678000
5501,2004,865000
5501,2005,843000
5501,2006,848000
5501,2007,877000
5501,2008,808000
5501,2009,901789
5501,2010,797123
5501,2011,826327
5501,2012,853334
5501,2013,885799
5501,2014,897457
5501,2015,935046
5501,2016,928419
5501,2017,946526
5501,2018,889426
5501,2019,967337
5502,1994,0
5502,1995,0
5502,1996,0
5502,1997,0
5502,1998,0
5502,1999,0
5502,2000,0
5502,2001,0
5502,2002,0
5502,2003,1
5502,2004,2
5502,2005,2
5502,2006,2
5502,2007,2
5502,2008,2
5502,2009,2
5502,2010,2
5502,2011,2
5502,2012,306
5502,2013,306
5502,2014,305
5502,2015,305
5502,2016,305
5502,2017,306
5502,2018,306
5502,2019,320
5504,1992,0
5504,1994,0
5504,1995,0
5504,1996,0
5504,1997,0
5504,1998,0
5504,1999,0
5504,2000,0
5504,2001,0
5504,2002,0
5504,2003,0
5504,2004,0
5504,2005,0
5504,2006,0
5504,2007,0
5504,2008,0
5504,2009,0
5504,2010,0
5504,2011,0
5504,2012,0
5504,2013,0
5504,2014,0
5504,2015,0
5504,2016,0
5504,2017,0
5504,2018,0
5504,2019,562
56,2016,5
56,2017,1
56,2018,1
56,2019,1
57,1992,100
57,1993,20
57,1994,1000
57,1995,1000
57,1996,800
57,1997,500
57,1998,1199
57,1999,100
57,2000,100
57,2001,0
57,2002,300
57,2003,200
57,2004,200
57,2005,200
57,2006,200
57,2007,200
57,2008,200
57,2009,200
57,2010,219
57,2011,235
57,2012,1411
57,2013,1800
57,2014,1793
57,2015,1228
57,2016,1210
57,2017,1262
57,2018,22123
57,2019,115815
5707,1961,589300
5707,1962,525100
5707,1963,593900
5707,1964,687400
5707,1965,668200
5707,1966,663200
5707,1967,584800
5707,1968,6114100
5707,1969,6319800
5707,1970,6272800
5707,1971,5175200
5707,1972,5968200
5707,1973,7246900
5707,1974,6681200
5707,1975,4717800
5707,1976,5261456
5707,1977,5160040
5707,1978,6199600
5707,1979,6351000
5707,1980,6184300
5707,1981,5713400
5707,1982,5128600
5707,1983,6230600
5707,1984,6538000
5707,1985,6654200
5707,1986,6723500
5707,1987,7194400
5707,1988,7446200
5707,1989,7173200
5707,1990,6847200
5707,1991,6969100
5707,1992,7143021
5707,1993,7244933
5707,1994,7795945
5707,1995,7197002
5707,1996,7755802
5707,1997,8450500
5707,1998,8356759
5707,1999,9055539
5707,2000,9176580
5707,2001,9232331
5707,2002,9888869
5707,2003,10334941
5707,2004,10687471
5707,2005,10579546
5707,2006,12031552
5707,2007,12592710
5707,2008,11885097
5707,2009,11646534
5707,2010,12693995
5707,2011,12333311
5707,2012,13682725
5707,2013,12544423
5707,2014,12381992
5707,2015,11732519
5707,2016,12972109
5707,2017,13347270
5707,2018,13720573
5707,2019,14635097
58,1992,520
58,1993,427
58,1994,0
58,1995,0
58,1996,0
58,1997,0
58,1998,0
58,1999,0
58,2000,0
58,2001,0
58,2002,0
58,2003,0
58,2004,260
58,2005,260
58,2006,260
58,2007,260
58,2008,260
58,2009,260
58,2010,159
58,2011,159
58,2012,139
58,2013,60
58,2014,1
58,2015,1
58,2016,130
58,2017,104
58,2018,280
58,2019,24
5801,1968,27100
5801,1969,31700
5801,1970,33900
5801,1971,31900
5801,1972,30900
5801,1973,33300
5801,1974,18600
5801,1987,0
5801,1992,40
5801,1993,10
5801,1994,10
5801,1995,237
5801,1996,637
5801,1997,1196
5801,1998,1562
5801,1999,2354
5801,2000,2393
5801,2001,2367
5801,2002,2431
5801,2003,3773
5801,2004,6938
5801,2005,6938
5801,2006,4604
5801,2007,3727
5801,2008,4865
5801,2009,5052
5801,2010,13296
5801,2011,19222
5801,2012,9821
5801,2013,8339
5801,2014,7573
5801,2015,5126
5801,2016,3794
5801,2017,4416
5801,2018,130763
5801,2019,159437
5802,1968,90000
5802,1969,84000
5802,1970,98000
5802,1971,100000
5802,1972,125000
5802,1973,136000
5802,1974,136000
5802,1975,90000
5802,1976,180000
5802,1977,123000
5802,1978,150000
5802,1979,161000
5802,1980,156000
5802,1981,156700
5802,1982,126000
5802,1983,126000
5802,1984,178000
5802,1985,174000
5802,1986,174000
5802,1987,174000
5802,1988,174000
5802,1989,154400
5802,1990,154400
5802,1991,154400
5802,1992,154400
5802,1993,193400
5802,1994,193400
5802,1995,107127
5802,1996,210127
5802,1997,210708
5802,1998,211559
5802,1999,211194
5802,2000,211154
5802,2001,211154
5802,2002,199434
5802,2003,159105
5802,2004,186606
5802,2005,161251
5802,2006,164245
5802,2007,177558
5802,2008,152980
5802,2009,107230
5802,2010,22860
5802,2011,7427
5802,2012,7053
5802,2013,5060
5802,2014,5004
5802,2015,14039
5802,2016,15603
5802,2017,18062
5802,2018,146074
5802,2019,174461
5803,1964,7500
5803,1965,3000
5803,1966,2700
5803,1968,100
5803,1969,200
5803,1970,100
5803,1971,1200
5803,1972,1300
5803,1973,500
5803,1974,1500
5803,1975,200
5803,1976,600
5803,1977,200
5803,1978,100
5803,1979,300
5803,1980,500
5803,1981,300
5803,1982,100
5803,1983,2100
5803,1984,9200
5803,1985,5600
5803,1986,14400
5803,1987,13700
5803,1988,25000
5803,1989,10100
5803,1990,12400
5803,1991,22800
5803,1992,14960
5803,1993,10156
5803,1994,25211
5803,1995,20534
5803,1996,16300
5803,1997,16300
5803,1998,351314
5803,1999,145388
5803,2000,145369
5803,2001,86905
5803,2002,87835
5803,2003,5534
5803,2004,858
5803,2005,935
5803,2006,11320
5803,2007,2790
5803,2008,3280
5803,2009,22136
5803,2010,36573
5803,2011,50330
5803,2012,101865
5803,2013,397806
5803,2014,525278
5803,2015,464146
5803,2016,769378
5803,2017,471737
5803,2018,905439
5803,2019,780171
5815,1969,5100
5815,1970,7900
5815,1971,1600
5815,1972,1600
5815,1973,100
5815,1976,700
5815,1987,0
5815,1992,434
5815,1993,1203
5815,1994,1210
5815,1995,5481
5815,1996,3767
5815,1997,4824
5815,1998,2778
5815,1999,3942
5815,2000,18841
5815,2001,27815
5815,2002,28212
5815,2003,29974
5815,2004,21411
5815,2005,22637
5815,2006,12135
5815,2007,11185
5815,2008,27737
5815,2009,10562
5815,2010,25074
5815,2011,51424
5815,2012,51249
5815,2013,89662
5815,2014,54326
5815,2015,36942
5815,2016,30395
5815,2017,23960
5815,2018,34014
5815,2019,31762
5817,1964,16400
5817,1965,14600
5817,1966,22400
5817,1967,19700
5817,1968,170200
5817,1969,176200
5817,1970,191600
5817,1971,197900
5817,1972,204600
5817,1973,216200
5817,1974,216300
5817,1975,135500
5817,1976,234700
5817,1977,172600
5817,1978,217900
5817,1979,238700
5817,1980,239300
5817,1981,228700
5817,1982,191500
5817,1983,201600
5817,1984,251800
5817,1985,244100
5817,1986,244100
5817,1987,264300
5817,1988,288400
5817,1989,246300
5817,1990,244200
5817,1991,230600
5817,1992,243189
5817,1993,273452
5817,1994,311279
5817,1995,188576
5817,1996,288747
5817,1997,323106
5817,1998,294871
5817,1999,347414
5817,2000,337853
5817,2001,284568
5817,2002,323132
5817,2003,385629
5817,2004,305192
5817,2005,278592
5817,2006,300183
5817,2007,311634
5817,2008,252584
5817,2009,225415
5817,2010,164330
5817,2011,122987
5817,2012,125928
5817,2013,36070
5817,2014,12460
5817,2015,10272
5817,2016,7939
5817,2017,7781
5817,2018,135972
5817,2019,164912
59,2009,641
59,2010,704
59,2011,402
59,2012,161
59,2013,51
59,2014,50
59,2015,83
59,2016,56
59,2017,68
59,2018,298
59,2019,379
60,2003,68
60,2004,725
60,2005,725
60,2006,725
60,2007,617
60,2008,619
60,2009,619
60,2010,619
60,2011,619
60,2012,619
60,2013,626
60,2014,43
60,2015,46
60,2016,1
60,2017,546
60,2018,546
60,2019,518
63,1992,251
63,1993,581
63,1994,11000
63,1995,6000
63,1996,0
63,1997,2000
63,1998,2700
63,1999,28
63,2000,110
63,2001,0
63,2002,0
63,2003,0
63,2004,0
63,2005,0
63,2006,51344
63,2007,126378
63,2008,125385
63,2009,133934
63,2010,132832
63,2011,143702
63,2012,146399
63,2013,138016
63,2014,173511
63,2015,173362
63,2016,193309
63,2017,184589
63,2018,181417
63,2019,186629
64,1992,0
64,1994,0
64,1995,0
64,1996,0
64,1997,0
64,1998,0
64,1999,0
64,2000,0
64,2001,0
64,2002,0
64,2003,0
64,2004,0
64,2005,0
64,2006,0
64,2007,0
64,2008,0
64,2009,0
64,2010,0
64,2011,0
64,2012,0
64,2013,0
64,2014,0
64,2015,0
64,2016,0
64,2017,0
64,2018,0
64,2019,0
66,2003,1
66,2004,1
66,2005,1
66,2006,1
66,2007,1
66,2008,1
66,2009,1
66,2010,1
66,2011,1
66,2012,1
66,2013,1
66,2014,0
66,2015,0
66,2016,0
66,2017,1
66,2018,1
66,2019,1
67,1961,159900
67,1962,150300
67,1963,172800
67,1964,174500
67,1965,149100
67,1966,130100
67,1967,117500
67,1968,2016100
67,1969,1989900
67,1970,1804600
67,1971,1280000
67,1972,1427300
67,1973,1490600
67,1974,1164800
67,1975,807400
67,1976,947456
67,1977,1043600
67,1978,1393200
67,1979,1701700
67,1980,1761200
67,1981,1520000
67,1982,1300000
67,1983,1427000
67,1984,1428000
67,1985,1415100
67,1986,1383100
67,1987,1508000
67,1988,1584000
67,1989,1559000
67,1990,1363400
67,1991,1316400
67,1992,1313186
67,1993,1455283
67,1994,1492000
67,1995,1302000
67,1996,1542000
67,1997,1753000
67,1998,1634500
67,1999,1882000
67,2000,1681266
67,2001,1699484
67,2002,2114380
67,2003,2385112
67,2004,2356764
67,2005,2037795
67,2006,2762162
67,2007,2552670
67,2008,2225842
67,2009,1457792
67,2010,2158822
67,2011,2475177
67,2012,2616072
67,2013,2931591
67,2014,2870381
67,2015,2984881
67,2016,3363720
67,2017,3498015
67,2018,3901917
67,2019,4362040
68,1961,1600
68,1962,500
68,1963,300
68,1964,6700
68,1965,4500
68,1966,1300
68,1967,4000
68,1968,158700
68,1969,149300
68,1970,171500
68,1971,111300
68,1972,146000
68,1973,247100
68,1974,171700
68,1975,78400
68,1976,163100
68,1977,157500
68,1978,168600
68,1979,191700
68,1980,171200
68,1981,152100
68,1982,167400
68,1983,217600
68,1984,246200
68,1985,311000
68,1986,343300
68,1987,403000
68,1988,429400
68,1989,363500
68,1990,379200
68,1991,405100
68,1992,423377
68,1993,417700
68,1994,446700
68,1995,405000
68,1996,359000
68,1997,454400
68,1998,459700
68,1999,394690
68,2000,383844
68,2001,449055
68,2002,490341
68,2003,456253
68,2004,527957
68,2005,495446
68,2006,556221
68,2007,632377
68,2008,549889
68,2009,366730
68,2010,525488
68,2011,628805
68,2012,470938
68,2013,404151
68,2014,467395
68,2015,522150
68,2016,517615
68,2017,494396
68,2018,413899
68,2019,453691
7,1968,27100
7,1969,31700
7,1970,33900
7,1971,31900
7,1972,30900
7,1973,33300
7,1974,18600
7,1987,0
7,1994,0
7,1995,0
7,1996,0
7,1997,255
7,1998,255
7,1999,433
7,2000,433
7,2001,433
7,2002,433
7,2003,433
7,2004,433
7,2005,433
7,2006,433
7,2007,433
7,2008,961
7,2009,961
7,2010,961
7,2011,961
7,2012,961
7,2013,961
7,2014,706
7,2015,706
7,2016,706
7,2017,706
7,2018,706
7,2019,706
72,1994,0
72,1995,0
72,1996,0
72,1997,0
72,1998,26
72,1999,26
72,2000,26
72,2001,0
72,2002,0
72,2003,0
72,2004,0
72,2005,0
72,2006,21
72,2007,21
72,2008,18
72,2009,18
72,2010,18
72,2011,18
72,2012,18
72,2013,18
72,2014,0
72,2015,0
72,2016,0
72,2017,0
72,2018,0
72,2019,0
73,1998,297
73,1999,297
73,2000,297
73,2001,297
73,2002,297
73,2003,297
73,2004,297
73,2005,297
73,2006,0
73,2007,0
73,2008,0
73,2009,0
73,2010,0
73,2011,0
73,2012,0
73,2013,0
73,2014,0
73,2015,0
73,2016,0
73,2017,0
73,2018,0
73,2019,7
74,2012,24
74,2013,50
74,2014,24
74,2015,24
74,2016,24
74,2017,24
74,2018,24
74,2019,24
75,2019,664
79,1961,100
79,1962,200
79,1963,200
79,1964,200
79,1965,100
79,1966,100
79,1967,400
79,1968,51900
79,1969,64600
79,1970,48100
79,1971,32400
79,1972,73300
79,1973,100600
79,1974,71100
79,1975,61200
79,1976,85700
79,1977,81400
79,1978,68000
79,1979,85100
79,1980,84400
79,1981,74600
79,1982,71900
79,1983,86600
79,1984,81000
79,1985,78500
79,1986,84300
79,1987,80200
79,1988,125000
79,1989,123500
79,1990,113300
79,1991,168800
79,1992,227872
79,1993,201426
79,1994,194500
79,1995,260200
79,1996,349000
79,1997,394000
79,1998,368000
79,1999,333000
79,2000,383000
79,2001,433000
79,2002,520000
79,2003,465000
79,2004,539000
79,2005,837000
79,2006,1058528
79,2007,1000000
79,2008,1056000
79,2009,1092403
79,2010,996324
79,2011,1085000
79,2012,1134000
79,2013,1161000
79,2014,1223349
79,2015,1155000
79,2016,1215000
79,2017,1235000
79,2018,1083706
79,2019,1242912
80,1992,172
80,1993,0
80,1997,24
80,1998,32
80,1999,44
80,2000,44
80,2001,44
80,2002,44
80,2003,44
80,2004,0
80,2005,0
80,2006,0
80,2007,50
80,2008,0
80,2009,0
80,2010,74
80,2011,0
80,2012,0
80,2013,0
80,2014,110
80,2015,0
80,2016,30
80,2017,1
80,2018,24
80,2019,20
81,1992,0
81,1994,0
81,1995,0
81,1996,0
81,1997,0
81,1998,0
81,1999,0
81,2000,0
81,2001,0
81,2002,0
81,2003,0
81,2004,41
81,2005,41
81,2006,41
81,2007,41
81,2008,41
81,2009,0
81,2010,0
81,2011,0
81,2012,0
81,2013,0
81,2014,0
81,2015,0
81,2016,2
81,2017,2
81,2018,2
81,2019,2
82,1992,0
82,1994,0
82,1995,0
82,1996,0
82,1997,0
82,1998,0
82,1999,0
82,2000,0
82,2001,0
82,2002,0
82,2003,0
82,2004,0
82,2005,0
82,2006,0
82,2007,0
82,2008,0
82,2009,0
82,2010,0
82,2011,0
82,2012,0
82,2013,0
82,2014,0
82,2015,0
82,2016,0
82,2017,0
82,2018,0
82,2019,0
84,1992,214
84,1993,24
84,1994,908
84,1995,902
84,1996,902
84,1997,400
84,1998,0
84,1999,3000
84,2000,1025
84,2001,1568
84,2002,1408
84,2003,4458
84,2004,6574
84,2005,4980
84,2006,989
84,2007,846
84,2008,98
84,2009,1137
84,2010,1454
84,2011,87
84,2012,12915
84,2013,7163
84,2014,3241
84,2015,3241
84,2016,3241
84,2017,3304
84,2018,3270
84,2019,3270
85,1993,0
85,1994,0
85,1995,0
85,1996,0
85,1997,0
85,1998,0
85,1999,0
85,2000,0
85,2001,0
85,2002,0
85,2003,0
85,2004,0
85,2005,0
85,2006,0
85,2007,0
85,2008,0
85,2009,0
85,2010,0
85,2011,0
85,2012,0
85,2013,0
85,2014,0
85,2015,0
85,2016,0
85,2017,0
85,2018,0
85,2019,0
89,2003,9
89,2004,108
89,2005,27
89,2006,48
89,2007,36
89,2008,518
89,2009,39
89,2010,16
89,2011,2
89,2012,2
89,2013,6
89,2014,7
89,2015,238
89,2016,3
89,2017,33
89,2018,29
89,2019,99
9,1983,38300
9,1984,45100
9,1985,81900
9,1986,66000
9,1987,66000
9,1988,73400
9,1989,52000
9,1990,114000
9,1991,114000
9,1992,101000
9,1993,151000
9,1994,151000
9,1995,158400
9,1996,189800
9,1997,198700
9,1998,198000
9,1999,197800
9,2000,240000
9,2001,245000
9,2002,258000
9,2003,254205
9,2004,290482
9,2005,212000
9,2006,212000
9,2007,201000
9,2008,178000
9,2009,249000
9,2010,229011
9,2011,204000
9,2012,164005
9,2013,196537
9,2014,184877
9,2015,168003
9,2016,175003
9,2017,214002
9,2018,196002
9,2019,156110
91,2016,1
91,2017,829
91,2018,829
91,2019,829
93,2011,113
93,2012,113
93,2013,0
93,2014,0
93,2015,0
93,2016,0
93,2017,0
93,2018,0
93,2019,0
95,1992,79
95,1993,51
95,1994,0
95,1995,0
95,1996,100
95,1997,200
95,1998,200
95,1999,400
95,2000,300
95,2001,100
95,2002,0
95,2003,0
95,2004,23
95,2005,23
95,2006,23
95,2007,23
95,2008,23
95,2009,23
95,2010,4
95,2011,5
95,2012,5
95,2013,3
95,2014,26
95,2015,0
95,2016,0
95,2017,0
95,2018,0
95,2019,0
96,1984,500
96,1985,3000
96,1986,2800
96,1987,6000
96,1988,20900
96,1989,7400
96,1990,9100
96,1991,15400
96,1992,3478
96,1993,6326
96,1994,2100
96,1995,3500
96,1996,6000
96,1997,2600
96,1998,5400
96,1999,7649
96,2000,12920
96,2001,6087
96,2002,984
96,2003,1704
96,2004,1048
96,2005,1361
96,2006,2314
96,2007,608
96,2008,388
96,2009,6470
96,2010,298
96,2011,170
96,2012,794
96,2013,3171
96,2014,467
96,2015,814
96,2016,703
96,2017,3852
96,2018,2235
96,2019,19214
97,1965,9700
97,1966,10800
97,1967,11300
97,1968,12400
97,1969,17600
97,1970,7200
97,1971,5600
97,1972,6600
97,1973,15100
97,1974,30900
97,1975,15900
97,1976,57300
97,1977,32900
97,1978,7400
97,1979,9000
97,1980,17800
97,1981,11100
97,1982,11100
97,1983,12000
97,1984,9100
97,1985,13200
97,1986,700
97,1987,100
97,1992,6012
97,1993,5597
97,1994,2700
97,1995,8600
97,1996,5400
97,1997,4000
97,1998,6800
97,1999,5900
97,2000,7600
97,2001,9000
97,2002,12000
97,2003,16000
97,2004,6000
97,2005,4
97,2006,469
97,2007,12200
97,2008,0
97,2009,15650
97,2010,12700
97,2011,20198
97,2012,22897
97,2013,23633
97,2014,33614
97,2015,28840
97,2016,18928
97,2017,19814
97,2018,14456
97,2019,14456
98,1992,33118
98,1993,35290
98,1994,33289
98,1995,36700
98,1996,36000
98,1997,36500
98,1998,37100
98,1999,40100
98,2000,37000
98,2001,38000
98,2002,43000
98,2003,40000
98,2004,43000
98,2005,43000
98,2006,43000
98,2007,47000
98,2008,45000
98,2009,46002
98,2010,43001
98,2011,37004
98,2012,29007
98,2013,39716
98,2014,32262
98,2015,31629
98,2016,34168
98,2017,41194
98,2018,40238
98,2019,40238
99,1992,151
99,1993,0
99,1994,0
99,1995,0
99,1996,0
99,1997,0
99,1998,0
99,1999,0
99,2000,0
99,2001,0
99,2002,0
99,2003,0
99,2004,0
99,2005,0
99,2006,0
99,2007,0
99,2008,0
99,2009,0
99,2010,0
99,2011,0
99,2012,0
99,2013,0
99,2014,0
99,2015,0
99,2016,0
99,2017,0
99,2018,0
99,2019,0
